user_id,condition,topic,willsmith_perc,importance,newsworthiness,rating_combined
1651266679690_pjovw,-0.5,election,1,5,5,5
1651266679690_pjovw,-0.5,johnny,1,1,1,1
1651266679690_pjovw,-0.5,willsmith,1,1,1,1
1651266713669_4rjfd,0.5,election,56,5,5,5
1651266713669_4rjfd,0.5,johnny,56,4,5,4.5
1651266713669_4rjfd,0.5,willsmith,56,2,2,2
1651266714825_dg03x,0.5,election,60,6,6,6
1651266714825_dg03x,0.5,johnny,60,1,1,1
1651266714825_dg03x,0.5,willsmith,60,1,1,1
1651266725098_l22v9,-0.5,election,2,3,3,3
1651266725098_l22v9,-0.5,johnny,2,4,4,4
1651266725098_l22v9,-0.5,willsmith,2,3,3,3
1651266737130_jhzsz,0.5,election,47,6,6,6
1651266737130_jhzsz,0.5,johnny,47,3,4,3.5
1651266737130_jhzsz,0.5,willsmith,47,1,2,1.5
1651266747983_lpbhe,-0.5,election,25,5,5,5
1651266747983_lpbhe,-0.5,johnny,25,5,6,5.5
1651266747983_lpbhe,-0.5,willsmith,25,5,5,5
1651266755262_o0h80,-0.5,election,3,6,6,6
1651266755262_o0h80,-0.5,johnny,3,2,4,3
1651266755262_o0h80,-0.5,willsmith,3,2,5,3.5
1651266762376_4sinw,-0.5,election,5,5,5,5
1651266762376_4sinw,-0.5,johnny,5,4,4,4
1651266762376_4sinw,-0.5,willsmith,5,2,4,3
1651266768224_ik0xd,0.5,election,46,4,5,4.5
1651266768224_ik0xd,0.5,johnny,46,2,2,2
1651266768224_ik0xd,0.5,willsmith,46,3,5,4
1651266783858_c23xj,-0.5,election,5,6,6,6
1651266783858_c23xj,-0.5,johnny,5,6,6,6
1651266783858_c23xj,-0.5,willsmith,5,1,4,2.5
1651266808049_88hb8,-0.5,election,2,5,5,5
1651266808049_88hb8,-0.5,johnny,2,3,4,3.5
1651266808049_88hb8,-0.5,willsmith,2,4,4,4
1651266842023_17zzj,0.5,election,70,6,5,5.5
1651266842023_17zzj,0.5,johnny,70,4,2,3
1651266842023_17zzj,0.5,willsmith,70,1,1,1
1651266848287_ub5id,0.5,election,82,5,2,3.5
1651266848287_ub5id,0.5,johnny,82,6,6,6
1651266848287_ub5id,0.5,willsmith,82,4,2,3
1651266916247_h0msc,-0.5,election,3,6,6,6
1651266916247_h0msc,-0.5,johnny,3,5,5,5
1651266916247_h0msc,-0.5,willsmith,3,5,5,5
1651267028213_uqb59,0.5,election,91,6,6,6
1651267028213_uqb59,0.5,johnny,91,5,6,5.5
1651267028213_uqb59,0.5,willsmith,91,1,3,2
1651267201427_majxz,-0.5,election,7,6,6,6
1651267201427_majxz,-0.5,johnny,7,3,3,3
1651267201427_majxz,-0.5,willsmith,7,1,2,1.5
1651268587992_r138c,0.5,election,61,6,6,6
1651268587992_r138c,0.5,johnny,61,1,1,1
1651268587992_r138c,0.5,willsmith,61,4,2,3
1651270673128_rnrdq,-0.5,election,1,6,3,4.5
1651270673128_rnrdq,-0.5,johnny,1,5,6,5.5
1651270673128_rnrdq,-0.5,willsmith,1,6,6,6
1651272124729_i5p08,-0.5,election,50,4,4,4
1651272124729_i5p08,-0.5,johnny,50,3,3,3
1651272124729_i5p08,-0.5,willsmith,50,3,3,3
1651272228702_rtkkb,-0.5,election,50,6,6,6
1651272228702_rtkkb,-0.5,johnny,50,5,5,5
1651272228702_rtkkb,-0.5,willsmith,50,5,5,5
1651511958161_zgpci,-0.5,election,0,6,2,4
1651511958161_zgpci,-0.5,johnny,0,1,6,3.5
1651511958161_zgpci,-0.5,willsmith,0,1,6,3.5
1651511960177_s5g4r,0.5,election,83,5,5,5
1651511960177_s5g4r,0.5,johnny,83,2,3,2.5
1651511960177_s5g4r,0.5,willsmith,83,2,2,2
1651511968618_5zavu,0.5,election,80,6,6,6
1651511968618_5zavu,0.5,johnny,80,1,6,3.5
1651511968618_5zavu,0.5,willsmith,80,1,6,3.5
1651511969221_hkkvq,-0.5,election,0,6,6,6
1651511969221_hkkvq,-0.5,johnny,0,4,5,4.5
1651511969221_hkkvq,-0.5,willsmith,0,4,5,4.5
1651511979974_ij4nl,-0.5,election,1,6,6,6
1651511979974_ij4nl,-0.5,johnny,1,1,3,2
1651511979974_ij4nl,-0.5,willsmith,1,3,3,3
1651511980393_aowof,0.5,election,20,4,4,4
1651511980393_aowof,0.5,johnny,20,4,4,4
1651511980393_aowof,0.5,willsmith,20,4,4,4
1651511982415_iw1ma,-0.5,election,5,5,4,4.5
1651511982415_iw1ma,-0.5,johnny,5,4,3,3.5
1651511982415_iw1ma,-0.5,willsmith,5,3,2,2.5
1651511982751_7kd2x,-0.5,election,2,6,6,6
1651511982751_7kd2x,-0.5,johnny,2,2,4,3
1651511982751_7kd2x,-0.5,willsmith,2,3,4,3.5
1651511997007_swtqi,0.5,election,50,6,4,5
1651511997007_swtqi,0.5,johnny,50,5,4,4.5
1651511997007_swtqi,0.5,willsmith,50,5,4,4.5
1651512000911_gxozu,-0.5,election,1,5,6,5.5
1651512000911_gxozu,-0.5,johnny,1,2,6,4
1651512000911_gxozu,-0.5,willsmith,1,3,6,4.5
1651512010799_gz3iy,0.5,election,25,5,5,5
1651512010799_gz3iy,0.5,johnny,25,4,5,4.5
1651512010799_gz3iy,0.5,willsmith,25,3,4,3.5
1651512012373_clt1x,-0.5,election,6,6,6,6
1651512012373_clt1x,-0.5,johnny,6,1,5,3
1651512012373_clt1x,-0.5,willsmith,6,2,4,3
1651512028644_ejbsk,-0.5,election,4,5,6,5.5
1651512028644_ejbsk,-0.5,johnny,4,6,6,6
1651512028644_ejbsk,-0.5,willsmith,4,3,3,3
1651512029046_by1m2,0.5,election,35,5,5,5
1651512029046_by1m2,0.5,johnny,35,4,4,4
1651512029046_by1m2,0.5,willsmith,35,4,4,4
1651512043027_ww1wy,-0.5,election,2,5,5,5
1651512043027_ww1wy,-0.5,johnny,2,2,4,3
1651512043027_ww1wy,-0.5,willsmith,2,3,5,4
1651512050061_al18t,0.5,election,61,4,4,4
1651512050061_al18t,0.5,johnny,61,2,2,2
1651512050061_al18t,0.5,willsmith,61,2,2,2
1651512050800_t2ugd,0.5,election,52,4,4,4
1651512050800_t2ugd,0.5,johnny,52,2,6,4
1651512050800_t2ugd,0.5,willsmith,52,2,6,4
1651512057400_8na73,0.5,election,50,5,5,5
1651512057400_8na73,0.5,johnny,50,2,2,2
1651512057400_8na73,0.5,willsmith,50,3,3,3
1651512066815_winmu,-0.5,election,7,3,3,3
1651512066815_winmu,-0.5,johnny,7,1,1,1
1651512066815_winmu,-0.5,willsmith,7,1,1,1
1651512068777_7mc27,-0.5,election,5,4,5,4.5
1651512068777_7mc27,-0.5,johnny,5,4,6,5
1651512068777_7mc27,-0.5,willsmith,5,3,6,4.5
1651512071559_wrgrn,0.5,election,55,4,4,4
1651512071559_wrgrn,0.5,johnny,55,2,3,2.5
1651512071559_wrgrn,0.5,willsmith,55,3,4,3.5
1651512078498_7on37,0.5,election,40,5,5,5
1651512078498_7on37,0.5,johnny,40,4,3,3.5
1651512078498_7on37,0.5,willsmith,40,1,1,1
1651512083181_jeopt,-0.5,election,63,6,6,6
1651512083181_jeopt,-0.5,johnny,63,6,6,6
1651512083181_jeopt,-0.5,willsmith,63,6,6,6
1651512084402_r2q3e,-0.5,election,59,4,4,4
1651512084402_r2q3e,-0.5,johnny,59,4,4,4
1651512084402_r2q3e,-0.5,willsmith,59,4,5,4.5
1651512087602_6fn20,-0.5,election,0,5,5,5
1651512087602_6fn20,-0.5,johnny,0,1,4,2.5
1651512087602_6fn20,-0.5,willsmith,0,1,4,2.5
1651512088027_c1sj3,-0.5,election,6,5,4,4.5
1651512088027_c1sj3,-0.5,johnny,6,4,4,4
1651512088027_c1sj3,-0.5,willsmith,6,2,3,2.5
1651512103820_jemgx,-0.5,election,5,5,5,5
1651512103820_jemgx,-0.5,johnny,5,4,4,4
1651512103820_jemgx,-0.5,willsmith,5,2,2,2
1651512111158_7upx7,0.5,election,79,6,6,6
1651512111158_7upx7,0.5,johnny,79,4,4,4
1651512111158_7upx7,0.5,willsmith,79,4,5,4.5
1651512117067_lgnj6,-0.5,election,1,4,5,4.5
1651512117067_lgnj6,-0.5,johnny,1,2,3,2.5
1651512117067_lgnj6,-0.5,willsmith,1,3,4,3.5
1651512137314_s2xus,0.5,election,49,5,5,5
1651512137314_s2xus,0.5,johnny,49,4,4,4
1651512137314_s2xus,0.5,willsmith,49,3,4,3.5
1651512148676_gaz9n,-0.5,election,2,6,6,6
1651512148676_gaz9n,-0.5,johnny,2,1,2,1.5
1651512148676_gaz9n,-0.5,willsmith,2,2,3,2.5
1651512151943_zlcbz,-0.5,election,1,5,5,5
1651512151943_zlcbz,-0.5,johnny,1,3,3,3
1651512151943_zlcbz,-0.5,willsmith,1,3,4,3.5
1651512175264_lyp5m,0.5,election,74,6,6,6
1651512175264_lyp5m,0.5,johnny,74,1,1,1
1651512175264_lyp5m,0.5,willsmith,74,1,1,1
1651512176395_pb1sp,-0.5,election,1,5,5,5
1651512176395_pb1sp,-0.5,johnny,1,5,5,5
1651512176395_pb1sp,-0.5,willsmith,1,1,3,2
1651512191471_3rm0p,0.5,election,40,6,6,6
1651512191471_3rm0p,0.5,johnny,40,4,5,4.5
1651512191471_3rm0p,0.5,willsmith,40,3,3,3
1651512212914_6w48o,-0.5,election,0,6,6,6
1651512212914_6w48o,-0.5,johnny,0,3,3,3
1651512212914_6w48o,-0.5,willsmith,0,3,4,3.5
1651512219317_ozn8t,-0.5,election,2,4,4,4
1651512219317_ozn8t,-0.5,johnny,2,1,1,1
1651512219317_ozn8t,-0.5,willsmith,2,1,1,1
1651512229096_8wext,-0.5,election,10,5,5,5
1651512229096_8wext,-0.5,johnny,10,3,3,3
1651512229096_8wext,-0.5,willsmith,10,3,3,3
1651512241493_ka0j7,-0.5,election,2,5,5,5
1651512241493_ka0j7,-0.5,johnny,2,4,4,4
1651512241493_ka0j7,-0.5,willsmith,2,2,3,2.5
1651512244174_nowwj,-0.5,election,0,5,5,5
1651512244174_nowwj,-0.5,johnny,0,4,5,4.5
1651512244174_nowwj,-0.5,willsmith,0,3,4,3.5
1651512269011_2ghq7,-0.5,election,2,6,4,5
1651512269011_2ghq7,-0.5,johnny,2,4,4,4
1651512269011_2ghq7,-0.5,willsmith,2,2,2,2
1651512274279_cy6rr,-0.5,election,3,6,6,6
1651512274279_cy6rr,-0.5,johnny,3,6,4,5
1651512274279_cy6rr,-0.5,willsmith,3,3,3,3
1651512274788_af3qo,0.5,election,72,5,5,5
1651512274788_af3qo,0.5,johnny,72,4,4,4
1651512274788_af3qo,0.5,willsmith,72,2,2,2
1651512275304_d53a9,-0.5,election,50,4,4,4
1651512275304_d53a9,-0.5,johnny,50,3,4,3.5
1651512275304_d53a9,-0.5,willsmith,50,3,4,3.5
1651512278642_ayogq,0.5,election,67,4,4,4
1651512278642_ayogq,0.5,johnny,67,2,4,3
1651512278642_ayogq,0.5,willsmith,67,2,2,2
1651512295564_9bub0,0.5,election,80,5,5,5
1651512295564_9bub0,0.5,johnny,80,1,2,1.5
1651512295564_9bub0,0.5,willsmith,80,1,2,1.5
1651512298903_jnbnq,-0.5,election,3,6,6,6
1651512298903_jnbnq,-0.5,johnny,3,4,4,4
1651512298903_jnbnq,-0.5,willsmith,3,5,5,5
1651512338556_gvzeu,0.5,election,75,5,4,4.5
1651512338556_gvzeu,0.5,johnny,75,5,5,5
1651512338556_gvzeu,0.5,willsmith,75,1,5,3
1651512344210_pw8q4,0.5,election,69,5,5,5
1651512344210_pw8q4,0.5,johnny,69,3,4,3.5
1651512344210_pw8q4,0.5,willsmith,69,3,3,3
1651512344620_iwjbc,-0.5,election,9,3,5,4
1651512344620_iwjbc,-0.5,johnny,9,4,5,4.5
1651512344620_iwjbc,-0.5,willsmith,9,3,4,3.5
1651512364320_o82dr,0.5,election,75,4,4,4
1651512364320_o82dr,0.5,johnny,75,1,1,1
1651512364320_o82dr,0.5,willsmith,75,1,1,1
1651512373148_4mfni,-0.5,election,1,5,6,5.5
1651512373148_4mfni,-0.5,johnny,1,1,2,1.5
1651512373148_4mfni,-0.5,willsmith,1,1,3,2
1651512403409_ebbxx,-0.5,election,1,6,6,6
1651512403409_ebbxx,-0.5,johnny,1,6,6,6
1651512403409_ebbxx,-0.5,willsmith,1,6,6,6
1651512437878_2glg1,0.5,election,76,4,4,4
1651512437878_2glg1,0.5,johnny,76,3,3,3
1651512437878_2glg1,0.5,willsmith,76,2,2,2
1651512462034_f9cy8,-0.5,election,22,4,5,4.5
1651512462034_f9cy8,-0.5,johnny,22,4,4,4
1651512462034_f9cy8,-0.5,willsmith,22,2,2,2
1651512496202_6vieg,-0.5,election,0,4,5,4.5
1651512496202_6vieg,-0.5,johnny,0,6,4,5
1651512496202_6vieg,-0.5,willsmith,0,4,4,4
1651512513661_1i84t,-0.5,election,2,6,6,6
1651512513661_1i84t,-0.5,johnny,2,3,5,4
1651512513661_1i84t,-0.5,willsmith,2,1,5,3
1651512518943_8masg,0.5,election,16,5,5,5
1651512518943_8masg,0.5,johnny,16,2,3,2.5
1651512518943_8masg,0.5,willsmith,16,1,3,2
1651512528420_4te59,0.5,election,60,6,6,6
1651512528420_4te59,0.5,johnny,60,3,3,3
1651512528420_4te59,0.5,willsmith,60,2,2,2
1651512544045_4e442,0.5,election,50,6,6,6
1651512544045_4e442,0.5,johnny,50,6,6,6
1651512544045_4e442,0.5,willsmith,50,3,3,3
1651512582016_wvtns,-0.5,election,1,5,5,5
1651512582016_wvtns,-0.5,johnny,1,1,3,2
1651512582016_wvtns,-0.5,willsmith,1,3,3,3
1651512604663_qbr11,-0.5,election,3,6,6,6
1651512604663_qbr11,-0.5,johnny,3,3,4,3.5
1651512604663_qbr11,-0.5,willsmith,3,5,6,5.5
1651512610351_g9pt3,0.5,election,90,5,4,4.5
1651512610351_g9pt3,0.5,johnny,90,5,4,4.5
1651512610351_g9pt3,0.5,willsmith,90,4,4,4
1651512616340_esi6r,0.5,election,50,4,4,4
1651512616340_esi6r,0.5,johnny,50,2,4,3
1651512616340_esi6r,0.5,willsmith,50,5,3,4
1651512630153_xyi99,0.5,election,72,5,5,5
1651512630153_xyi99,0.5,johnny,72,2,3,2.5
1651512630153_xyi99,0.5,willsmith,72,2,4,3
1651512652630_w6dvp,0.5,election,70,6,6,6
1651512652630_w6dvp,0.5,johnny,70,4,4,4
1651512652630_w6dvp,0.5,willsmith,70,3,4,3.5
1651512678897_48v6t,-0.5,election,2,5,6,5.5
1651512678897_48v6t,-0.5,johnny,2,5,5,5
1651512678897_48v6t,-0.5,willsmith,2,4,4,4
1651512739156_yvk5k,0.5,election,61,5,5,5
1651512739156_yvk5k,0.5,johnny,61,4,4,4
1651512739156_yvk5k,0.5,willsmith,61,4,4,4
1651512784284_akums,-0.5,election,1,3,3,3
1651512784284_akums,-0.5,johnny,1,1,1,1
1651512784284_akums,-0.5,willsmith,1,1,1,1
1651512788954_7gwfo,0.5,election,21,5,5,5
1651512788954_7gwfo,0.5,johnny,21,6,6,6
1651512788954_7gwfo,0.5,willsmith,21,3,2,2.5
1651512793420_62mjh,0.5,election,61,5,5,5
1651512793420_62mjh,0.5,johnny,61,2,4,3
1651512793420_62mjh,0.5,willsmith,61,4,4,4
1651512810016_6jtjn,-0.5,election,1,6,5,5.5
1651512810016_6jtjn,-0.5,johnny,1,5,4,4.5
1651512810016_6jtjn,-0.5,willsmith,1,4,4,4
1651512817244_ddx6o,-0.5,election,4,4,5,4.5
1651512817244_ddx6o,-0.5,johnny,4,4,4,4
1651512817244_ddx6o,-0.5,willsmith,4,3,2,2.5
1651512828430_k0kg5,-0.5,election,31,4,4,4
1651512828430_k0kg5,-0.5,johnny,31,3,4,3.5
1651512828430_k0kg5,-0.5,willsmith,31,3,4,3.5
1651512882260_e64xj,0.5,election,15,4,4,4
1651512882260_e64xj,0.5,johnny,15,3,4,3.5
1651512882260_e64xj,0.5,willsmith,15,3,2,2.5
1651512939809_7llqg,-0.5,election,1,4,5,4.5
1651512939809_7llqg,-0.5,johnny,1,2,4,3
1651512939809_7llqg,-0.5,willsmith,1,1,6,3.5
1651512962914_u9rdr,0.5,election,72,4,4,4
1651512962914_u9rdr,0.5,johnny,72,4,4,4
1651512962914_u9rdr,0.5,willsmith,72,2,2,2
1651512989240_wr923,0.5,election,55,4,4,4
1651512989240_wr923,0.5,johnny,55,4,5,4.5
1651512989240_wr923,0.5,willsmith,55,2,3,2.5
1651513007829_6fa87,0.5,election,55,4,5,4.5
1651513007829_6fa87,0.5,johnny,55,3,3,3
1651513007829_6fa87,0.5,willsmith,55,3,3,3
1651513021890_37wbc,-0.5,election,10,4,5,4.5
1651513021890_37wbc,-0.5,johnny,10,3,5,4
1651513021890_37wbc,-0.5,willsmith,10,2,4,3
1651513024140_sfv15,-0.5,election,2,4,4,4
1651513024140_sfv15,-0.5,johnny,2,2,4,3
1651513024140_sfv15,-0.5,willsmith,2,2,4,3
1651513112228_czo2c,-0.5,election,1,6,6,6
1651513112228_czo2c,-0.5,johnny,1,2,2,2
1651513112228_czo2c,-0.5,willsmith,1,1,4,2.5
1651513161188_vuhoo,0.5,election,30,5,5,5
1651513161188_vuhoo,0.5,johnny,30,3,6,4.5
1651513161188_vuhoo,0.5,willsmith,30,3,6,4.5
1651513254516_4967d,-0.5,election,21,6,5,5.5
1651513254516_4967d,-0.5,johnny,21,6,6,6
1651513254516_4967d,-0.5,willsmith,21,5,5,5
1651513290668_mmdxf,-0.5,election,1,6,6,6
1651513290668_mmdxf,-0.5,johnny,1,3,3,3
1651513290668_mmdxf,-0.5,willsmith,1,2,2,2
1651513291786_pluau,-0.5,election,1,6,6,6
1651513291786_pluau,-0.5,johnny,1,4,4,4
1651513291786_pluau,-0.5,willsmith,1,5,5,5
1651513340158_wmf0b,-0.5,election,80,3,5,4
1651513340158_wmf0b,-0.5,johnny,80,5,4,4.5
1651513340158_wmf0b,-0.5,willsmith,80,6,5,5.5
1651513368012_gr1k0,-0.5,election,50,5,5,5
1651513368012_gr1k0,-0.5,johnny,50,1,4,2.5
1651513368012_gr1k0,-0.5,willsmith,50,1,1,1
1651513392782_ris5q,-0.5,election,1,6,6,6
1651513392782_ris5q,-0.5,johnny,1,1,1,1
1651513392782_ris5q,-0.5,willsmith,1,1,1,1
1651513459439_z4rw9,-0.5,election,2,5,4,4.5
1651513459439_z4rw9,-0.5,johnny,2,4,4,4
1651513459439_z4rw9,-0.5,willsmith,2,3,2,2.5
1651513535779_l0w53,0.5,election,73,6,6,6
1651513535779_l0w53,0.5,johnny,73,1,3,2
1651513535779_l0w53,0.5,willsmith,73,4,5,4.5
1651513578795_bupzr,-0.5,election,0,6,6,6
1651513578795_bupzr,-0.5,johnny,0,5,4,4.5
1651513578795_bupzr,-0.5,willsmith,0,1,2,1.5
1651513608408_ebqa6,-0.5,election,0,6,6,6
1651513608408_ebqa6,-0.5,johnny,0,6,6,6
1651513608408_ebqa6,-0.5,willsmith,0,3,3,3
1651513720305_eikzj,-0.5,election,4,6,5,5.5
1651513720305_eikzj,-0.5,johnny,4,4,4,4
1651513720305_eikzj,-0.5,willsmith,4,4,4,4
1651513743247_wi0kd,-0.5,election,1,4,6,5
1651513743247_wi0kd,-0.5,johnny,1,3,6,4.5
1651513743247_wi0kd,-0.5,willsmith,1,2,4,3
1651513823351_xgflk,-0.5,election,0,6,6,6
1651513823351_xgflk,-0.5,johnny,0,5,6,5.5
1651513823351_xgflk,-0.5,willsmith,0,1,5,3
1651513878517_j35xh,-0.5,election,2,5,2,3.5
1651513878517_j35xh,-0.5,johnny,2,1,1,1
1651513878517_j35xh,-0.5,willsmith,2,1,1,1
1651513954558_tgdsh,-0.5,election,1,5,5,5
1651513954558_tgdsh,-0.5,johnny,1,1,1,1
1651513954558_tgdsh,-0.5,willsmith,1,2,2,2
1651513972179_ysurr,-0.5,election,9,6,5,5.5
1651513972179_ysurr,-0.5,johnny,9,3,3,3
1651513972179_ysurr,-0.5,willsmith,9,3,2,2.5
1651514054855_gb8zr,-0.5,election,50,4,5,4.5
1651514054855_gb8zr,-0.5,johnny,50,4,4,4
1651514054855_gb8zr,-0.5,willsmith,50,3,5,4
1651514062829_fjrfi,0.5,election,67,4,4,4
1651514062829_fjrfi,0.5,johnny,67,3,3,3
1651514062829_fjrfi,0.5,willsmith,67,2,2,2
1651514178175_qqrm8,0.5,election,40,6,5,5.5
1651514178175_qqrm8,0.5,johnny,40,4,5,4.5
1651514178175_qqrm8,0.5,willsmith,40,3,4,3.5
1651514190929_7ix74,0.5,election,80,4,4,4
1651514190929_7ix74,0.5,johnny,80,1,1,1
1651514190929_7ix74,0.5,willsmith,80,1,1,1
1651514212604_62dey,0.5,election,65,5,4,4.5
1651514212604_62dey,0.5,johnny,65,1,1,1
1651514212604_62dey,0.5,willsmith,65,1,1,1
1651514226335_9p77g,-0.5,election,1,6,6,6
1651514226335_9p77g,-0.5,johnny,1,2,2,2
1651514226335_9p77g,-0.5,willsmith,1,3,4,3.5
1651514325885_llc1n,-0.5,election,3,5,5,5
1651514325885_llc1n,-0.5,johnny,3,1,1,1
1651514325885_llc1n,-0.5,willsmith,3,1,1,1
1651514486295_cu46h,-0.5,election,2,4,5,4.5
1651514486295_cu46h,-0.5,johnny,2,2,2,2
1651514486295_cu46h,-0.5,willsmith,2,2,2,2
1651514506977_sv77q,-0.5,election,9,5,5,5
1651514506977_sv77q,-0.5,johnny,9,6,6,6
1651514506977_sv77q,-0.5,willsmith,9,4,6,5
1651514519541_2wlk7,-0.5,election,52,6,6,6
1651514519541_2wlk7,-0.5,johnny,52,1,4,2.5
1651514519541_2wlk7,-0.5,willsmith,52,4,5,4.5
1651514535787_kpdg2,-0.5,election,9,4,4,4
1651514535787_kpdg2,-0.5,johnny,9,4,4,4
1651514535787_kpdg2,-0.5,willsmith,9,2,3,2.5
1651514553957_0xky7,-0.5,election,83,5,5,5
1651514553957_0xky7,-0.5,johnny,83,5,5,5
1651514553957_0xky7,-0.5,willsmith,83,3,3,3
1651514557934_7zuaj,0.5,election,50,1,4,2.5
1651514557934_7zuaj,0.5,johnny,50,1,1,1
1651514557934_7zuaj,0.5,willsmith,50,1,1,1
1651514594885_2np1m,-0.5,election,1,6,6,6
1651514594885_2np1m,-0.5,johnny,1,3,4,3.5
1651514594885_2np1m,-0.5,willsmith,1,4,4,4
1651514596232_g1ewc,-0.5,election,5,3,3,3
1651514596232_g1ewc,-0.5,johnny,5,4,4,4
1651514596232_g1ewc,-0.5,willsmith,5,4,4,4
1651514642655_rp1pf,-0.5,election,1,6,6,6
1651514642655_rp1pf,-0.5,johnny,1,1,2,1.5
1651514642655_rp1pf,-0.5,willsmith,1,1,2,1.5
1651514663349_m7cxm,0.5,election,50,5,6,5.5
1651514663349_m7cxm,0.5,johnny,50,5,4,4.5
1651514663349_m7cxm,0.5,willsmith,50,6,5,5.5
1651514709552_6lgs7,-0.5,election,1,4,4,4
1651514709552_6lgs7,-0.5,johnny,1,1,1,1
1651514709552_6lgs7,-0.5,willsmith,1,1,1,1
1651514759213_wglhu,-0.5,election,4,6,5,5.5
1651514759213_wglhu,-0.5,johnny,4,4,4,4
1651514759213_wglhu,-0.5,willsmith,4,2,4,3
1651514799965_904o3,0.5,election,60,5,5,5
1651514799965_904o3,0.5,johnny,60,4,5,4.5
1651514799965_904o3,0.5,willsmith,60,4,5,4.5
1651514807147_1kzmo,0.5,election,56,6,6,6
1651514807147_1kzmo,0.5,johnny,56,2,2,2
1651514807147_1kzmo,0.5,willsmith,56,1,1,1
1651514809347_kypdk,-0.5,election,2,5,5,5
1651514809347_kypdk,-0.5,johnny,2,4,5,4.5
1651514809347_kypdk,-0.5,willsmith,2,4,5,4.5
1651514812905_f8ppq,-0.5,election,5,5,4,4.5
1651514812905_f8ppq,-0.5,johnny,5,2,4,3
1651514812905_f8ppq,-0.5,willsmith,5,4,5,4.5
1651514817135_14t2y,0.5,election,74,6,6,6
1651514817135_14t2y,0.5,johnny,74,1,1,1
1651514817135_14t2y,0.5,willsmith,74,2,2,2
1651514881369_krreo,-0.5,election,7,6,6,6
1651514881369_krreo,-0.5,johnny,7,3,4,3.5
1651514881369_krreo,-0.5,willsmith,7,2,5,3.5
1651514922836_zrlxp,-0.5,election,50,4,4,4
1651514922836_zrlxp,-0.5,johnny,50,1,3,2
1651514922836_zrlxp,-0.5,willsmith,50,1,3,2
1651515022981_lg0r5,0.5,election,75,4,4,4
1651515022981_lg0r5,0.5,johnny,75,4,3,3.5
1651515022981_lg0r5,0.5,willsmith,75,5,6,5.5
1651515023100_yj00q,-0.5,election,13,4,4,4
1651515023100_yj00q,-0.5,johnny,13,3,3,3
1651515023100_yj00q,-0.5,willsmith,13,2,2,2
1651515026260_d03kx,0.5,election,74,4,4,4
1651515026260_d03kx,0.5,johnny,74,3,3,3
1651515026260_d03kx,0.5,willsmith,74,4,3,3.5
1651515064683_c80dt,-0.5,election,0,5,4,4.5
1651515064683_c80dt,-0.5,johnny,0,5,5,5
1651515064683_c80dt,-0.5,willsmith,0,4,4,4
1651515082559_gyp0k,-0.5,election,1,5,6,5.5
1651515082559_gyp0k,-0.5,johnny,1,3,3,3
1651515082559_gyp0k,-0.5,willsmith,1,2,4,3
1651515115377_q08es,-0.5,election,1,6,6,6
1651515115377_q08es,-0.5,johnny,1,6,5,5.5
1651515115377_q08es,-0.5,willsmith,1,4,4,4
1651515186249_qv9qz,-0.5,election,4,6,4,5
1651515186249_qv9qz,-0.5,johnny,4,1,2,1.5
1651515186249_qv9qz,-0.5,willsmith,4,1,2,1.5
1651515194751_g1hnv,0.5,election,59,5,6,5.5
1651515194751_g1hnv,0.5,johnny,59,4,5,4.5
1651515194751_g1hnv,0.5,willsmith,59,2,5,3.5
1651515273141_vw489,-0.5,election,5,6,6,6
1651515273141_vw489,-0.5,johnny,5,2,4,3
1651515273141_vw489,-0.5,willsmith,5,1,3,2
1651515427313_n4b9c,-0.5,election,1,6,6,6
1651515427313_n4b9c,-0.5,johnny,1,2,1,1.5
1651515427313_n4b9c,-0.5,willsmith,1,2,1,1.5
1651515537189_xqdtz,-0.5,election,2,5,5,5
1651515537189_xqdtz,-0.5,johnny,2,2,2,2
1651515537189_xqdtz,-0.5,willsmith,2,1,2,1.5
1651515621208_dwe6f,0.5,election,67,6,6,6
1651515621208_dwe6f,0.5,johnny,67,4,4,4
1651515621208_dwe6f,0.5,willsmith,67,4,2,3
1651515664292_9o5a6,-0.5,election,0,4,4,4
1651515664292_9o5a6,-0.5,johnny,0,2,2,2
1651515664292_9o5a6,-0.5,willsmith,0,4,4,4
1651515686021_xrs8d,0.5,election,70,6,5,5.5
1651515686021_xrs8d,0.5,johnny,70,1,2,1.5
1651515686021_xrs8d,0.5,willsmith,70,1,2,1.5
1651515770376_we68g,-0.5,election,3,5,5,5
1651515770376_we68g,-0.5,johnny,3,4,4,4
1651515770376_we68g,-0.5,willsmith,3,3,3,3
1651515795602_wbbtl,0.5,election,75,5,5,5
1651515795602_wbbtl,0.5,johnny,75,3,4,3.5
1651515795602_wbbtl,0.5,willsmith,75,1,1,1
1651515896730_kuhzv,0.5,election,55,6,5,5.5
1651515896730_kuhzv,0.5,johnny,55,3,3,3
1651515896730_kuhzv,0.5,willsmith,55,3,5,4
1651515931442_qhdet,0.5,election,70,5,5,5
1651515931442_qhdet,0.5,johnny,70,4,4,4
1651515931442_qhdet,0.5,willsmith,70,1,4,2.5
1651515968438_zb9dk,-0.5,election,2,6,6,6
1651515968438_zb9dk,-0.5,johnny,2,4,3,3.5
1651515968438_zb9dk,-0.5,willsmith,2,4,3,3.5
1651515972671_4lgpe,-0.5,election,50,6,6,6
1651515972671_4lgpe,-0.5,johnny,50,3,3,3
1651515972671_4lgpe,-0.5,willsmith,50,3,3,3
1651516037213_zbkfz,-0.5,election,1,5,5,5
1651516037213_zbkfz,-0.5,johnny,1,3,3,3
1651516037213_zbkfz,-0.5,willsmith,1,3,4,3.5
1651516151086_edrqk,0.5,election,70,6,5,5.5
1651516151086_edrqk,0.5,johnny,70,3,4,3.5
1651516151086_edrqk,0.5,willsmith,70,1,1,1
1651516161125_wegpj,0.5,election,77,6,6,6
1651516161125_wegpj,0.5,johnny,77,2,4,3
1651516161125_wegpj,0.5,willsmith,77,1,4,2.5
1651516271759_yxipc,-0.5,election,1,6,6,6
1651516271759_yxipc,-0.5,johnny,1,4,4,4
1651516271759_yxipc,-0.5,willsmith,1,4,4,4
1651516311168_j0cds,0.5,election,70,5,5,5
1651516311168_j0cds,0.5,johnny,70,4,2,3
1651516311168_j0cds,0.5,willsmith,70,1,1,1
1651516372331_10zyi,-0.5,election,1,4,4,4
1651516372331_10zyi,-0.5,johnny,1,2,2,2
1651516372331_10zyi,-0.5,willsmith,1,3,3,3
1651516377466_6w0gv,0.5,election,83,4,4,4
1651516377466_6w0gv,0.5,johnny,83,4,4,4
1651516377466_6w0gv,0.5,willsmith,83,1,1,1
1651516406012_hvo4p,0.5,election,90,6,5,5.5
1651516406012_hvo4p,0.5,johnny,90,1,4,2.5
1651516406012_hvo4p,0.5,willsmith,90,1,6,3.5
1651516433032_ald52,0.5,election,63,5,5,5
1651516433032_ald52,0.5,johnny,63,4,4,4
1651516433032_ald52,0.5,willsmith,63,4,4,4
1651516514529_hwyn3,-0.5,election,1,6,6,6
1651516514529_hwyn3,-0.5,johnny,1,4,4,4
1651516514529_hwyn3,-0.5,willsmith,1,4,4,4
1651516521193_luydz,0.5,election,50,6,6,6
1651516521193_luydz,0.5,johnny,50,4,5,4.5
1651516521193_luydz,0.5,willsmith,50,3,3,3
1651516526455_irvms,-0.5,election,50,6,6,6
1651516526455_irvms,-0.5,johnny,50,3,3,3
1651516526455_irvms,-0.5,willsmith,50,2,2,2
1651516574898_yq3in,-0.5,election,3,4,5,4.5
1651516574898_yq3in,-0.5,johnny,3,3,3,3
1651516574898_yq3in,-0.5,willsmith,3,1,1,1
1651516592189_e7rpr,0.5,election,26,5,6,5.5
1651516592189_e7rpr,0.5,johnny,26,2,2,2
1651516592189_e7rpr,0.5,willsmith,26,2,2,2
1651516628698_kurys,-0.5,election,1,5,5,5
1651516628698_kurys,-0.5,johnny,1,3,3,3
1651516628698_kurys,-0.5,willsmith,1,2,2,2
1651516639872_syj1a,-0.5,election,2,5,5,5
1651516639872_syj1a,-0.5,johnny,2,3,2,2.5
1651516639872_syj1a,-0.5,willsmith,2,1,1,1
1651516685244_2pe0s,-0.5,election,25,5,5,5
1651516685244_2pe0s,-0.5,johnny,25,2,2,2
1651516685244_2pe0s,-0.5,willsmith,25,4,4,4
1651516703860_ko5uo,0.5,election,41,6,6,6
1651516703860_ko5uo,0.5,johnny,41,4,4,4
1651516703860_ko5uo,0.5,willsmith,41,2,2,2
1651516768539_z10se,0.5,election,69,5,5,5
1651516768539_z10se,0.5,johnny,69,3,4,3.5
1651516768539_z10se,0.5,willsmith,69,3,6,4.5
1651516832778_clrl9,-0.5,election,4,4,4,4
1651516832778_clrl9,-0.5,johnny,4,3,2,2.5
1651516832778_clrl9,-0.5,willsmith,4,4,3,3.5
1651516872092_h8xwm,-0.5,election,2,4,6,5
1651516872092_h8xwm,-0.5,johnny,2,5,4,4.5
1651516872092_h8xwm,-0.5,willsmith,2,1,4,2.5
1651516890490_bc880,-0.5,election,2,4,4,4
1651516890490_bc880,-0.5,johnny,2,3,3,3
1651516890490_bc880,-0.5,willsmith,2,3,3,3
1651517132533_mki1z,0.5,election,40,5,5,5
1651517132533_mki1z,0.5,johnny,40,4,5,4.5
1651517132533_mki1z,0.5,willsmith,40,2,1,1.5
1651517197816_b2b13,-0.5,election,2,6,6,6
1651517197816_b2b13,-0.5,johnny,2,1,2,1.5
1651517197816_b2b13,-0.5,willsmith,2,3,3,3
1651517215017_uvr1p,-0.5,election,2,5,5,5
1651517215017_uvr1p,-0.5,johnny,2,1,1,1
1651517215017_uvr1p,-0.5,willsmith,2,1,1,1
1651517225436_o2lfe,-0.5,election,2,5,5,5
1651517225436_o2lfe,-0.5,johnny,2,2,2,2
1651517225436_o2lfe,-0.5,willsmith,2,2,2,2
1651517242714_inl6x,0.5,election,80,6,3,4.5
1651517242714_inl6x,0.5,johnny,80,1,1,1
1651517242714_inl6x,0.5,willsmith,80,1,1,1
1651517261222_tgwy5,-0.5,election,1,5,4,4.5
1651517261222_tgwy5,-0.5,johnny,1,2,3,2.5
1651517261222_tgwy5,-0.5,willsmith,1,2,3,2.5
1651517364116_ibo2d,-0.5,election,7,5,5,5
1651517364116_ibo2d,-0.5,johnny,7,4,3,3.5
1651517364116_ibo2d,-0.5,willsmith,7,3,5,4
1651517379865_q9y9q,0.5,election,100,4,2,3
1651517379865_q9y9q,0.5,johnny,100,6,5,5.5
1651517379865_q9y9q,0.5,willsmith,100,6,5,5.5
1651517422421_ck8xy,0.5,election,87,1,1,1
1651517422421_ck8xy,0.5,johnny,87,1,1,1
1651517422421_ck8xy,0.5,willsmith,87,1,1,1
1651517485434_l4jog,0.5,election,60,5,5,5
1651517485434_l4jog,0.5,johnny,60,4,5,4.5
1651517485434_l4jog,0.5,willsmith,60,1,1,1
1651517588699_agw30,-0.5,election,1,5,5,5
1651517588699_agw30,-0.5,johnny,1,2,3,2.5
1651517588699_agw30,-0.5,willsmith,1,1,2,1.5
1651517593216_6cig0,-0.5,election,7,5,6,5.5
1651517593216_6cig0,-0.5,johnny,7,4,5,4.5
1651517593216_6cig0,-0.5,willsmith,7,4,4,4
1651517607021_2omtu,0.5,election,50,5,5,5
1651517607021_2omtu,0.5,johnny,50,3,3,3
1651517607021_2omtu,0.5,willsmith,50,2,2,2
1651517665976_0vfdb,0.5,election,55,5,5,5
1651517665976_0vfdb,0.5,johnny,55,1,1,1
1651517665976_0vfdb,0.5,willsmith,55,2,2,2
1651517803366_gme5v,0.5,election,14,5,4,4.5
1651517803366_gme5v,0.5,johnny,14,2,2,2
1651517803366_gme5v,0.5,willsmith,14,2,4,3
1651517811734_rnzzz,0.5,election,50,4,4,4
1651517811734_rnzzz,0.5,johnny,50,4,2,3
1651517811734_rnzzz,0.5,willsmith,50,1,1,1
1651517898896_1clxt,-0.5,election,20,6,6,6
1651517898896_1clxt,-0.5,johnny,20,5,4,4.5
1651517898896_1clxt,-0.5,willsmith,20,2,4,3
1651518042330_6ux86,0.5,election,66,6,6,6
1651518042330_6ux86,0.5,johnny,66,3,3,3
1651518042330_6ux86,0.5,willsmith,66,2,2,2
1651518068190_ab38q,-0.5,election,15,5,5,5
1651518068190_ab38q,-0.5,johnny,15,4,6,5
1651518068190_ab38q,-0.5,willsmith,15,3,6,4.5
1651518176483_ak47t,0.5,election,75,4,4,4
1651518176483_ak47t,0.5,johnny,75,1,1,1
1651518176483_ak47t,0.5,willsmith,75,1,1,1
1651518179504_fli91,-0.5,election,5,4,4,4
1651518179504_fli91,-0.5,johnny,5,1,1,1
1651518179504_fli91,-0.5,willsmith,5,1,1,1
1651518187576_hn3bp,0.5,election,53,4,5,4.5
1651518187576_hn3bp,0.5,johnny,53,2,3,2.5
1651518187576_hn3bp,0.5,willsmith,53,1,2,1.5
1651518314447_shamr,-0.5,election,1,5,5,5
1651518314447_shamr,-0.5,johnny,1,5,4,4.5
1651518314447_shamr,-0.5,willsmith,1,2,2,2
1651518335394_m6rwo,-0.5,election,2,6,6,6
1651518335394_m6rwo,-0.5,johnny,2,1,1,1
1651518335394_m6rwo,-0.5,willsmith,2,1,1,1
1651518402652_hicqv,-0.5,election,6,4,4,4
1651518402652_hicqv,-0.5,johnny,6,3,5,4
1651518402652_hicqv,-0.5,willsmith,6,2,4,3
1651518469169_qfcxx,-0.5,election,1,6,6,6
1651518469169_qfcxx,-0.5,johnny,1,3,2,2.5
1651518469169_qfcxx,-0.5,willsmith,1,2,2,2
1651518523303_i3i11,-0.5,election,6,5,5,5
1651518523303_i3i11,-0.5,johnny,6,3,3,3
1651518523303_i3i11,-0.5,willsmith,6,4,5,4.5
1651518529360_tnilh,-0.5,election,50,6,6,6
1651518529360_tnilh,-0.5,johnny,50,5,5,5
1651518529360_tnilh,-0.5,willsmith,50,6,6,6
1651518561151_y56pq,0.5,election,10,5,4,4.5
1651518561151_y56pq,0.5,johnny,10,5,6,5.5
1651518561151_y56pq,0.5,willsmith,10,4,6,5
1651518626766_e58ju,0.5,election,50,5,5,5
1651518626766_e58ju,0.5,johnny,50,4,4,4
1651518626766_e58ju,0.5,willsmith,50,3,3,3
1651518686031_2mmsy,0.5,election,43,5,5,5
1651518686031_2mmsy,0.5,johnny,43,3,3,3
1651518686031_2mmsy,0.5,willsmith,43,1,1,1
1651518829911_st00p,0.5,election,35,5,3,4
1651518829911_st00p,0.5,johnny,35,2,2,2
1651518829911_st00p,0.5,willsmith,35,2,2,2
1651518850379_ecq32,-0.5,election,50,6,6,6
1651518850379_ecq32,-0.5,johnny,50,1,1,1
1651518850379_ecq32,-0.5,willsmith,50,3,3,3
1651518865454_50mjm,-0.5,election,2,4,4,4
1651518865454_50mjm,-0.5,johnny,2,4,6,5
1651518865454_50mjm,-0.5,willsmith,2,1,6,3.5
1651518879057_f3x9p,-0.5,election,0,5,5,5
1651518879057_f3x9p,-0.5,johnny,0,4,5,4.5
1651518879057_f3x9p,-0.5,willsmith,0,3,6,4.5
1651519028219_jcbr0,0.5,election,65,6,6,6
1651519028219_jcbr0,0.5,johnny,65,6,6,6
1651519028219_jcbr0,0.5,willsmith,65,3,6,4.5
1651519056026_d7ntl,0.5,election,50,4,4,4
1651519056026_d7ntl,0.5,johnny,50,5,5,5
1651519056026_d7ntl,0.5,willsmith,50,6,6,6
1651519059957_oh0ck,0.5,election,30,5,5,5
1651519059957_oh0ck,0.5,johnny,30,2,4,3
1651519059957_oh0ck,0.5,willsmith,30,2,3,2.5
1651519131148_jm8ib,0.5,election,52,5,6,5.5
1651519131148_jm8ib,0.5,johnny,52,6,1,3.5
1651519131148_jm8ib,0.5,willsmith,52,2,4,3
1651519136128_lku4q,-0.5,election,32,4,4,4
1651519136128_lku4q,-0.5,johnny,32,5,4,4.5
1651519136128_lku4q,-0.5,willsmith,32,4,4,4
1651519227702_7nmx1,0.5,election,72,1,1,1
1651519227702_7nmx1,0.5,johnny,72,1,1,1
1651519227702_7nmx1,0.5,willsmith,72,1,1,1
1651519241011_dg7ud,-0.5,election,14,6,6,6
1651519241011_dg7ud,-0.5,johnny,14,3,6,4.5
1651519241011_dg7ud,-0.5,willsmith,14,2,6,4
1651519527499_8qd0h,0.5,election,85,5,4,4.5
1651519527499_8qd0h,0.5,johnny,85,4,5,4.5
1651519527499_8qd0h,0.5,willsmith,85,3,4,3.5
1651519539406_ax82x,0.5,election,70,5,5,5
1651519539406_ax82x,0.5,johnny,70,3,4,3.5
1651519539406_ax82x,0.5,willsmith,70,2,5,3.5
1651519626014_z3357,-0.5,election,1,4,4,4
1651519626014_z3357,-0.5,johnny,1,1,1,1
1651519626014_z3357,-0.5,willsmith,1,1,2,1.5
1651519745337_dgdsn,-0.5,election,8,4,5,4.5
1651519745337_dgdsn,-0.5,johnny,8,4,4,4
1651519745337_dgdsn,-0.5,willsmith,8,3,4,3.5
1651519835119_6h6fu,0.5,election,0,6,6,6
1651519835119_6h6fu,0.5,johnny,0,1,1,1
1651519835119_6h6fu,0.5,willsmith,0,1,1,1
1651519875583_2gs8m,0.5,election,36,4,4,4
1651519875583_2gs8m,0.5,johnny,36,3,4,3.5
1651519875583_2gs8m,0.5,willsmith,36,3,4,3.5
1651520067958_k1ars,0.5,election,50,5,6,5.5
1651520067958_k1ars,0.5,johnny,50,4,4,4
1651520067958_k1ars,0.5,willsmith,50,3,4,3.5
1651520133184_qpoo2,-0.5,election,16,4,5,4.5
1651520133184_qpoo2,-0.5,johnny,16,3,4,3.5
1651520133184_qpoo2,-0.5,willsmith,16,4,6,5
1651520354987_s1bwd,-0.5,election,1,6,6,6
1651520354987_s1bwd,-0.5,johnny,1,1,4,2.5
1651520354987_s1bwd,-0.5,willsmith,1,1,2,1.5
1651520377814_elrsj,-0.5,election,1,6,6,6
1651520377814_elrsj,-0.5,johnny,1,4,5,4.5
1651520377814_elrsj,-0.5,willsmith,1,1,1,1
1651520381061_xjnre,0.5,election,62,5,4,4.5
1651520381061_xjnre,0.5,johnny,62,2,5,3.5
1651520381061_xjnre,0.5,willsmith,62,3,5,4
1651520382842_cqou9,0.5,election,80,6,6,6
1651520382842_cqou9,0.5,johnny,80,2,4,3
1651520382842_cqou9,0.5,willsmith,80,2,4,3
1651520404370_r3ry3,-0.5,election,4,6,4,5
1651520404370_r3ry3,-0.5,johnny,4,4,5,4.5
1651520404370_r3ry3,-0.5,willsmith,4,4,5,4.5
1651520498211_kntlr,0.5,election,33,5,5,5
1651520498211_kntlr,0.5,johnny,33,2,1,1.5
1651520498211_kntlr,0.5,willsmith,33,2,1,1.5
1651524728847_e333h,0.5,election,75,5,5,5
1651524728847_e333h,0.5,johnny,75,4,4,4
1651524728847_e333h,0.5,willsmith,75,2,4,3
1651548215563_2s9q8,0.5,election,50,6,6,6
1651548215563_2s9q8,0.5,johnny,50,1,1,1
1651548215563_2s9q8,0.5,willsmith,50,1,1,1
1651548250022_59h1p,0.5,election,40,5,5,5
1651548250022_59h1p,0.5,johnny,40,2,2,2
1651548250022_59h1p,0.5,willsmith,40,2,2,2
1651548294828_hmd9z,-0.5,election,3,4,4,4
1651548294828_hmd9z,-0.5,johnny,3,5,5,5
1651548294828_hmd9z,-0.5,willsmith,3,3,5,4
1651548410287_y5nrr,-0.5,election,1,4,4,4
1651548410287_y5nrr,-0.5,johnny,1,1,2,1.5
1651548410287_y5nrr,-0.5,willsmith,1,1,3,2
1651548412403_dkekd,-0.5,election,9,5,5,5
1651548412403_dkekd,-0.5,johnny,9,1,2,1.5
1651548412403_dkekd,-0.5,willsmith,9,1,2,1.5
1651548542812_m4swe,0.5,election,76,3,4,3.5
1651548542812_m4swe,0.5,johnny,76,5,6,5.5
1651548542812_m4swe,0.5,willsmith,76,4,5,4.5
1651548552815_db3vy,0.5,election,60,4,4,4
1651548552815_db3vy,0.5,johnny,60,2,4,3
1651548552815_db3vy,0.5,willsmith,60,4,5,4.5
1651548594072_alys0,-0.5,election,3,3,4,3.5
1651548594072_alys0,-0.5,johnny,3,5,5,5
1651548594072_alys0,-0.5,willsmith,3,2,3,2.5
1651548729452_fekte,0.5,election,61,5,2,3.5
1651548729452_fekte,0.5,johnny,61,2,3,2.5
1651548729452_fekte,0.5,willsmith,61,2,4,3
1651549152196_gvsdy,0.5,election,42,6,6,6
1651549152196_gvsdy,0.5,johnny,42,2,2,2
1651549152196_gvsdy,0.5,willsmith,42,1,1,1
1651549267543_ooccz,0.5,election,75,5,5,5
1651549267543_ooccz,0.5,johnny,75,5,5,5
1651549267543_ooccz,0.5,willsmith,75,2,3,2.5
1651549382841_p0pcy,0.5,election,69,5,5,5
1651549382841_p0pcy,0.5,johnny,69,5,6,5.5
1651549382841_p0pcy,0.5,willsmith,69,1,3,2
1651549465124_sj2fu,-0.5,election,1,6,6,6
1651549465124_sj2fu,-0.5,johnny,1,1,2,1.5
1651549465124_sj2fu,-0.5,willsmith,1,1,2,1.5
1651549594375_ig5xi,-0.5,election,50,4,5,4.5
1651549594375_ig5xi,-0.5,johnny,50,3,2,2.5
1651549594375_ig5xi,-0.5,willsmith,50,2,4,3
1651549942089_334yi,-0.5,election,2,4,5,4.5
1651549942089_334yi,-0.5,johnny,2,4,6,5
1651549942089_334yi,-0.5,willsmith,2,1,6,3.5
1651550053725_zu29t,-0.5,election,22,6,6,6
1651550053725_zu29t,-0.5,johnny,22,5,5,5
1651550053725_zu29t,-0.5,willsmith,22,4,5,4.5
1651550259993_7q652,-0.5,election,4,4,4,4
1651550259993_7q652,-0.5,johnny,4,3,4,3.5
1651550259993_7q652,-0.5,willsmith,4,3,3,3
1651550321161_h4cil,-0.5,election,25,4,4,4
1651550321161_h4cil,-0.5,johnny,25,4,4,4
1651550321161_h4cil,-0.5,willsmith,25,3,4,3.5
1651550422004_2c5j8,0.5,election,50,4,4,4
1651550422004_2c5j8,0.5,johnny,50,3,3,3
1651550422004_2c5j8,0.5,willsmith,50,3,3,3
1651550672980_z7kv4,0.5,election,40,6,4,5
1651550672980_z7kv4,0.5,johnny,40,3,5,4
1651550672980_z7kv4,0.5,willsmith,40,3,6,4.5
1651550691706_cfaod,-0.5,election,1,5,5,5
1651550691706_cfaod,-0.5,johnny,1,2,3,2.5
1651550691706_cfaod,-0.5,willsmith,1,6,6,6
1651550711001_2u3tt,0.5,election,40,5,5,5
1651550711001_2u3tt,0.5,johnny,40,3,4,3.5
1651550711001_2u3tt,0.5,willsmith,40,3,3,3
1651550755641_4d3ht,-0.5,election,2,4,4,4
1651550755641_4d3ht,-0.5,johnny,2,1,1,1
1651550755641_4d3ht,-0.5,willsmith,2,4,3,3.5
1651551305090_ok2e2,0.5,election,68,4,4,4
1651551305090_ok2e2,0.5,johnny,68,4,4,4
1651551305090_ok2e2,0.5,willsmith,68,1,3,2
1651551361534_b6v99,-0.5,election,6,6,6,6
1651551361534_b6v99,-0.5,johnny,6,2,2,2
1651551361534_b6v99,-0.5,willsmith,6,2,4,3
1651551598628_fckur,0.5,election,40,6,6,6
1651551598628_fckur,0.5,johnny,40,5,4,4.5
1651551598628_fckur,0.5,willsmith,40,4,4,4
1651551617507_tmlpb,-0.5,election,1,6,5,5.5
1651551617507_tmlpb,-0.5,johnny,1,4,6,5
1651551617507_tmlpb,-0.5,willsmith,1,3,6,4.5
1651551693891_cmfx1,0.5,election,70,6,6,6
1651551693891_cmfx1,0.5,johnny,70,2,4,3
1651551693891_cmfx1,0.5,willsmith,70,2,4,3
1651551774743_abpty,-0.5,election,1,4,5,4.5
1651551774743_abpty,-0.5,johnny,1,4,4,4
1651551774743_abpty,-0.5,willsmith,1,5,5,5
1651552515674_l4fci,0.5,election,90,5,4,4.5
1651552515674_l4fci,0.5,johnny,90,5,6,5.5
1651552515674_l4fci,0.5,willsmith,90,4,5,4.5
1651552578814_d1ei0,0.5,election,50,4,3,3.5
1651552578814_d1ei0,0.5,johnny,50,3,4,3.5
1651552578814_d1ei0,0.5,willsmith,50,5,4,4.5
1651552851680_erp0k,-0.5,election,3,5,5,5
1651552851680_erp0k,-0.5,johnny,3,1,2,1.5
1651552851680_erp0k,-0.5,willsmith,3,1,2,1.5
1651553260651_vwxvn,0.5,election,78,5,5,5
1651553260651_vwxvn,0.5,johnny,78,4,4,4
1651553260651_vwxvn,0.5,willsmith,78,4,4,4
1651553752006_gpjcx,0.5,election,86,5,5,5
1651553752006_gpjcx,0.5,johnny,86,2,2,2
1651553752006_gpjcx,0.5,willsmith,86,2,2,2
1651554164633_oru7w,-0.5,election,1,4,5,4.5
1651554164633_oru7w,-0.5,johnny,1,2,2,2
1651554164633_oru7w,-0.5,willsmith,1,2,4,3
1651554950442_ilpxy,-0.5,election,10,4,4,4
1651554950442_ilpxy,-0.5,johnny,10,4,4,4
1651554950442_ilpxy,-0.5,willsmith,10,1,3,2
1651554987512_0w1c3,-0.5,election,1,5,5,5
1651554987512_0w1c3,-0.5,johnny,1,5,5,5
1651554987512_0w1c3,-0.5,willsmith,1,2,4,3
1651555338215_zhd7c,-0.5,election,2,2,2,2
1651555338215_zhd7c,-0.5,johnny,2,2,2,2
1651555338215_zhd7c,-0.5,willsmith,2,2,3,2.5
1651555591811_2z063,-0.5,election,2,6,6,6
1651555591811_2z063,-0.5,johnny,2,3,4,3.5
1651555591811_2z063,-0.5,willsmith,2,4,5,4.5
1651555703201_dacvu,-0.5,election,0,4,4,4
1651555703201_dacvu,-0.5,johnny,0,4,4,4
1651555703201_dacvu,-0.5,willsmith,0,2,2,2
1651556233608_f1ll2,-0.5,election,2,4,4,4
1651556233608_f1ll2,-0.5,johnny,2,3,4,3.5
1651556233608_f1ll2,-0.5,willsmith,2,2,4,3
1651556468784_01b9a,0.5,election,50,5,5,5
1651556468784_01b9a,0.5,johnny,50,4,4,4
1651556468784_01b9a,0.5,willsmith,50,2,2,2
1651558804676_xjl9o,-0.5,election,0,6,6,6
1651558804676_xjl9o,-0.5,johnny,0,2,2,2
1651558804676_xjl9o,-0.5,willsmith,0,2,2,2
1651560033647_kn9np,-0.5,election,50,6,6,6
1651560033647_kn9np,-0.5,johnny,50,1,1,1
1651560033647_kn9np,-0.5,willsmith,50,1,1,1
1651560493508_u6cf6,-0.5,election,8,5,6,5.5
1651560493508_u6cf6,-0.5,johnny,8,1,5,3
1651560493508_u6cf6,-0.5,willsmith,8,2,5,3.5
1651561294366_1l0ie,0.5,election,93,6,6,6
1651561294366_1l0ie,0.5,johnny,93,6,6,6
1651561294366_1l0ie,0.5,willsmith,93,4,4,4
1651561675024_3zfhu,-0.5,election,100,6,6,6
1651561675024_3zfhu,-0.5,johnny,100,1,1,1
1651561675024_3zfhu,-0.5,willsmith,100,1,1,1
1651562516037_py141,-0.5,election,0,5,5,5
1651562516037_py141,-0.5,johnny,0,6,6,6
1651562516037_py141,-0.5,willsmith,0,3,2,2.5
1651562547051_f6c5q,-0.5,election,50,5,6,5.5
1651562547051_f6c5q,-0.5,johnny,50,1,1,1
1651562547051_f6c5q,-0.5,willsmith,50,1,5,3
1651562581460_wdyst,0.5,election,31,4,4,4
1651562581460_wdyst,0.5,johnny,31,2,2,2
1651562581460_wdyst,0.5,willsmith,31,2,2,2
1651563324932_25agn,0.5,election,71,6,6,6
1651563324932_25agn,0.5,johnny,71,1,6,3.5
1651563324932_25agn,0.5,willsmith,71,3,4,3.5
1651564591668_opc68,-0.5,election,0,4,4,4
1651564591668_opc68,-0.5,johnny,0,3,2,2.5
1651564591668_opc68,-0.5,willsmith,0,2,2,2
1651565058999_hipve,0.5,election,85,1,6,3.5
1651565058999_hipve,0.5,johnny,85,5,5,5
1651565058999_hipve,0.5,willsmith,85,1,5,3
1651565601549_cnbf3,0.5,election,21,5,4,4.5
1651565601549_cnbf3,0.5,johnny,21,2,2,2
1651565601549_cnbf3,0.5,willsmith,21,2,2,2
1651567054472_rie32,0.5,election,61,5,5,5
1651567054472_rie32,0.5,johnny,61,3,4,3.5
1651567054472_rie32,0.5,willsmith,61,2,3,2.5
1651567154970_1mjxo,-0.5,election,1,4,4,4
1651567154970_1mjxo,-0.5,johnny,1,5,6,5.5
1651567154970_1mjxo,-0.5,willsmith,1,3,5,4
1651568357068_a9g6x,-0.5,election,6,5,5,5
1651568357068_a9g6x,-0.5,johnny,6,3,4,3.5
1651568357068_a9g6x,-0.5,willsmith,6,2,4,3
1651569372376_74fx3,-0.5,election,3,4,4,4
1651569372376_74fx3,-0.5,johnny,3,4,5,4.5
1651569372376_74fx3,-0.5,willsmith,3,2,4,3
1651569382777_eqkto,0.5,election,45,6,5,5.5
1651569382777_eqkto,0.5,johnny,45,4,5,4.5
1651569382777_eqkto,0.5,willsmith,45,3,3,3
1651572821920_5d83b,0.5,election,20,6,5,5.5
1651572821920_5d83b,0.5,johnny,20,3,4,3.5
1651572821920_5d83b,0.5,willsmith,20,1,4,2.5
1651572917842_n3h7p,-0.5,election,13,4,4,4
1651572917842_n3h7p,-0.5,johnny,13,3,3,3
1651572917842_n3h7p,-0.5,willsmith,13,2,2,2
1651572926853_ts396,-0.5,election,4,5,5,5
1651572926853_ts396,-0.5,johnny,4,5,4,4.5
1651572926853_ts396,-0.5,willsmith,4,3,2,2.5
1651573259741_xeqx2,0.5,election,75,5,5,5
1651573259741_xeqx2,0.5,johnny,75,2,3,2.5
1651573259741_xeqx2,0.5,willsmith,75,1,2,1.5
1651573697111_6zxqs,0.5,election,51,5,5,5
1651573697111_6zxqs,0.5,johnny,51,4,3,3.5
1651573697111_6zxqs,0.5,willsmith,51,2,4,3
1651574309397_x9r9h,-0.5,election,4,6,6,6
1651574309397_x9r9h,-0.5,johnny,4,1,1,1
1651574309397_x9r9h,-0.5,willsmith,4,1,1,1
1651575379150_kjx59,-0.5,election,2,5,5,5
1651575379150_kjx59,-0.5,johnny,2,1,1,1
1651575379150_kjx59,-0.5,willsmith,2,1,1,1
1651575421872_5c540,-0.5,election,1,5,5,5
1651575421872_5c540,-0.5,johnny,1,2,3,2.5
1651575421872_5c540,-0.5,willsmith,1,2,2,2
1651577010206_zxt8q,0.5,election,70,5,5,5
1651577010206_zxt8q,0.5,johnny,70,2,2,2
1651577010206_zxt8q,0.5,willsmith,70,2,4,3
1651577025607_apddc,0.5,election,82,4,4,4
1651577025607_apddc,0.5,johnny,82,2,1,1.5
1651577025607_apddc,0.5,willsmith,82,1,3,2
1651577095864_q44d9,-0.5,election,3,5,5,5
1651577095864_q44d9,-0.5,johnny,3,3,3,3
1651577095864_q44d9,-0.5,willsmith,3,3,3,3
1651577483555_z2ykl,0.5,election,55,6,6,6
1651577483555_z2ykl,0.5,johnny,55,4,4,4
1651577483555_z2ykl,0.5,willsmith,55,2,3,2.5
1651577683059_9nd7k,-0.5,election,3,5,5,5
1651577683059_9nd7k,-0.5,johnny,3,3,5,4
1651577683059_9nd7k,-0.5,willsmith,3,3,6,4.5
1651578013153_jzo8t,-0.5,election,2,2,2,2
1651578013153_jzo8t,-0.5,johnny,2,2,2,2
1651578013153_jzo8t,-0.5,willsmith,2,2,2,2
1651578081219_bvgv3,0.5,election,85,5,5,5
1651578081219_bvgv3,0.5,johnny,85,3,3,3
1651578081219_bvgv3,0.5,willsmith,85,3,3,3
1651578200716_cssz4,-0.5,election,5,6,6,6
1651578200716_cssz4,-0.5,johnny,5,2,2,2
1651578200716_cssz4,-0.5,willsmith,5,4,6,5
1651579604246_w8z2m,-0.5,election,2,4,4,4
1651579604246_w8z2m,-0.5,johnny,2,2,2,2
1651579604246_w8z2m,-0.5,willsmith,2,3,3,3
1651579676265_t405t,-0.5,election,1,5,5,5
1651579676265_t405t,-0.5,johnny,1,4,4,4
1651579676265_t405t,-0.5,willsmith,1,2,3,2.5
1651579777141_cfley,-0.5,election,4,2,2,2
1651579777141_cfley,-0.5,johnny,4,2,2,2
1651579777141_cfley,-0.5,willsmith,4,5,5,5
1651579898838_llv9n,-0.5,election,8,4,4,4
1651579898838_llv9n,-0.5,johnny,8,4,5,4.5
1651579898838_llv9n,-0.5,willsmith,8,3,6,4.5
1651579930778_rug9p,-0.5,election,3,5,5,5
1651579930778_rug9p,-0.5,johnny,3,2,4,3
1651579930778_rug9p,-0.5,willsmith,3,2,2,2
1651580224061_0odqa,0.5,election,51,1,1,1
1651580224061_0odqa,0.5,johnny,51,1,1,1
1651580224061_0odqa,0.5,willsmith,51,1,1,1
1651580500643_5pyu3,0.5,election,35,5,5,5
1651580500643_5pyu3,0.5,johnny,35,2,2,2
1651580500643_5pyu3,0.5,willsmith,35,3,4,3.5
1651580515551_fq6ji,0.5,election,34,6,6,6
1651580515551_fq6ji,0.5,johnny,34,6,6,6
1651580515551_fq6ji,0.5,willsmith,34,6,6,6
1651580919145_awqmx,0.5,election,77,5,5,5
1651580919145_awqmx,0.5,johnny,77,5,5,5
1651580919145_awqmx,0.5,willsmith,77,3,3,3
1651580981039_lojm6,-0.5,election,1,4,5,4.5
1651580981039_lojm6,-0.5,johnny,1,3,3,3
1651580981039_lojm6,-0.5,willsmith,1,3,5,4
1651581037473_ea45j,0.5,election,45,4,4,4
1651581037473_ea45j,0.5,johnny,45,3,2,2.5
1651581037473_ea45j,0.5,willsmith,45,3,2,2.5
1651581098284_4wpxk,0.5,election,32,4,4,4
1651581098284_4wpxk,0.5,johnny,32,3,4,3.5
1651581098284_4wpxk,0.5,willsmith,32,2,4,3
1651581258141_xze8f,0.5,election,81,6,6,6
1651581258141_xze8f,0.5,johnny,81,5,5,5
1651581258141_xze8f,0.5,willsmith,81,4,5,4.5
1651581618566_pg5p7,-0.5,election,10,6,6,6
1651581618566_pg5p7,-0.5,johnny,10,6,6,6
1651581618566_pg5p7,-0.5,willsmith,10,6,6,6
1651581674604_pweli,-0.5,election,45,4,4,4
1651581674604_pweli,-0.5,johnny,45,2,2,2
1651581674604_pweli,-0.5,willsmith,45,4,4,4
1651581838551_sxqp1,0.5,election,70,6,6,6
1651581838551_sxqp1,0.5,johnny,70,2,2,2
1651581838551_sxqp1,0.5,willsmith,70,1,1,1
1651581862538_zj98v,-0.5,election,33,6,6,6
1651581862538_zj98v,-0.5,johnny,33,4,4,4
1651581862538_zj98v,-0.5,willsmith,33,4,4,4
1651581894721_4cm9a,0.5,election,59,6,6,6
1651581894721_4cm9a,0.5,johnny,59,6,6,6
1651581894721_4cm9a,0.5,willsmith,59,2,1,1.5
1651581924365_44547,0.5,election,60,5,5,5
1651581924365_44547,0.5,johnny,60,6,6,6
1651581924365_44547,0.5,willsmith,60,5,5,5
1651582133000_vl5f9,-0.5,election,3,4,4,4
1651582133000_vl5f9,-0.5,johnny,3,1,2,1.5
1651582133000_vl5f9,-0.5,willsmith,3,2,4,3
1651582260494_o1q6j,0.5,election,79,5,5,5
1651582260494_o1q6j,0.5,johnny,79,1,3,2
1651582260494_o1q6j,0.5,willsmith,79,1,1,1
1651582304075_x2h4z,-0.5,election,50,5,3,4
1651582304075_x2h4z,-0.5,johnny,50,4,2,3
1651582304075_x2h4z,-0.5,willsmith,50,2,2,2
1651582475373_s3g8d,-0.5,election,50,5,5,5
1651582475373_s3g8d,-0.5,johnny,50,2,3,2.5
1651582475373_s3g8d,-0.5,willsmith,50,3,4,3.5
1651582628578_jxnbw,0.5,election,70,4,4,4
1651582628578_jxnbw,0.5,johnny,70,4,4,4
1651582628578_jxnbw,0.5,willsmith,70,1,2,1.5
1651582638613_i5x9x,0.5,election,75,4,4,4
1651582638613_i5x9x,0.5,johnny,75,5,5,5
1651582638613_i5x9x,0.5,willsmith,75,3,4,3.5
1651582665724_v7dle,0.5,election,76,6,6,6
1651582665724_v7dle,0.5,johnny,76,1,1,1
1651582665724_v7dle,0.5,willsmith,76,1,1,1
1651582906227_9qszh,-0.5,election,6,5,4,4.5
1651582906227_9qszh,-0.5,johnny,6,1,2,1.5
1651582906227_9qszh,-0.5,willsmith,6,2,2,2
1651582919591_195dt,-0.5,election,1,3,3,3
1651582919591_195dt,-0.5,johnny,1,1,1,1
1651582919591_195dt,-0.5,willsmith,1,4,4,4
1651583270600_kqy6e,-0.5,election,3,4,3,3.5
1651583270600_kqy6e,-0.5,johnny,3,2,2,2
1651583270600_kqy6e,-0.5,willsmith,3,1,1,1
1651583366060_ty517,-0.5,election,2,6,6,6
1651583366060_ty517,-0.5,johnny,2,4,4,4
1651583366060_ty517,-0.5,willsmith,2,2,2,2
1651583542487_adcpc,-0.5,election,5,4,4,4
1651583542487_adcpc,-0.5,johnny,5,2,2,2
1651583542487_adcpc,-0.5,willsmith,5,4,5,4.5
1651583804703_6kmks,-0.5,election,1,1,1,1
1651583804703_6kmks,-0.5,johnny,1,4,4,4
1651583804703_6kmks,-0.5,willsmith,1,4,4,4
1651583841450_3dzj4,0.5,election,75,6,6,6
1651583841450_3dzj4,0.5,johnny,75,4,4,4
1651583841450_3dzj4,0.5,willsmith,75,4,4,4
1651584113875_n8kly,0.5,election,60,5,5,5
1651584113875_n8kly,0.5,johnny,60,2,4,3
1651584113875_n8kly,0.5,willsmith,60,1,4,2.5
1651584225136_hgb8p,-0.5,election,20,4,2,3
1651584225136_hgb8p,-0.5,johnny,20,2,2,2
1651584225136_hgb8p,-0.5,willsmith,20,2,2,2
1651584499003_46ugn,-0.5,election,3,5,5,5
1651584499003_46ugn,-0.5,johnny,3,3,4,3.5
1651584499003_46ugn,-0.5,willsmith,3,3,3,3
1651584540100_7x52k,-0.5,election,7,4,4,4
1651584540100_7x52k,-0.5,johnny,7,4,4,4
1651584540100_7x52k,-0.5,willsmith,7,3,3,3
1651584637690_s0nxh,0.5,election,75,4,4,4
1651584637690_s0nxh,0.5,johnny,75,3,4,3.5
1651584637690_s0nxh,0.5,willsmith,75,3,4,3.5
1651584789553_n4aqo,-0.5,election,5,4,3,3.5
1651584789553_n4aqo,-0.5,johnny,5,2,2,2
1651584789553_n4aqo,-0.5,willsmith,5,3,3,3
1651584819165_nhm6f,-0.5,election,2,4,6,5
1651584819165_nhm6f,-0.5,johnny,2,1,2,1.5
1651584819165_nhm6f,-0.5,willsmith,2,1,6,3.5
1651584877369_pu3rd,0.5,election,53,5,5,5
1651584877369_pu3rd,0.5,johnny,53,4,4,4
1651584877369_pu3rd,0.5,willsmith,53,1,2,1.5
1651584964504_7pkab,0.5,election,75,5,5,5
1651584964504_7pkab,0.5,johnny,75,1,1,1
1651584964504_7pkab,0.5,willsmith,75,2,2,2
1651585327181_re5op,0.5,election,64,4,4,4
1651585327181_re5op,0.5,johnny,64,1,1,1
1651585327181_re5op,0.5,willsmith,64,1,1,1
1651585382778_x579e,0.5,election,63,5,5,5
1651585382778_x579e,0.5,johnny,63,2,2,2
1651585382778_x579e,0.5,willsmith,63,2,2,2
1651585499505_7sqbs,-0.5,election,2,2,2,2
1651585499505_7sqbs,-0.5,johnny,2,1,1,1
1651585499505_7sqbs,-0.5,willsmith,2,2,2,2
1651585501820_5ptkf,0.5,election,70,5,5,5
1651585501820_5ptkf,0.5,johnny,70,2,3,2.5
1651585501820_5ptkf,0.5,willsmith,70,4,3,3.5
1651585601083_lqere,-0.5,election,1,4,4,4
1651585601083_lqere,-0.5,johnny,1,2,2,2
1651585601083_lqere,-0.5,willsmith,1,1,1,1
1651585919372_6gudg,-0.5,election,23,6,5,5.5
1651585919372_6gudg,-0.5,johnny,23,4,4,4
1651585919372_6gudg,-0.5,willsmith,23,3,3,3
1651585928646_mkmsf,0.5,election,40,6,6,6
1651585928646_mkmsf,0.5,johnny,40,1,1,1
1651585928646_mkmsf,0.5,willsmith,40,1,1,1
1651586102794_dlprr,-0.5,election,1,4,4,4
1651586102794_dlprr,-0.5,johnny,1,3,4,3.5
1651586102794_dlprr,-0.5,willsmith,1,3,3,3
1651586151849_yjrda,0.5,election,70,4,5,4.5
1651586151849_yjrda,0.5,johnny,70,2,1,1.5
1651586151849_yjrda,0.5,willsmith,70,1,2,1.5
1651586160033_az3x1,-0.5,election,50,4,5,4.5
1651586160033_az3x1,-0.5,johnny,50,3,4,3.5
1651586160033_az3x1,-0.5,willsmith,50,4,4,4
1651586282281_yyhtm,-0.5,election,2,4,5,4.5
1651586282281_yyhtm,-0.5,johnny,2,3,4,3.5
1651586282281_yyhtm,-0.5,willsmith,2,1,2,1.5
1651586556766_2ah8y,0.5,election,60,4,4,4
1651586556766_2ah8y,0.5,johnny,60,2,2,2
1651586556766_2ah8y,0.5,willsmith,60,2,2,2
1651586566670_no341,0.5,election,53,5,6,5.5
1651586566670_no341,0.5,johnny,53,3,6,4.5
1651586566670_no341,0.5,willsmith,53,4,6,5
1651586569833_r7pba,-0.5,election,12,3,3,3
1651586569833_r7pba,-0.5,johnny,12,3,3,3
1651586569833_r7pba,-0.5,willsmith,12,3,3,3
1651586694212_h8l60,0.5,election,73,6,6,6
1651586694212_h8l60,0.5,johnny,73,3,3,3
1651586694212_h8l60,0.5,willsmith,73,1,1,1
1651586906511_xoizf,0.5,election,64,5,5,5
1651586906511_xoizf,0.5,johnny,64,6,6,6
1651586906511_xoizf,0.5,willsmith,64,1,3,2
1651586937990_n8lyy,0.5,election,83,6,6,6
1651586937990_n8lyy,0.5,johnny,83,4,4,4
1651586937990_n8lyy,0.5,willsmith,83,2,4,3
1651586973549_tsm2w,0.5,election,75,5,5,5
1651586973549_tsm2w,0.5,johnny,75,4,4,4
1651586973549_tsm2w,0.5,willsmith,75,2,2,2
1651587043511_d9497,0.5,election,91,6,6,6
1651587043511_d9497,0.5,johnny,91,3,3,3
1651587043511_d9497,0.5,willsmith,91,1,1,1
1651587411364_1djin,0.5,election,85,6,6,6
1651587411364_1djin,0.5,johnny,85,6,6,6
1651587411364_1djin,0.5,willsmith,85,4,4,4
1651587592865_la7ii,-0.5,election,0,4,5,4.5
1651587592865_la7ii,-0.5,johnny,0,4,4,4
1651587592865_la7ii,-0.5,willsmith,0,2,2,2
1651587610846_6vmre,-0.5,election,2,5,4,4.5
1651587610846_6vmre,-0.5,johnny,2,2,4,3
1651587610846_6vmre,-0.5,willsmith,2,2,4,3
1651587778203_ddh0i,-0.5,election,1,4,5,4.5
1651587778203_ddh0i,-0.5,johnny,1,1,4,2.5
1651587778203_ddh0i,-0.5,willsmith,1,1,3,2
1651588199123_btafb,-0.5,election,1,5,5,5
1651588199123_btafb,-0.5,johnny,1,4,3,3.5
1651588199123_btafb,-0.5,willsmith,1,4,4,4
1651588317901_dmnld,0.5,election,65,6,6,6
1651588317901_dmnld,0.5,johnny,65,4,3,3.5
1651588317901_dmnld,0.5,willsmith,65,2,5,3.5
1651588317963_dxolh,-0.5,election,3,6,5,5.5
1651588317963_dxolh,-0.5,johnny,3,1,2,1.5
1651588317963_dxolh,-0.5,willsmith,3,3,4,3.5
1651588483214_v489l,-0.5,election,22,5,5,5
1651588483214_v489l,-0.5,johnny,22,2,3,2.5
1651588483214_v489l,-0.5,willsmith,22,3,4,3.5
1651588523210_u9zca,-0.5,election,1,5,5,5
1651588523210_u9zca,-0.5,johnny,1,4,3,3.5
1651588523210_u9zca,-0.5,willsmith,1,1,1,1
1651588551027_zmwa7,-0.5,election,1,4,3,3.5
1651588551027_zmwa7,-0.5,johnny,1,1,1,1
1651588551027_zmwa7,-0.5,willsmith,1,5,6,5.5
1651588560519_hr4zg,0.5,election,65,4,4,4
1651588560519_hr4zg,0.5,johnny,65,1,1,1
1651588560519_hr4zg,0.5,willsmith,65,1,1,1
1651588804565_dpby6,0.5,election,79,5,5,5
1651588804565_dpby6,0.5,johnny,79,3,4,3.5
1651588804565_dpby6,0.5,willsmith,79,1,2,1.5
1651588912879_y8y5e,0.5,election,70,5,5,5
1651588912879_y8y5e,0.5,johnny,70,3,2,2.5
1651588912879_y8y5e,0.5,willsmith,70,2,4,3
1651588942134_nyhwn,0.5,election,75,5,5,5
1651588942134_nyhwn,0.5,johnny,75,5,5,5
1651588942134_nyhwn,0.5,willsmith,75,1,1,1
1651588947071_3xa5k,0.5,election,80,6,6,6
1651588947071_3xa5k,0.5,johnny,80,1,1,1
1651588947071_3xa5k,0.5,willsmith,80,1,1,1
1651589166813_i9jtw,-0.5,election,1,4,4,4
1651589166813_i9jtw,-0.5,johnny,1,2,4,3
1651589166813_i9jtw,-0.5,willsmith,1,3,4,3.5
1651589275423_o3xhh,-0.5,election,17,4,5,4.5
1651589275423_o3xhh,-0.5,johnny,17,5,3,4
1651589275423_o3xhh,-0.5,willsmith,17,2,2,2
1651589422648_eko8t,0.5,election,70,6,5,5.5
1651589422648_eko8t,0.5,johnny,70,4,4,4
1651589422648_eko8t,0.5,willsmith,70,4,5,4.5
1651589812934_nx04g,-0.5,election,3,6,5,5.5
1651589812934_nx04g,-0.5,johnny,3,4,5,4.5
1651589812934_nx04g,-0.5,willsmith,3,3,3,3
1651589828960_ryaop,-0.5,election,2,4,4,4
1651589828960_ryaop,-0.5,johnny,2,4,4,4
1651589828960_ryaop,-0.5,willsmith,2,1,1,1
1651590205337_sf7sz,-0.5,election,50,4,5,4.5
1651590205337_sf7sz,-0.5,johnny,50,4,5,4.5
1651590205337_sf7sz,-0.5,willsmith,50,3,3,3
1651590347445_d0tfn,-0.5,election,2,6,4,5
1651590347445_d0tfn,-0.5,johnny,2,1,4,2.5
1651590347445_d0tfn,-0.5,willsmith,2,1,1,1
1651590443614_4wpld,-0.5,election,90,5,5,5
1651590443614_4wpld,-0.5,johnny,90,5,5,5
1651590443614_4wpld,-0.5,willsmith,90,6,6,6
1651590456919_jgmse,0.5,election,74,5,4,4.5
1651590456919_jgmse,0.5,johnny,74,4,4,4
1651590456919_jgmse,0.5,willsmith,74,2,2,2
1651590564054_e98vi,0.5,election,55,5,3,4
1651590564054_e98vi,0.5,johnny,55,3,4,3.5
1651590564054_e98vi,0.5,willsmith,55,3,3,3
1651590609640_ahwl6,0.5,election,40,6,6,6
1651590609640_ahwl6,0.5,johnny,40,4,3,3.5
1651590609640_ahwl6,0.5,willsmith,40,2,2,2
1651590828764_kc8vc,-0.5,election,25,5,5,5
1651590828764_kc8vc,-0.5,johnny,25,6,6,6
1651590828764_kc8vc,-0.5,willsmith,25,4,5,4.5
1651591185468_mme6m,0.5,election,61,5,5,5
1651591185468_mme6m,0.5,johnny,61,3,3,3
1651591185468_mme6m,0.5,willsmith,61,1,1,1
1651591207189_e8mls,0.5,election,40,6,5,5.5
1651591207189_e8mls,0.5,johnny,40,5,4,4.5
1651591207189_e8mls,0.5,willsmith,40,3,2,2.5
1651591232753_ta30d,-0.5,election,3,4,4,4
1651591232753_ta30d,-0.5,johnny,3,3,3,3
1651591232753_ta30d,-0.5,willsmith,3,1,1,1
1651591416136_d34c7,0.5,election,23,5,6,5.5
1651591416136_d34c7,0.5,johnny,23,6,6,6
1651591416136_d34c7,0.5,willsmith,23,1,1,1
1651591615124_2lgi2,0.5,election,70,6,6,6
1651591615124_2lgi2,0.5,johnny,70,4,2,3
1651591615124_2lgi2,0.5,willsmith,70,5,5,5
1651591775457_6fdr1,0.5,election,41,6,6,6
1651591775457_6fdr1,0.5,johnny,41,4,4,4
1651591775457_6fdr1,0.5,willsmith,41,2,2,2
1651591943765_4jbg4,-0.5,election,35,4,4,4
1651591943765_4jbg4,-0.5,johnny,35,4,4,4
1651591943765_4jbg4,-0.5,willsmith,35,3,3,3
1651591977668_qsmor,-0.5,election,1,5,5,5
1651591977668_qsmor,-0.5,johnny,1,3,4,3.5
1651591977668_qsmor,-0.5,willsmith,1,1,1,1
1651592152067_6qtiz,-0.5,election,3,5,6,5.5
1651592152067_6qtiz,-0.5,johnny,3,3,2,2.5
1651592152067_6qtiz,-0.5,willsmith,3,3,2,2.5
1651592204369_k1eig,-0.5,election,1,3,3,3
1651592204369_k1eig,-0.5,johnny,1,1,1,1
1651592204369_k1eig,-0.5,willsmith,1,1,1,1
1651592220413_zrvqm,0.5,election,60,6,6,6
1651592220413_zrvqm,0.5,johnny,60,4,3,3.5
1651592220413_zrvqm,0.5,willsmith,60,3,3,3
1651592325039_qzenm,-0.5,election,3,6,6,6
1651592325039_qzenm,-0.5,johnny,3,6,6,6
1651592325039_qzenm,-0.5,willsmith,3,6,6,6
1651592445217_vwbqy,-0.5,election,1,4,5,4.5
1651592445217_vwbqy,-0.5,johnny,1,4,6,5
1651592445217_vwbqy,-0.5,willsmith,1,2,6,4
1651592452625_16k0n,0.5,election,40,6,5,5.5
1651592452625_16k0n,0.5,johnny,40,2,3,2.5
1651592452625_16k0n,0.5,willsmith,40,2,3,2.5
1651592611180_vcopf,-0.5,election,50,4,4,4
1651592611180_vcopf,-0.5,johnny,50,1,1,1
1651592611180_vcopf,-0.5,willsmith,50,4,4,4
1651592613824_4ocgv,0.5,election,50,6,6,6
1651592613824_4ocgv,0.5,johnny,50,1,1,1
1651592613824_4ocgv,0.5,willsmith,50,1,1,1
1651592882383_c6xsg,0.5,election,70,5,5,5
1651592882383_c6xsg,0.5,johnny,70,3,3,3
1651592882383_c6xsg,0.5,willsmith,70,4,4,4
1651593035557_wmst6,0.5,election,76,6,6,6
1651593035557_wmst6,0.5,johnny,76,2,2,2
1651593035557_wmst6,0.5,willsmith,76,5,5,5
1651593380783_0w9ic,-0.5,election,50,5,5,5
1651593380783_0w9ic,-0.5,johnny,50,5,5,5
1651593380783_0w9ic,-0.5,willsmith,50,5,5,5
1651593390232_lokqh,0.5,election,73,4,4,4
1651593390232_lokqh,0.5,johnny,73,3,3,3
1651593390232_lokqh,0.5,willsmith,73,2,2,2
1651593661738_s1gy5,0.5,election,50,4,4,4
1651593661738_s1gy5,0.5,johnny,50,2,2,2
1651593661738_s1gy5,0.5,willsmith,50,1,1,1
1651593867110_9710p,-0.5,election,5,4,4,4
1651593867110_9710p,-0.5,johnny,5,3,4,3.5
1651593867110_9710p,-0.5,willsmith,5,2,2,2
1651593931527_mjdq4,0.5,election,40,6,6,6
1651593931527_mjdq4,0.5,johnny,40,2,3,2.5
1651593931527_mjdq4,0.5,willsmith,40,2,3,2.5
1651594072881_nwwrk,-0.5,election,50,4,4,4
1651594072881_nwwrk,-0.5,johnny,50,1,3,2
1651594072881_nwwrk,-0.5,willsmith,50,3,4,3.5
1651594397075_pa2j5,0.5,election,50,1,1,1
1651594397075_pa2j5,0.5,johnny,50,1,1,1
1651594397075_pa2j5,0.5,willsmith,50,1,1,1
1651594592285_lc60b,0.5,election,71,5,5,5
1651594592285_lc60b,0.5,johnny,71,4,4,4
1651594592285_lc60b,0.5,willsmith,71,3,4,3.5
1651594956056_mxzpb,-0.5,election,9,6,6,6
1651594956056_mxzpb,-0.5,johnny,9,3,6,4.5
1651594956056_mxzpb,-0.5,willsmith,9,2,5,3.5
1651595159958_5hfo4,-0.5,election,2,6,6,6
1651595159958_5hfo4,-0.5,johnny,2,3,4,3.5
1651595159958_5hfo4,-0.5,willsmith,2,2,4,3
1651595211431_9gfhs,0.5,election,50,5,5,5
1651595211431_9gfhs,0.5,johnny,50,2,2,2
1651595211431_9gfhs,0.5,willsmith,50,2,3,2.5
1651595236734_ud0li,-0.5,election,3,4,4,4
1651595236734_ud0li,-0.5,johnny,3,1,3,2
1651595236734_ud0li,-0.5,willsmith,3,1,3,2
1651595598728_6ucya,0.5,election,50,6,6,6
1651595598728_6ucya,0.5,johnny,50,4,4,4
1651595598728_6ucya,0.5,willsmith,50,4,4,4
1651595821483_bo056,0.5,election,95,5,5,5
1651595821483_bo056,0.5,johnny,95,6,6,6
1651595821483_bo056,0.5,willsmith,95,1,1,1
1651595856748_2u195,0.5,election,50,6,5,5.5
1651595856748_2u195,0.5,johnny,50,4,5,4.5
1651595856748_2u195,0.5,willsmith,50,3,3,3
1651595966610_2umgs,-0.5,election,5,6,6,6
1651595966610_2umgs,-0.5,johnny,5,5,4,4.5
1651595966610_2umgs,-0.5,willsmith,5,2,2,2
1651596183930_tfxkl,-0.5,election,1,6,6,6
1651596183930_tfxkl,-0.5,johnny,1,2,3,2.5
1651596183930_tfxkl,-0.5,willsmith,1,2,4,3
1651596888951_0x8v4,-0.5,election,5,4,4,4
1651596888951_0x8v4,-0.5,johnny,5,1,1,1
1651596888951_0x8v4,-0.5,willsmith,5,1,1,1
1651596989220_few3t,0.5,election,52,5,5,5
1651596989220_few3t,0.5,johnny,52,3,3,3
1651596989220_few3t,0.5,willsmith,52,3,3,3
1651597030074_uc8z5,0.5,election,30,4,3,3.5
1651597030074_uc8z5,0.5,johnny,30,4,5,4.5
1651597030074_uc8z5,0.5,willsmith,30,1,1,1
1651597528932_4fr9o,0.5,election,67,1,1,1
1651597528932_4fr9o,0.5,johnny,67,2,3,2.5
1651597528932_4fr9o,0.5,willsmith,67,1,4,2.5
1651597696078_yma6g,0.5,election,62,5,4,4.5
1651597696078_yma6g,0.5,johnny,62,5,6,5.5
1651597696078_yma6g,0.5,willsmith,62,2,4,3
1651597793435_q5wwc,-0.5,election,2,5,5,5
1651597793435_q5wwc,-0.5,johnny,2,4,4,4
1651597793435_q5wwc,-0.5,willsmith,2,1,2,1.5
1651598226308_a8o36,0.5,election,47,6,6,6
1651598226308_a8o36,0.5,johnny,47,2,3,2.5
1651598226308_a8o36,0.5,willsmith,47,3,3,3
1651598299030_5nwi9,-0.5,election,1,5,5,5
1651598299030_5nwi9,-0.5,johnny,1,2,2,2
1651598299030_5nwi9,-0.5,willsmith,1,2,2,2
1651598308268_tz88b,-0.5,election,5,6,6,6
1651598308268_tz88b,-0.5,johnny,5,3,5,4
1651598308268_tz88b,-0.5,willsmith,5,2,5,3.5
1651598651054_saf09,0.5,election,90,5,5,5
1651598651054_saf09,0.5,johnny,90,4,4,4
1651598651054_saf09,0.5,willsmith,90,2,2,2
1651598755093_5whih,-0.5,election,1,5,3,4
1651598755093_5whih,-0.5,johnny,1,1,2,1.5
1651598755093_5whih,-0.5,willsmith,1,1,2,1.5
1651599192325_psjfs,-0.5,election,4,5,5,5
1651599192325_psjfs,-0.5,johnny,4,3,4,3.5
1651599192325_psjfs,-0.5,willsmith,4,2,3,2.5
1651599523682_6rqfj,0.5,election,40,6,5,5.5
1651599523682_6rqfj,0.5,johnny,40,4,4,4
1651599523682_6rqfj,0.5,willsmith,40,3,3,3
1651599564380_6db8a,-0.5,election,0,4,2,3
1651599564380_6db8a,-0.5,johnny,0,2,4,3
1651599564380_6db8a,-0.5,willsmith,0,1,1,1
1651599592267_01756,0.5,election,70,4,5,4.5
1651599592267_01756,0.5,johnny,70,4,4,4
1651599592267_01756,0.5,willsmith,70,6,6,6
1651599615237_4h4md,-0.5,election,1,6,6,6
1651599615237_4h4md,-0.5,johnny,1,4,4,4
1651599615237_4h4md,-0.5,willsmith,1,1,1,1
1651599746772_7imj4,0.5,election,50,4,4,4
1651599746772_7imj4,0.5,johnny,50,2,2,2
1651599746772_7imj4,0.5,willsmith,50,1,2,1.5
1651599783020_1oqfx,0.5,election,86,1,1,1
1651599783020_1oqfx,0.5,johnny,86,6,6,6
1651599783020_1oqfx,0.5,willsmith,86,6,6,6
1651600195915_tfw1a,-0.5,election,1,6,5,5.5
1651600195915_tfw1a,-0.5,johnny,1,1,4,2.5
1651600195915_tfw1a,-0.5,willsmith,1,5,5,5
1651600520740_z8ctn,-0.5,election,5,6,5,5.5
1651600520740_z8ctn,-0.5,johnny,5,5,4,4.5
1651600520740_z8ctn,-0.5,willsmith,5,2,3,2.5
1651600614157_iy2p4,0.5,election,71,6,6,6
1651600614157_iy2p4,0.5,johnny,71,1,1,1
1651600614157_iy2p4,0.5,willsmith,71,1,1,1
1651601071819_barwr,-0.5,election,8,4,6,5
1651601071819_barwr,-0.5,johnny,8,4,6,5
1651601071819_barwr,-0.5,willsmith,8,3,5,4
1651601100770_pnhci,-0.5,election,50,6,6,6
1651601100770_pnhci,-0.5,johnny,50,1,1,1
1651601100770_pnhci,-0.5,willsmith,50,1,1,1
1651601142427_745r1,-0.5,election,1,5,4,4.5
1651601142427_745r1,-0.5,johnny,1,2,2,2
1651601142427_745r1,-0.5,willsmith,1,2,2,2
1651601330980_lzje3,0.5,election,88,6,6,6
1651601330980_lzje3,0.5,johnny,88,1,3,2
1651601330980_lzje3,0.5,willsmith,88,1,2,1.5
1651602004527_r49wp,0.5,election,50,5,5,5
1651602004527_r49wp,0.5,johnny,50,3,4,3.5
1651602004527_r49wp,0.5,willsmith,50,4,5,4.5
1651602175117_ci69o,0.5,election,50,1,1,1
1651602175117_ci69o,0.5,johnny,50,1,1,1
1651602175117_ci69o,0.5,willsmith,50,1,1,1
