user_id,Estimate.Intercept,Est.Error.Intercept,Q2.5.Intercept,Q97.5.Intercept,Estimate.item_order,Est.Error.item_order,Q2.5.item_order,Q97.5.item_order,FEinterceptEstimate,FEitemOrderEstimate,Estimate.InterceptACTUAL,Estimate.item_orderACTUAL
1652910892507_s7rvi,1.29251595739451,0.275857129746532,0.761039804907026,1.84038128642493,0.422164230428934,0.247580332058911,-0.0676227166562542,0.892518715280378,7.50091055623368,-0.40358427159877,8.7934265136282,0.0185799588301644
1652910937570_36he4,1.73331627831843,0.280109871350402,1.20432066713852,2.27793107204454,0.363344926358293,0.24762957469656,-0.120554702637708,0.838788271967412,7.50091055623368,-0.40358427159877,9.23422683455211,-0.0402393452404765
1652911186405_dlpvo,-1.12479156913874,0.269294403592311,-1.64768728500923,-0.581211490157596,0.105891038308663,0.245312251743341,-0.369963536344688,0.582108084841834,7.50091055623368,-0.40358427159877,6.37611898709494,-0.297693233290106
1652911329308_zoysq,1.00999369364922,0.269001747428268,0.482709891967513,1.52976925745082,0.112053683077066,0.224765411541961,-0.327996943895969,0.560877237955174,7.50091055623368,-0.40358427159877,8.5109042498829,-0.291530588521704
1652911700844_nwdn5,-0.208526979429422,0.267441306244031,-0.721174398146242,0.311154826126363,-0.328286382812222,0.245666238474324,-0.826944331033159,0.14899192091694,7.50091055623368,-0.40358427159877,7.29238357680426,-0.731870654410991
1652911734820_v3t3k,0.256406615451168,0.260616983847594,-0.249958031532292,0.763381169650255,0.0730004273369113,0.231371480060955,-0.380153741153607,0.518873189164859,7.50091055623368,-0.40358427159877,7.75731717168485,-0.330583844261859
1652912696029_jqedq,-0.701978202543579,0.257308509049604,-1.20469681582736,-0.200064171156899,0.096296315255165,0.226830749674942,-0.348211464887473,0.541860104991364,7.50091055623368,-0.40358427159877,6.79893235369011,-0.307287956343605
1652915852387_dmgxa,0.782243258793859,0.263382245532689,0.283482066131831,1.29930191706396,0.0557707281239456,0.245315885542706,-0.421556646455979,0.52438859610542,7.50091055623368,-0.40358427159877,8.28315381502754,-0.347813543474824
1652917134182_wm0ng,1.31832399795071,0.261011725137846,0.816539060948431,1.81339490880068,0.302478863475758,0.23698143490091,-0.154915758881306,0.764961629023678,7.50091055623368,-0.40358427159877,8.81923455418439,-0.101105408123012
1653058698136_777ag,-2.1340466100463,0.270272754290702,-2.67092767003414,-1.60776990992325,-0.167063141450352,0.241438472488354,-0.635718025118779,0.302145746551505,7.50091055623368,-0.40358427159877,5.36686394618739,-0.570647413049122
1653058701844_6mf6f,0.633471971879825,0.26684014997992,0.111951306402545,1.15249614909789,-0.308511361330886,0.241025017374951,-0.781650671058014,0.163668454657595,7.50091055623368,-0.40358427159877,8.13438252811351,-0.712095632929656
1653058956851_6lcq3,0.667764854002285,0.266929748623824,0.148059542802311,1.19606931081641,0.233493854454483,0.269318909318005,-0.282567197645693,0.7654914167256,7.50091055623368,-0.40358427159877,8.16867541023597,-0.170090417144287
1653059027181_uw94w,-1.28658613893578,0.271444463298792,-1.82628896659813,-0.759333179170996,-1.03965634713665,0.253835728007829,-1.53867310743202,-0.537179337793479,7.50091055623368,-0.40358427159877,6.21432441729791,-1.44324061873542
1653059491671_hatr8,-3.00227223720858,0.265717587251826,-3.52565116398661,-2.49347188098186,-0.577653678371145,0.23651850006969,-1.04350836124899,-0.127191408235174,7.50091055623368,-0.40358427159877,4.4986383190251,-0.981237949969915
1653059530997_hamc6,-4.20836291576262,0.269833155292002,-4.74689575812615,-3.67269144458075,-1.7628778321219,0.259578604048405,-2.26529999894064,-1.27734406574821,7.50091055623368,-0.40358427159877,3.29254764047106,-2.16646210372067
1653059645734_eyjpb,0.943595521983969,0.265590696090246,0.410139900209575,1.46152856364086,0.143399229485036,0.252730923180505,-0.3362218230516,0.631335591896103,7.50091055623368,-0.40358427159877,8.44450607821765,-0.260185042113734
1653059764677_g457o,0.209986147594678,0.273108776129745,-0.319973662910094,0.763945108028342,-0.225534666566482,0.238446883439352,-0.695202427496669,0.230894538593514,7.50091055623368,-0.40358427159877,7.71089670382836,-0.629118938165252
1653059838532_l7ugh,-2.18681464043159,0.262855098216771,-2.70829050907896,-1.68287825002883,-0.014468329851319,0.248839503701847,-0.506308882803467,0.475598957992962,7.50091055623368,-0.40358427159877,5.31409591580209,-0.418052601450089
1653059981552_epp54,-2.00688619446301,0.266576873699275,-2.53128930121641,-1.47325362437455,-1.46786132045573,0.242841411543883,-1.93118437146597,-1.01240773450008,7.50091055623368,-0.40358427159877,5.49402436177067,-1.8714455920545
1653060498976_sca23,0.309059664637258,0.271526350867612,-0.20203063240011,0.846773241244435,0.126443533151768,0.255467702962382,-0.381764951920821,0.618626975567558,7.50091055623368,-0.40358427159877,7.80997022087094,-0.277140738447002
1653060704864_ljej1,0.847153928724575,0.256023513089429,0.357747659752514,1.35249930704749,0.220887365999902,0.243362213670555,-0.258558581017895,0.706125670283054,7.50091055623368,-0.40358427159877,8.34806448495826,-0.182696905598868
1653060869132_1ud4e,-1.68757141356149,0.303140988574941,-2.30142097536738,-1.09724318199789,0.215039082389486,0.251535875150102,-0.289366173481923,0.687309738968839,7.50091055623368,-0.40358427159877,5.81333914267219,-0.188545189209284
1653061260894_c77bd,-1.12047462814818,0.255964103023937,-1.62339882822083,-0.622563896340949,-0.0482926531916085,0.231136963439391,-0.519407792803571,0.405353481961309,7.50091055623368,-0.40358427159877,6.38043592808551,-0.451876924790378
1653061860720_nh4cp,-0.304629658441626,0.261368754360345,-0.820051784330522,0.207190662200019,0.184540414396056,0.23618902225867,-0.277686617359851,0.662054118840256,7.50091055623368,-0.40358427159877,7.19628089779206,-0.219043857202714
1653062029852_8jzvt,-0.636301821072732,0.260473385102273,-1.14328847548438,-0.116626227157273,0.364026200886931,0.228085141779316,-0.0796318977310492,0.812574792540116,7.50091055623368,-0.40358427159877,6.86460873516095,-0.0395580707118393
1653062660536_840w8,-1.55437063110944,0.261918462204277,-2.07008497384964,-1.04066991034038,0.108179693135109,0.233837038960174,-0.343988911975497,0.572243866711267,7.50091055623368,-0.40358427159877,5.94653992512424,-0.295404578463661
1653063862236_i7wek,1.52874745934502,0.27200506010664,0.999733547908644,2.06914414144415,0.216021168757095,0.260121886678142,-0.296199388132101,0.731777512751622,7.50091055623368,-0.40358427159877,9.0296580155787,-0.187563102841674
1653064729086_gjz5e,1.12062142205155,0.274668042079302,0.57561144854522,1.65428068375437,0.229659490824653,0.261172487027952,-0.261154465813893,0.741947260989748,7.50091055623368,-0.40358427159877,8.62153197828523,-0.173924780774117
1653064863783_6mkhv,-1.41910375193404,0.268199388541371,-1.95370923454828,-0.882959228796562,0.00929544784147895,0.256793110796148,-0.49019306778054,0.51504862448086,7.50091055623368,-0.40358427159877,6.08180680429964,-0.394288823757291
1653065211515_1ibfd,0.617676332522523,0.266428572965955,0.0781881091408122,1.13845872814752,-0.249074060799911,0.241213819703696,-0.723355402861906,0.224244377873302,7.50091055623368,-0.40358427159877,8.11858688875621,-0.652658332398681
1653065562281_arrob,0.978145274829925,0.270237684215031,0.464273566717983,1.52429810283599,0.244046323111225,0.244827644670816,-0.22459627937308,0.716092989216429,7.50091055623368,-0.40358427159877,8.47905583106361,-0.159537948487545
1653065774561_a8qpf,-0.11042098749757,0.270154245705988,-0.653624468394017,0.419081235358666,0.229840800465997,0.239518579725212,-0.255854937499519,0.717135552262173,7.50091055623368,-0.40358427159877,7.39048956873611,-0.173743471132773
1653066058315_pw4nx,0.718093550365164,0.253793444721036,0.225103231493401,1.23148170181269,0.0797727998461418,0.219662908375623,-0.357445119454137,0.515769743942262,7.50091055623368,-0.40358427159877,8.21900410659885,-0.323811471752628
1653066121758_v22gk,1.39966142049303,0.283169393226248,0.847686566135612,1.95846179659189,0.470818911334422,0.254792867891695,-0.0262582386984739,0.964886154818613,7.50091055623368,-0.40358427159877,8.90057197672671,0.0672346397356524
1653066170339_8jixo,0.301274819247752,0.263728384305171,-0.217777174439843,0.818649315913372,0.351116321991864,0.256382361840839,-0.154546102485271,0.85211024180773,7.50091055623368,-0.40358427159877,7.80218537548144,-0.0524679496069059
1653066329389_sw6e2,-2.8673436225022,0.269738329740746,-3.38391302151683,-2.33601052779122,-1.08996002562987,0.251372477160546,-1.59454503063683,-0.599043695208654,7.50091055623368,-0.40358427159877,4.63356693373149,-1.49354429722864
1653066404661_tq0ad,-1.76503244781839,0.261360082798437,-2.28076486042165,-1.24946998441685,-0.684046467301066,0.248883861669075,-1.15654530177013,-0.203830072769878,7.50091055623368,-0.40358427159877,5.7358781084153,-1.08763073889984
1653066508437_2xsph,-0.219257235062983,0.256216016773433,-0.701122122435807,0.29140121794345,0.41963857424448,0.241187916700169,-0.0547584602150554,0.890136140708095,7.50091055623368,-0.40358427159877,7.2816533211707,0.01605430264571
1653066821455_0javt,0.488822591094071,0.266631050250297,-0.0190617230139937,1.00144800659954,-0.0320875280364533,0.230730803962941,-0.485792829483747,0.428894928214573,7.50091055623368,-0.40358427159877,7.98973314732775,-0.435671799635223
1653067655731_3b0m8,1.53030974054273,0.277528279052825,0.99284545064678,2.09209282610532,0.393593440327063,0.250658535002764,-0.0964415581166809,0.88583722037134,7.50091055623368,-0.40358427159877,9.03122029677641,-0.00999083127170691
1653067657131_r2qxd,1.65876531593705,0.269380571729961,1.12902928353595,2.17866933376766,0.306382472143344,0.239579693411305,-0.166308522075032,0.781451714788306,7.50091055623368,-0.40358427159877,9.15967587217073,-0.0972017994554255
1653067932921_4hdhh,0.851315037732868,0.265842391102871,0.332370610599109,1.36928964477153,-0.247407753779335,0.238049624425717,-0.708355647620363,0.220341576620418,7.50091055623368,-0.40358427159877,8.35222559396655,-0.650992025378105
1653068293962_2g6se,-0.249330623780701,0.272154555318834,-0.79543235855989,0.282709295031405,-0.16605799114613,0.248462519642279,-0.66001188490801,0.328228455169472,7.50091055623368,-0.40358427159877,7.25157993245298,-0.5696422627449
1653068301192_1uk6e,0.2827780675887,0.266430056654508,-0.229592564307721,0.810242805229567,-0.0577651467838351,0.235468856921673,-0.520368007054894,0.393385157120734,7.50091055623368,-0.40358427159877,7.78368862382238,-0.461349418382605
1653068809449_txq47,1.86143651184389,0.269268062786841,1.33879147750664,2.38541851450318,0.3129999273165,0.248523632819097,-0.19847530363929,0.79423796586322,7.50091055623368,-0.40358427159877,9.36234706807757,-0.09058434428227
1653069110966_23amy,-4.3484461884105,0.257370371686445,-4.85216296707964,-3.85315101359631,-1.21186938823701,0.240465021127444,-1.69068985168497,-0.748655039852532,7.50091055623368,-0.40358427159877,3.15246436782318,-1.61545365983578
1653069237602_0jope,0.431129194773798,0.27894649170486,-0.12789128644144,0.956278144856679,0.155364541710278,0.252021303213747,-0.341792223154471,0.653656570590927,7.50091055623368,-0.40358427159877,7.93203975100748,-0.248219729888492
1653069372123_vm3jv,-0.239816696142433,0.276349746903802,-0.78725290069313,0.291318594477989,0.353365629136262,0.253569866917596,-0.151394534195099,0.845341424990828,7.50091055623368,-0.40358427159877,7.26109386009125,-0.0502186424625078
1653069457136_cubx8,0.822987621972971,0.262640385537733,0.31957715898653,1.34595950355306,0.283577902870043,0.25486427889145,-0.208565567133026,0.783445420159606,7.50091055623368,-0.40358427159877,8.32389817820666,-0.120006368728727
1653070916244_2rb0r,0.415998940297216,0.268699816275382,-0.125810227226007,0.947515898579731,0.107962613335696,0.259042018659564,-0.391625772038763,0.609218651982493,7.50091055623368,-0.40358427159877,7.9169094965309,-0.295621658263073
1653072266769_9om6z,-0.290291581160864,0.274390011306245,-0.814846929541555,0.255296133823056,0.280948589692338,0.25670210852856,-0.221960826756537,0.789967123766902,7.50091055623368,-0.40358427159877,7.21061897507282,-0.122635681906432
1653072683530_krh92,-0.342894638432942,0.271472227617472,-0.859261308336857,0.190330594357806,0.483033523926911,0.258507671130508,-0.0231152332138165,0.999843801885283,7.50091055623368,-0.40358427159877,7.15801591780074,0.0794492523281407
1653074691197_8r0jg,-1.18603897673542,0.261406027242669,-1.69813135418322,-0.676750408533025,0.120641439940343,0.239972305515122,-0.331607477962153,0.602483954495057,7.50091055623368,-0.40358427159877,6.31487157949827,-0.282942831658427
1653075311256_2pp88,1.18624599064312,0.278013922888551,0.63053855152972,1.74847486723444,0.478537294238829,0.247727336430781,-0.00872666529339672,0.954104581397661,7.50091055623368,-0.40358427159877,8.68715654687681,0.0749530226400595
1653075856902_bqyv1,1.82049341168476,0.269046794530571,1.29881122276761,2.34843871378107,0.324918894852301,0.242392481772519,-0.143013030154832,0.789375893125782,7.50091055623368,-0.40358427159877,9.32140396791844,-0.0786653767464694
1653076225370_6cy56,0.201660217049351,0.270962831833476,-0.306703002254548,0.742868732240941,0.066708063215772,0.249230953862341,-0.41636819430547,0.544529013966022,7.50091055623368,-0.40358427159877,7.70257077328304,-0.336876208382998
1653076764370_3tvqx,-1.96297453658551,0.267723168199688,-2.48838756468496,-1.42657357611395,0.675044249403553,0.234065928743938,0.211729000588992,1.13418127388997,7.50091055623368,-0.40358427159877,5.53793601964817,0.271459977804783
1653076776315_v4iw1,-0.304565274402264,0.256949867151333,-0.803488796877469,0.185455904215844,0.195439329084079,0.230902981885246,-0.260151805184103,0.656773892073534,7.50091055623368,-0.40358427159877,7.19634528183142,-0.208144942514691
1653076799193_vjcuf,0.330588840361634,0.254644484663845,-0.167736486565364,0.830909730506308,0.0504750758063488,0.23267781818425,-0.412874129118553,0.51446394868543,7.50091055623368,-0.40358427159877,7.83149939659532,-0.353109195792421
1653076802584_2cfyi,-1.63527241875,0.269577486198395,-2.16536318255265,-1.10956962459669,-0.0306955848661609,0.251384510850296,-0.526210170143505,0.461184036757717,7.50091055623368,-0.40358427159877,5.86563813748369,-0.434279856464931
1653077268605_edwa3,-2.55434638917871,0.265480775838996,-3.06372075959647,-2.03170766232012,-0.0358183182973717,0.247516245809759,-0.515622411160614,0.447666725659842,7.50091055623368,-0.40358427159877,4.94656416705498,-0.439402589896141
1653077326379_7s16l,0.751263242284628,0.266452451978352,0.22888035957267,1.27939154873526,0.196859506004108,0.242491407672072,-0.265891544826932,0.675012455288113,7.50091055623368,-0.40358427159877,8.25217379851831,-0.206724765594662
1653078851089_6h67n,-0.316353233069151,0.260789489868311,-0.821918030439939,0.200463845397814,-0.179475930746486,0.252047486625515,-0.657706713534462,0.315053096168302,7.50091055623368,-0.40358427159877,7.18455732316453,-0.583060202345256
1653080563912_v8y9k,0.100958490740886,0.264754837618778,-0.408292052853446,0.63470095322232,0.154018448079591,0.230188503871239,-0.290656404069789,0.602307797600417,7.50091055623368,-0.40358427159877,7.60186904697457,-0.249565823519179
1653081984016_3yp24,0.778556438260834,0.271642076417157,0.250677784772837,1.32478026435042,0.200761772421379,0.249220198239597,-0.288062786925554,0.688778311372506,7.50091055623368,-0.40358427159877,8.27946699449452,-0.202822499177391
1653083748468_9sga5,1.39169285834478,0.270256033272177,0.861621444242659,1.92117928198574,0.348376858939814,0.246786333993701,-0.141271539811713,0.829984431223664,7.50091055623368,-0.40358427159877,8.89260341457846,-0.0552074126589562
1653084118574_jm0xo,1.62675581418215,0.273629332264542,1.07754659951096,2.16743117705007,0.333188692298869,0.237294609631825,-0.141964274623775,0.795700241964124,7.50091055623368,-0.40358427159877,9.12766637041584,-0.0703955792999009
1653085158931_r29xn,0.521053130541574,0.276077178638026,-0.0276641451270107,1.05238365130778,0.233768154745439,0.242913832353154,-0.245894235214699,0.703775140723116,7.50091055623368,-0.40358427159877,8.02196368677526,-0.169816116853331
1653085522317_dzpip,-1.33130539376863,0.261559685950174,-1.85696986701329,-0.820796334536686,-1.67019578084327,0.235888885663942,-2.12843407449777,-1.20495563273219,7.50091055623368,-0.40358427159877,6.16960516246506,-2.07378005244204
1653086623758_k9h23,-0.347030249233889,0.259738302850359,-0.851428927173224,0.149925936092693,-0.166213398806687,0.225969148549279,-0.622445016557302,0.278729851115118,7.50091055623368,-0.40358427159877,7.15388030699979,-0.569797670405457
1653088029396_bc8a9,1.31721031826488,0.260451885502607,0.815155280835373,1.84332905639807,0.261756776249833,0.22994750091058,-0.1770477259592,0.722988138812489,7.50091055623368,-0.40358427159877,8.81812087449857,-0.141827495348937
1653088409557_q3a98,1.04991558752906,0.260423782494602,0.52517777429395,1.56184444831191,0.125957636183361,0.229937315058495,-0.317163464848849,0.584296570969693,7.50091055623368,-0.40358427159877,8.55082614376275,-0.277626635415409
1653089299845_h43rx,0.561185013053544,0.26441249749486,0.0467833711022007,1.08531864406726,0.333152243423728,0.245047482067016,-0.140956363026443,0.807988802569324,7.50091055623368,-0.40358427159877,8.06209556928723,-0.0704320281750421
1653089326079_rm7d0,1.43504355774364,0.27217551505611,0.892173750206909,1.96639108244152,0.218577056657127,0.237763288327551,-0.254588327707962,0.687216289979592,7.50091055623368,-0.40358427159877,8.93595411397733,-0.185007214941643
1653090986481_o65yk,1.88511870763035,0.296741455119743,1.31485196617041,2.48687104751157,0.309949482054462,0.272767888022906,-0.226283389798855,0.843625689799446,7.50091055623368,-0.40358427159877,9.38602926386404,-0.093634789544308
1653092419006_xqmh4,0.708402564667192,0.262127875293028,0.196048279925879,1.22484464562738,0.226617735884463,0.237057304488851,-0.237913594926316,0.686848568997864,7.50091055623368,-0.40358427159877,8.20931312090088,-0.176966535714307
1653093115542_d1q0u,1.47930626818494,0.259943994721911,0.964787873899775,2.00002840037683,0.105283302032291,0.236158306560629,-0.361252088992794,0.566836739744871,7.50091055623368,-0.40358427159877,8.98021682441862,-0.298300969566478
1653093149690_wztye,1.23491815020272,0.260030301446521,0.726631061378591,1.7506465006799,0.213604386069143,0.234537292256173,-0.24363769194464,0.684609916181669,7.50091055623368,-0.40358427159877,8.7358287064364,-0.189979885529627
1653093902822_loowg,1.04762361678429,0.26273741454135,0.534791816193686,1.55754773424437,0.376365695893762,0.23139751916195,-0.0713164315888106,0.8285559716384,7.50091055623368,-0.40358427159877,8.54853417301797,-0.0272185757050081
1653094206347_cqy48,1.515823233985,0.2663077028652,0.977470131413661,2.02764371850671,0.341794790310405,0.232480169039041,-0.107767557698333,0.797458472939045,7.50091055623368,-0.40358427159877,9.01673379021868,-0.0617894812883649
1653095033369_81qb1,-0.984826532714707,0.264432959677959,-1.50921550616274,-0.46388528684371,-0.0974484191661843,0.242369978995528,-0.569222775034416,0.379293784563997,7.50091055623368,-0.40358427159877,6.51608402351898,-0.501032690764954
1653095317594_78pzt,-0.406694665317841,0.263369568788425,-0.899175748452363,0.124609278430395,0.186819493914175,0.244320198227603,-0.293500167031767,0.655390004855165,7.50091055623368,-0.40358427159877,7.09421589091584,-0.216764777684595
1653096395721_0fbt4,-1.0342942048154,0.266480872556281,-1.54832324072905,-0.487246291480137,-0.606494365203865,0.24036905205127,-1.0767511743877,-0.135627727630471,7.50091055623368,-0.40358427159877,6.46661635141829,-1.01007863680264
1653099761107_sudrd,1.02172764967062,0.285093065256591,0.469667901891726,1.58107990096626,0.31771172725289,0.249808218002411,-0.173956120285132,0.802117949167858,7.50091055623368,-0.40358427159877,8.5226382059043,-0.0858725443458796
1653099908902_xl6iz,-0.377631123948364,0.265607378025276,-0.893298149586633,0.145185177178767,-0.347608388402692,0.240970839085179,-0.827843682893714,0.12039228930831,7.50091055623368,-0.40358427159877,7.12327943228532,-0.751192660001462
1653100129449_gagnp,0.786120800657556,0.260929064094958,0.272438753856006,1.29690478818736,-0.0679961801128329,0.240098393979424,-0.539661133354361,0.400556492136141,7.50091055623368,-0.40358427159877,8.28703135689124,-0.471580451711603
1653100376251_4z6kt,-0.699914653295767,0.263648616223754,-1.2134147053484,-0.174182730675521,-0.0247159123562543,0.234824275967039,-0.47891591098093,0.438408526869286,7.50091055623368,-0.40358427159877,6.80099590293792,-0.428300183955024
1653103036626_njx4j,0.998803979358609,0.27116971183189,0.473274213208638,1.54181198579028,0.307179270052565,0.244874180131634,-0.161643531509184,0.788807374603855,7.50091055623368,-0.40358427159877,8.49971453559229,-0.0964050015462053
1653105626323_dqzau,1.09008857991655,0.267138407193985,0.577379138366357,1.6194389126415,-0.0790128135616328,0.254158333062791,-0.570753387791027,0.417109218449545,7.50091055623368,-0.40358427159877,8.59099913615023,-0.482597085160403
1653107182664_78t7q,2.12578419884811,0.285449318570809,1.5561879483263,2.67731365421134,0.329813467594742,0.256711115109064,-0.185640917887849,0.825508374484553,7.50091055623368,-0.40358427159877,9.62669475508179,-0.0737708040040275
1653108440999_52sin,1.07096480998544,0.276839823728897,0.535874960335332,1.61504162459183,0.0273747188407004,0.250499431091272,-0.473131861159188,0.515628422342177,7.50091055623368,-0.40358427159877,8.57187536621913,-0.37620955275807
1653109012361_tfjpv,-1.39841001193825,0.257559350895198,-1.90400353308688,-0.897210191216798,-0.183368349802475,0.241301192614333,-0.660907779346395,0.290894064405216,7.50091055623368,-0.40358427159877,6.10250054429544,-0.586952621401245
1653350569208_mo7hm,-0.113456473599176,0.268333623424879,-0.637804939656305,0.43472155872914,-1.13626578678994,0.24777188501598,-1.62716258118999,-0.64802437131573,7.50091055623368,-0.40358427159877,7.38745408263451,-1.53985005838871
1653350615766_fs9nz,0.524442274792392,0.260466192775246,0.0225030177019693,1.0417194424382,0.05259943997516,0.225859264956701,-0.387138125305305,0.500385656187464,7.50091055623368,-0.40358427159877,8.02535283102607,-0.35098483162361
1653350828269_p6ak9,0.569733203261584,0.264700956806173,0.0577892960777987,1.0857767672467,0.332463267531909,0.231730669773672,-0.13023088390277,0.793387685120706,7.50091055623368,-0.40358427159877,8.07064375949527,-0.0711210040668607
1653351128119_g5u1e,-0.571323782789511,0.271946477652008,-1.09618743391055,-0.0558144857758456,-0.138342389773388,0.253814610153573,-0.628185942642841,0.357314553410858,7.50091055623368,-0.40358427159877,6.92958677344417,-0.541926661372158
1653351564616_gc65d,-1.71049614589763,0.26803209811365,-2.23505308575986,-1.20105178778432,-1.47999041041121,0.249257025620507,-1.97844794807034,-0.997788490318095,7.50091055623368,-0.40358427159877,5.79041441033605,-1.88357468200998
1653353028918_pirer,0.445040303206471,0.262250569989518,-0.0685557098745059,0.944307314012028,-0.0254247415244762,0.231846279662215,-0.469000427225692,0.436031855625126,7.50091055623368,-0.40358427159877,7.94595085944015,-0.429009013123246
1653353344794_uzwky,0.728717971797956,0.266477741928586,0.204520117681776,1.24843579356441,0.276847375102175,0.229973097637624,-0.175294572236348,0.72742874820522,7.50091055623368,-0.40358427159877,8.22962852803164,-0.126736896496595
1653353833996_ufaw8,0.41162584106365,0.273114382897437,-0.129620061349466,0.94462479987579,-0.0141121661613887,0.251709102368238,-0.520120640023411,0.480192986910377,7.50091055623368,-0.40358427159877,7.91253639729733,-0.417696437760159
1653354309038_9bhzv,-2.65005839828123,0.263601310078237,-3.16792259606446,-2.13667755882205,-0.813702695950375,0.241950353561315,-1.29319471083917,-0.338613677751368,7.50091055623368,-0.40358427159877,4.85085215795245,-1.21728696754914
1653354827559_0vh4x,1.7948570470182,0.282046052883724,1.24071975514472,2.34783059807625,0.451859928141501,0.264718285941087,-0.064317656833621,0.961962030637883,7.50091055623368,-0.40358427159877,9.29576760325189,0.0482756565427315
1653355291151_5jn2j,-1.76258803617816,0.267712414691187,-2.28237032305003,-1.23438040810772,-0.289931749706632,0.250009025959104,-0.779809896723914,0.196432464456346,7.50091055623368,-0.40358427159877,5.73832252005553,-0.693516021305402
1653355335237_osje1,1.47204289628908,0.269175692766214,0.948392560340273,2.00335828495552,0.366324124404445,0.254601098387856,-0.124729720503756,0.875467815770933,7.50091055623368,-0.40358427159877,8.97295345252277,-0.0372601471943251
1653355414154_3unm8,-0.643450483113672,0.262416177128182,-1.16514888802313,-0.134473739126677,-0.74044115355161,0.231732059966618,-1.19715458660571,-0.289994629811608,7.50091055623368,-0.40358427159877,6.85746007312001,-1.14402542515038
1653355974169_6bkjy,0.381510305793019,0.254430825328388,-0.117809275016257,0.874115794458874,-0.0462363073647962,0.224791494424655,-0.488482754668823,0.391480190847196,7.50091055623368,-0.40358427159877,7.8824208620267,-0.449820578963566
1653356403579_xslvf,0.797900044449894,0.281614397645831,0.256736095213645,1.33588468191892,0.0534957657542877,0.244177073254733,-0.437249622702088,0.528462877869093,7.50091055623368,-0.40358427159877,8.29881060068358,-0.350088505844482
1653357045340_iykco,0.59601342186096,0.275988471593906,0.0514381393868205,1.1264479116481,0.178937460620897,0.240439653697666,-0.301012738860327,0.654024979642861,7.50091055623368,-0.40358427159877,8.09692397809464,-0.224646810977872
1653357401806_rs3cc,-0.270433293693644,0.269625028894779,-0.782644894549856,0.25955017719527,0.143690081569299,0.249097583605957,-0.343924018415332,0.630295008935912,7.50091055623368,-0.40358427159877,7.23047726254004,-0.259894190029471
1653357494049_hrulf,-1.68010119060354,0.264733008609291,-2.18931655749656,-1.15510786057404,0.256243657594778,0.245404100381807,-0.217344305044623,0.739983653150195,7.50091055623368,-0.40358427159877,5.82080936563014,-0.147340614003991
1653358008642_76a69,0.0369891604483736,0.265549042575999,-0.476622670080486,0.559005965264077,-0.0861842299023102,0.24200523946623,-0.55753627416832,0.386414687920181,7.50091055623368,-0.40358427159877,7.53789971668206,-0.48976850150108
1653358274646_1x7iu,-2.74986662406986,0.275443639859223,-3.29248675862109,-2.20779332156263,-1.12200500831321,0.256977801951638,-1.62085189673612,-0.633331950953042,7.50091055623368,-0.40358427159877,4.75104393216382,-1.52558927991198
1653358807718_w2cfx,0.410846279672687,0.268026092243158,-0.115841244478544,0.921994887139483,0.139866241056335,0.260294352338238,-0.37245544462164,0.641600977242547,7.50091055623368,-0.40358427159877,7.91175683590637,-0.263718030542435
1653360979236_5byan,1.65563798747059,0.26585146108372,1.13104844434347,2.16948351716614,0.230870372706724,0.245839980785256,-0.251881487718014,0.717275942739828,7.50091055623368,-0.40358427159877,9.15654854370427,-0.172713898892046
1653361047832_iav17,-1.22073245864641,0.270129739870603,-1.74999554481756,-0.683103653166202,1.4643752037728,0.232230690018303,1.00125646638841,1.93355487735651,7.50091055623368,-0.40358427159877,6.28017809758728,1.06079093217404
1653361302171_gnagi,-1.28984059109226,0.262821598850046,-1.80355285465485,-0.767690018359983,-0.426696760548809,0.233381002962101,-0.877722135599721,0.032165899754044,7.50091055623368,-0.40358427159877,6.21106996514142,-0.830281032147578
1653362351825_lmrha,0.991064648112927,0.266151101075892,0.471689907236075,1.53323240601023,0.660700046382019,0.23692384478566,0.196492010416585,1.11653427001297,7.50091055623368,-0.40358427159877,8.49197520434661,0.257115774783249
1653362523547_i99mr,0.693934849497708,0.270169957426549,0.153635294497313,1.22059611117537,0.247105991503315,0.252429432994366,-0.248816952948389,0.736455027637978,7.50091055623368,-0.40358427159877,8.19484540573139,-0.156478280095455
1653362814777_2vy5m,0.385343665989308,0.265462712375602,-0.118956828090879,0.898154921150218,0.257042603444641,0.246937275921659,-0.237213046391626,0.741583077667073,7.50091055623368,-0.40358427159877,7.88625422222299,-0.146541668154129
1653363761977_h4ip1,0.709195942937777,0.259710392221596,0.21732737842633,1.23200124449342,0.0316549981954675,0.234795856653827,-0.418766922115863,0.494362120457642,7.50091055623368,-0.40358427159877,8.21010649917146,-0.371929273403302
1653364293213_p88rj,0.429494316626006,0.268901262655597,-0.121730137625313,0.959615733542815,0.304671197623827,0.241071138311158,-0.172305438632309,0.772966087163744,7.50091055623368,-0.40358427159877,7.93040487285969,-0.0989130739749428
1653368298123_ng17y,-0.898960441276826,0.274710629463799,-1.44569437382755,-0.370629130064949,-0.228934017632772,0.2565782253657,-0.738314151141346,0.271499147448724,7.50091055623368,-0.40358427159877,6.60195011495686,-0.632518289231542
1653374089608_nqusu,-0.0340455719903656,0.26899365542872,-0.566186622954011,0.491909095292072,0.281195338121491,0.243477874360935,-0.187592008676654,0.747787660107059,7.50091055623368,-0.40358427159877,7.46686498424332,-0.122388933477279
1653379099208_9ccqh,1.23212122004982,0.269786007015011,0.700110429009564,1.76850455081695,0.39498819514172,0.241690853931225,-0.0813091719772051,0.871443286040267,7.50091055623368,-0.40358427159877,8.73303177628351,-0.00859607645704996
1653384301105_n7ko3,0.659483343813358,0.268843516317996,0.133701928874742,1.1858727614091,-0.21739343278363,0.244835412954013,-0.695235044273797,0.257650786476345,7.50091055623368,-0.40358427159877,8.16039390004704,-0.6209777043824
1653389161237_g4gtr,1.2227752655419,0.270435481170818,0.699922351167313,1.75650768316972,0.523430652588696,0.251690886765752,0.0338064190137449,1.03192892680372,7.50091055623368,-0.40358427159877,8.72368582177559,0.119846380989926
1653391439917_hxivf,-1.88950393493616,0.262576439804995,-2.41490395959708,-1.38738059940045,-1.0912167176399,0.23964479773607,-1.56586441488223,-0.619579597697256,7.50091055623368,-0.40358427159877,5.61140662129752,-1.49480098923867
1653394207594_0ho5i,0.790040620910968,0.277413682175902,0.242481907645121,1.32984889703133,0.320670162004659,0.242209767961555,-0.163274167703057,0.805258741079203,7.50091055623368,-0.40358427159877,8.29095117714465,-0.0829141095941105
1653396333842_54an8,0.63755462864778,0.269082737038406,0.10767514989224,1.16962994552056,0.26802606291619,0.244953121783922,-0.216943717092045,0.738419537609648,7.50091055623368,-0.40358427159877,8.13846518488146,-0.13555820868258
1653396475731_bde43,0.424059780315737,0.259823045462968,-0.0635654237078629,0.935964384677947,0.639330014984109,0.226946554207363,0.1906640820401,1.0886511955244,7.50091055623368,-0.40358427159877,7.92497033654942,0.235745743385339
1653397172700_vy12l,0.575382552712793,0.263179852325872,0.0659661545798215,1.0968594971549,0.648525194252505,0.23115072212738,0.205904626480767,1.1037668897025,7.50091055623368,-0.40358427159877,8.07629310894648,0.244940922653735
1653397271465_dld6l,0.493701453474929,0.273865692957161,-0.0503412763088,1.03448536170187,0.0538153188630118,0.244919271338871,-0.419638825423457,0.530604361834916,7.50091055623368,-0.40358427159877,7.99461200970861,-0.349768952735758
1653398434778_6s1eu,-2.19214883128772,0.267586206423867,-2.713128005669,-1.67541783484818,-0.823798778061287,0.249133840683179,-1.31119321356498,-0.333339358572254,7.50091055623368,-0.40358427159877,5.30876172494597,-1.22738304966006
1653402534916_b74tw,0.428321178353164,0.2729782022785,-0.0790290469675554,0.965560514806825,-0.206836715456034,0.245565417166798,-0.680781659995116,0.280139411601446,7.50091055623368,-0.40358427159877,7.92923173458685,-0.610420987054804
1653402679192_xipn7,0.510008840426724,0.264083307331792,-0.0211934906140296,1.02554462006064,0.490023392030053,0.238036898523297,0.0264639233642357,0.954109760310542,7.50091055623368,-0.40358427159877,8.01091939666041,0.0864391204312834
1653403302226_6bbrd,-1.44438497052745,0.267699645936105,-1.94407234329079,-0.90843464230178,-0.895864922777462,0.241127442694324,-1.36987268755476,-0.427916680424275,7.50091055623368,-0.40358427159877,6.05652558570623,-1.29944919437623
1653403571864_xdzzl,0.542172155300711,0.257903105416234,0.0297876293522974,1.04027893191073,0.255321402876192,0.241144059398082,-0.203214788687225,0.742492842262593,7.50091055623368,-0.40358427159877,8.04308271153439,-0.148262868722578
1653404752415_xsy6k,0.274789212339661,0.26832264268695,-0.240008339095066,0.810494423612804,-0.234253657549073,0.247855876646745,-0.727940315722869,0.247352608025511,7.50091055623368,-0.40358427159877,7.77569976857334,-0.637837929147843
1653405348224_1gdtq,-1.93036612082245,0.261277302517893,-2.43490929812906,-1.41953133953932,-1.22416797034589,0.238856728943244,-1.69192467135228,-0.757966997154323,7.50091055623368,-0.40358427159877,5.57054443541123,-1.62775224194465
1653406142280_y8vrz,0.364530361943661,0.27787742387611,-0.173466140256096,0.911414416745938,0.0535686990210298,0.265610741420303,-0.451832459223319,0.578080518938226,7.50091055623368,-0.40358427159877,7.86544091817734,-0.35001557257774
1653406582460_0gfg0,0.359141628275397,0.263727255334967,-0.169082139020734,0.853522820237694,0.103045662120482,0.241955062194021,-0.369650093881512,0.573865571602,7.50091055623368,-0.40358427159877,7.86005218450908,-0.300538609478287
1653407559469_clzno,1.12303859302701,0.264670978457656,0.603821820136071,1.63854888178637,-0.0455945441993941,0.231577755431041,-0.497354295018326,0.414538630227454,7.50091055623368,-0.40358427159877,8.6239491492607,-0.449178815798164
1653407863773_1f4jq,-1.53082219433681,0.263474873591816,-2.05066526459923,-1.01464039628956,-1.97731821219049,0.266389673253429,-2.50332984817067,-1.4641685704304,7.50091055623368,-0.40358427159877,5.97008836189687,-2.38090248378926
1653408649117_3bz6g,0.372588695510091,0.273673710962818,-0.172814553409052,0.899774358216115,0.372086338555225,0.259036566139757,-0.139660361732536,0.865299348852937,7.50091055623368,-0.40358427159877,7.87349925174377,-0.0314979330435445
1653409255241_is890,0.437350730063571,0.26421731063728,-0.0737795224962716,0.947595850499844,0.0452841114074872,0.249104086438933,-0.454555120702952,0.532124867532954,7.50091055623368,-0.40358427159877,7.93826128629725,-0.358300160191283
1653409589786_jy5vo,-1.37381588545801,0.264262765683429,-1.89123869123422,-0.838879494520048,-0.702318372771432,0.22581490336643,-1.14406194388988,-0.259971990369661,7.50091055623368,-0.40358427159877,6.12709467077567,-1.1059026443702
1653409931523_p1tj5,-3.02316784288228,0.25795585903136,-3.53969423259832,-2.51580306992567,-1.04585735163007,0.232004352757944,-1.50059406752335,-0.590039618144533,7.50091055623368,-0.40358427159877,4.47774271335141,-1.44944162322884
1653410574380_e95ug,1.14978685066313,0.285950990128761,0.595691828705903,1.70858358783094,0.156385268799978,0.25402370490865,-0.338732278825975,0.650613017126406,7.50091055623368,-0.40358427159877,8.65069740689681,-0.247199002798792
1653412721680_0saal,0.562719541144454,0.260039078804535,0.0567478728667902,1.05943747947776,0.0550978509530419,0.241239473380867,-0.414053977910668,0.528997936304399,7.50091055623368,-0.40358427159877,8.06363009737814,-0.348486420645728
1653413081176_gqsef,1.56619138955102,0.272412281063303,1.02871478831234,2.09629005502249,0.410694654843999,0.246073169941568,-0.0737437886524151,0.901565471263414,7.50091055623368,-0.40358427159877,9.0671019457847,0.00711038324522939
1653413843788_0b9cj,1.10312660138227,0.26240522449673,0.580185396240128,1.63441173314425,0.32152751126198,0.244386742520596,-0.14982375393695,0.798566944685211,7.50091055623368,-0.40358427159877,8.60403715761595,-0.0820567603367899
1653415220296_hwea3,0.732634114653179,0.271695535234153,0.172263943015529,1.24519820249536,0.111613485106664,0.24460941987554,-0.370707206095387,0.597084039881822,7.50091055623368,-0.40358427159877,8.23354467088686,-0.291970786492106
1653415288966_zvzxk,0.482802107491176,0.259109911528217,-0.0212950907660895,0.987208252649837,0.327465996955533,0.244669974054668,-0.154181840658837,0.803806697293888,7.50091055623368,-0.40358427159877,7.98371266372486,-0.0761182746432365
1653416871874_cx1k6,1.25720350508423,0.25802867621137,0.74531131517519,1.76945341160803,0.269776106727482,0.235677614398337,-0.193223621874199,0.72201762570219,7.50091055623368,-0.40358427159877,8.75811406131791,-0.133808164871288
1653417202234_jcj6f,-1.51497040112803,0.269551530187979,-2.03261466991761,-0.992552194650332,-0.423212771677667,0.236722340483124,-0.884006943040789,0.0312490676868436,7.50091055623368,-0.40358427159877,5.98594015510566,-0.826797043276437
1653417434782_pco28,-0.60555197719374,0.261413211862611,-1.12026372510817,-0.0936417277926978,-1.06722846995385,0.241873859771467,-1.52990932509432,-0.600347326517215,7.50091055623368,-0.40358427159877,6.89535857903994,-1.47081274155262
1653417502517_w1mqx,0.075866360236268,0.267404005272629,-0.441359569068105,0.59237802437259,-0.0278689711162214,0.240773724138847,-0.501402556984965,0.4397194176162,7.50091055623368,-0.40358427159877,7.57677691646995,-0.431453242714991
1653418271558_gve85,-0.494088240682657,0.286580898816055,-1.04900524007478,0.0646973690263492,-0.739660814971523,0.262554560174288,-1.24763827512482,-0.226878123417103,7.50091055623368,-0.40358427159877,7.00682231555103,-1.14324508657029
1653419876089_8nqsa,-0.0323982523297848,0.272454386236906,-0.559153550345891,0.497319129474199,0.414505730241408,0.24185599690441,-0.0514949293581846,0.888754136396372,7.50091055623368,-0.40358427159877,7.4685123039039,0.0109214586426383
1653420050742_o7jlm,0.419828259452077,0.26846276814701,-0.0905909976346938,0.935563102115457,-0.0672364536216959,0.235959075722842,-0.544840818792964,0.400467705105681,7.50091055623368,-0.40358427159877,7.92073881568576,-0.470820725220466
1653420783023_msqwo,-0.232231508828382,0.265330747636934,-0.751877379043364,0.277658176306931,-0.154570067162702,0.251439405179024,-0.655569601422915,0.341998752164144,7.50091055623368,-0.40358427159877,7.2686790474053,-0.558154338761472
1653420980083_v1syl,0.662909895986995,0.268344131830702,0.148557284097665,1.17445514174267,0.145386730076763,0.237795638475966,-0.314096635651376,0.605850222529569,7.50091055623368,-0.40358427159877,8.16382045222068,-0.258197541522006
1653421506024_qhb65,0.661203625043712,0.268118403737391,0.143026231865783,1.19273703117133,0.0579043880759933,0.245150441008331,-0.408161900743822,0.532869666420313,7.50091055623368,-0.40358427159877,8.1621141812774,-0.345679883522777
1653421797068_kwohd,1.35798699392133,0.271701060954037,0.815866186783856,1.89161461357823,0.345825056882198,0.255690884315412,-0.166084693521313,0.841104981370681,7.50091055623368,-0.40358427159877,8.85889755015501,-0.0577592147165716
1653421958668_9vsi9,0.0971072672822205,0.27018522114877,-0.437946185129921,0.626009306143152,0.0695353152473747,0.253103954045614,-0.431396553165293,0.555023781795994,7.50091055623368,-0.40358427159877,7.5980178235159,-0.334048956351395
1653423837925_mqmqf,0.871792559848603,0.265100004806169,0.362630871068863,1.38537126378427,0.0745437139251265,0.237709538793665,-0.396483265293945,0.53928807839627,7.50091055623368,-0.40358427159877,8.37270311608229,-0.329040557673643
1653424145491_yct6p,-2.70473478483075,0.265328557493518,-3.22338351849598,-2.19779121010553,-0.475995001118794,0.235715145241318,-0.938502773993341,-0.0142755941773998,7.50091055623368,-0.40358427159877,4.79617577140293,-0.879579272717564
1653424371574_af0dw,-2.61424830381695,0.269283495724535,-3.14132575813742,-2.07907681256379,-0.0725932723350766,0.254186399995237,-0.573474438994582,0.422791972824993,7.50091055623368,-0.40358427159877,4.88666225241674,-0.476177543933846
1653426722706_9lnn9,1.93394860569058,0.286935532693737,1.38180457970116,2.48667273696975,0.374580730384779,0.257234551540117,-0.137888470806346,0.866481319337722,7.50091055623368,-0.40358427159877,9.43485916192426,-0.0290035412139907
1653429289744_pk2hf,-0.0899648953514124,0.263237753329083,-0.605576760271606,0.439205804446723,-0.0759753147708534,0.2332993242784,-0.539008864019911,0.380386123293252,7.50091055623368,-0.40358427159877,7.41094566088227,-0.479559586369623
1653430124642_deg3g,0.696184325231029,0.269012689937529,0.171360261135219,1.22950333064783,0.228148996527978,0.251403499809939,-0.265560019558986,0.719038227522872,7.50091055623368,-0.40358427159877,8.19709488146471,-0.175435275070792
1653433957332_bayvr,0.00794874979129028,0.263203816340645,-0.519270935180861,0.532904935841688,0.080425341016472,0.237134192593876,-0.379542809952871,0.557271297403775,7.50091055623368,-0.40358427159877,7.50885930602497,-0.323158930582298
1653434083510_o5ehi,0.0140218030956105,0.264840783331956,-0.498383107535091,0.5411822139416,0.198878259796245,0.251446572075748,-0.29610899837694,0.693134162577515,7.50091055623368,-0.40358427159877,7.51493235932929,-0.204706011802525
1653435253330_bur3x,0.915952419685099,0.269442662610671,0.395162105635922,1.45398974060707,0.297653678765413,0.234519727401446,-0.159199491697012,0.753005147859385,7.50091055623368,-0.40358427159877,8.41686297591878,-0.105930592833357
1653435631399_zr99i,1.23869070662535,0.284048831085482,0.692317873375616,1.77722454092212,0.349004302683636,0.255206820543432,-0.154249553706548,0.846636246788255,7.50091055623368,-0.40358427159877,8.73960126285903,-0.0545799689151342
1653436604265_w2p02,0.437058139563523,0.265726546500565,-0.0938718927154278,0.958636045593636,-0.0159340482542733,0.252742438856889,-0.502983626173958,0.475736851590868,7.50091055623368,-0.40358427159877,7.93796869579721,-0.419518319853043
1653437561912_en482,1.02657848059343,0.272660892956012,0.499275543115463,1.57043625510829,0.198927589256877,0.247626255391761,-0.286267443582835,0.667442455676529,7.50091055623368,-0.40358427159877,8.52748903682711,-0.204656682341893
1653438106155_mu6od,0.851025530117298,0.268830494938231,0.322252347657571,1.38738008673377,0.413913508206324,0.243664090717657,-0.0451826243975677,0.887117385169255,7.50091055623368,-0.40358427159877,8.35193608635098,0.0103292366075544
1653439110631_hic4j,0.982160963449008,0.26899048541328,0.46375816968436,1.50915319351964,0.806050549335278,0.237483365477411,0.345068288426055,1.25904504244794,7.50091055623368,-0.40358427159877,8.48307151968269,0.402466277736508
1653439666632_m2jh6,0.5473939951555,0.272994878471011,0.0156478317247927,1.09290544655094,0.406763669584349,0.253656813964235,-0.0940407310174408,0.897907124562954,7.50091055623368,-0.40358427159877,8.04830455138918,0.00317939798557909
1653440068428_y8imt,0.934636490091326,0.274876344130045,0.403890045716787,1.46528675445563,0.25597630895014,0.246408527889892,-0.217831749671126,0.740198194709946,7.50091055623368,-0.40358427159877,8.43554704632501,-0.14760796264863
1653440418222_m0ue2,-1.87060373464402,0.277709014415849,-2.42196298430871,-1.31395896170688,-0.346867247518742,0.275518969468713,-0.905391288066902,0.194667022494816,7.50091055623368,-0.40358427159877,5.63030682158966,-0.750451519117512
1653441281690_mohx6,0.439915646572662,0.277269874795747,-0.0937087031278875,0.984732217812767,0.515727662496457,0.267407650594611,-0.012091705914751,1.03902223955791,7.50091055623368,-0.40358427159877,7.94082620280635,0.112143390897687
1653441977637_jsub4,1.2833152275472,0.263836230709043,0.748938531294862,1.79944526572204,0.42136465870165,0.24831649583478,-0.0665669495029886,0.901246681232128,7.50091055623368,-0.40358427159877,8.78422578378088,0.0177803871028804
1653442125879_cpkk2,-0.279287989333753,0.27873776723237,-0.834054413661779,0.25274215264567,-0.247716107132894,0.257533436405111,-0.750373747550068,0.242439033259567,7.50091055623368,-0.40358427159877,7.22162256689993,-0.651300378731664
1653446383783_httg1,-1.65589474109821,0.27011015686168,-2.17642817669086,-1.12614079158132,-0.676694221432653,0.249610032965053,-1.1726728993124,-0.181235785784127,7.50091055623368,-0.40358427159877,5.84501581513547,-1.08027849303142
1653447072348_c7ogi,0.465887715888082,0.27794979981779,-0.0666063204907601,1.01366829943118,0.415049833507514,0.258256601565444,-0.103158424256766,0.925071857801537,7.50091055623368,-0.40358427159877,7.96679827212177,0.0114655619087441
1653447604941_v07hj,0.485414497723476,0.275520036133488,-0.056235392740423,1.0152982685853,0.200165915714972,0.25483547204526,-0.302233062299081,0.695279835571644,7.50091055623368,-0.40358427159877,7.98632505395716,-0.203418355883798
1653447998441_sa8xk,0.163167335051063,0.268213287880824,-0.357929273956883,0.68919894167112,0.0273389337129586,0.242648443835118,-0.45342797760357,0.507952288319118,7.50091055623368,-0.40358427159877,7.66407789128475,-0.376245337885811
1653448255660_rdrqn,-5.32271395961323,0.280444616114312,-5.88215967302574,-4.7781531897866,0.310566229500401,0.278449607778023,-0.228277376767305,0.852247075965662,7.50091055623368,-0.40358427159877,2.17819659662045,-0.0930180420983688
1653449434644_p9sko,-0.0334995171660994,0.269655252519401,-0.565566372818726,0.503661772085001,-0.151804151082009,0.24032979930233,-0.6138054087659,0.326391422813242,7.50091055623368,-0.40358427159877,7.46741103906758,-0.555388422680779
1653449783698_rm1z6,-0.537691707168534,0.268152761725088,-1.05259199752933,-0.0135124499027004,-0.0912006690145757,0.247049679744874,-0.561341191558153,0.387387313135558,7.50091055623368,-0.40358427159877,6.96321884906515,-0.494784940613346
1653450284530_jkxbr,-0.348201259049632,0.269448850319866,-0.893723484402413,0.175166417684823,-0.0247413477763893,0.25076896528149,-0.501803383975593,0.471582112493117,7.50091055623368,-0.40358427159877,7.15270929718405,-0.428325619375159
1653452616629_no3wh,-0.822798293737898,0.276094515460078,-1.38117294651065,-0.294443324886493,0.414468673262306,0.25063790301131,-0.0687886163334443,0.919529769799489,7.50091055623368,-0.40358427159877,6.67811226249579,0.0108844016635358
1653455150041_kx7i5,1.26474736084051,0.264433377499836,0.745896946804089,1.77903889886216,0.36968009815914,0.248008272689799,-0.105525422257641,0.851425327092347,7.50091055623368,-0.40358427159877,8.7656579170742,-0.0339041734396298
1653455560920_njjea,0.348782382749968,0.269841754596678,-0.186141473228777,0.876737913288815,-0.0961311812312171,0.245347893994582,-0.581296518409185,0.38588147798852,7.50091055623368,-0.40358427159877,7.84969293898365,-0.499715452829987
1653457526228_fc2yh,0.027541038484265,0.261266076568787,-0.496068369082057,0.547061547302341,0.183898544944736,0.225855063064926,-0.275964743739875,0.606891731542063,7.50091055623368,-0.40358427159877,7.52845159471795,-0.219685726654034
1653458494748_wb6s1,-0.281582619786154,0.277220448202515,-0.807506878554545,0.269293516959976,0.196628256543281,0.237823732123982,-0.258592532959113,0.662960633609723,7.50091055623368,-0.40358427159877,7.21932793644753,-0.206956015055489
1653472093735_s6frg,0.827751310399867,0.257288104496915,0.31863518735689,1.33204977337541,0.2543435712103,0.228915155639285,-0.194429042794155,0.715478590911322,7.50091055623368,-0.40358427159877,8.32866186663355,-0.14924070038847
1653472906007_yp72z,-2.82408257099568,0.264487162944595,-3.3419723609939,-2.30405937215784,-0.545949577184829,0.238950477023941,-1.00800642170544,-0.0782341009320164,7.50091055623368,-0.40358427159877,4.67682798523801,-0.949533848783599
1653473296611_e9ywy,0.70773917888527,0.269252478795571,0.179732085062397,1.23492495183618,0.261838877537301,0.242471803085405,-0.208965767753037,0.739492202810257,7.50091055623368,-0.40358427159877,8.20864973511895,-0.141745394061469
1653477445015_h69ak,0.699675530284388,0.268848199020674,0.182293489917784,1.24315404621741,0.117841624949039,0.23933144736561,-0.3407132192045,0.583543000023248,7.50091055623368,-0.40358427159877,8.20058608651807,-0.285742646649731
1653479020475_sp4lk,-0.611027824187772,0.273328834409206,-1.12860495879515,-0.0897926966684009,-0.116736214972154,0.249707721940153,-0.594557234870633,0.392602829449324,7.50091055623368,-0.40358427159877,6.88988273204591,-0.520320486570923
1653483689380_uq9fu,-3.11253384130043,0.26929503064426,-3.65664827946231,-2.59743793881885,-1.34177143297274,0.236836035780945,-1.80891878547237,-0.889623170976902,7.50091055623368,-0.40358427159877,4.38837671493326,-1.74535570457151
