user_id,condition,topic,climate_perc,concern,desired_frequency,exposure_frequency,hope,human_activity,importance,newsworthiness,problem,rating_combined
1652910426203_slw42,-0.5,climate,18,4,1,5,3,4,4,4,4,4
1652910426203_slw42,-0.5,election,18,,1,5,,,5,5,,5
1652910426203_slw42,-0.5,johnny,18,,1,5,,,3,4,,3.5
1652910503094_tinli,-0.5,climate,21,6,3,3,1,6,6,6,6,6
1652910503094_tinli,-0.5,election,21,,3,4,,,6,6,,6
1652910503094_tinli,-0.5,johnny,21,,1,5,,,4,3,,3.5
1652910733996_1puuk,-0.5,climate,10,4,2,2,2,5,5,4,4,4.5
1652910733996_1puuk,-0.5,election,10,,2,1,,,5,4,,4.5
1652910733996_1puuk,-0.5,johnny,10,,1,2,,,3,2,,2.5
1652910748736_2tub9,-0.5,climate,30,4,2,5,4,5,5,5,5,5
1652910748736_2tub9,-0.5,election,30,,2,4,,,5,5,,5
1652910748736_2tub9,-0.5,johnny,30,,1,6,,,2,2,,2
1652910761747_2kgwd,-0.5,climate,5,4,3,2,3,5,5,5,5,5
1652910761747_2kgwd,-0.5,election,5,,3,3,,,5,5,,5
1652910761747_2kgwd,-0.5,johnny,5,,1,5,,,2,3,,2.5
1652910816292_ln7bs,-0.5,climate,15,3,3,3,3,5,6,5,5,5.5
1652910816292_ln7bs,-0.5,election,15,,2,2,,,5,4,,4.5
1652910816292_ln7bs,-0.5,johnny,15,,1,7,,,4,6,,5
1652910842045_6dhjx,-0.5,climate,5,6,3,2,2,6,6,6,6,6
1652910842045_6dhjx,-0.5,election,5,,3,2,,,4,4,,4
1652910842045_6dhjx,-0.5,johnny,5,,2,5,,,4,4,,4
1652910892507_s7rvi,0.5,climate,70,5,2,3,2,6,6,6,6,6
1652910892507_s7rvi,0.5,election,70,,1,2,,,2,5,,3.5
1652910892507_s7rvi,0.5,johnny,70,,1,7,,,4,6,,5
1652910903028_kvb2g,-0.5,climate,21,5,3,4,3,6,6,6,6,6
1652910903028_kvb2g,-0.5,election,21,,2,3,,,5,5,,5
1652910903028_kvb2g,-0.5,johnny,21,,1,5,,,3,2,,2.5
1652910937570_36he4,0.5,climate,70,6,3,6,3,6,6,6,6,6
1652910937570_36he4,0.5,election,70,,2,7,,,6,6,,6
1652910937570_36he4,0.5,johnny,70,,1,7,,,2,3,,2.5
1652911105205_92l3k,-0.5,climate,50,5,3,6,3,4,6,5,5,5.5
1652911105205_92l3k,-0.5,election,50,,2,6,,,5,5,,5
1652911105205_92l3k,-0.5,johnny,50,,1,6,,,3,4,,3.5
1652911186405_dlpvo,0.5,climate,50,4,2,5,3,4,5,5,4,5
1652911186405_dlpvo,0.5,election,50,,2,5,,,4,4,,4
1652911186405_dlpvo,0.5,johnny,50,,2,5,,,4,4,,4
1652911207279_zz7co,-0.5,climate,1,3,2,4,2,2,6,6,4,6
1652911207279_zz7co,-0.5,election,1,,1,5,,,4,4,,4
1652911207279_zz7co,-0.5,johnny,1,,1,6,,,3,3,,3
1652911225630_2d92y,-0.5,climate,31,4,3,4,3,4,5,5,6,5
1652911225630_2d92y,-0.5,election,31,,2,4,,,4,4,,4
1652911225630_2d92y,-0.5,johnny,31,,1,7,,,1,1,,1
1652911329308_zoysq,0.5,climate,45,2,2,3,2,4,6,4,5,5
1652911329308_zoysq,0.5,election,45,,2,5,,,4,5,,4.5
1652911329308_zoysq,0.5,johnny,45,,3,6,,,4,5,,4.5
1652911700844_nwdn5,0.5,climate,70,6,3,7,1,6,6,6,6,6
1652911700844_nwdn5,0.5,election,70,,3,7,,,6,6,,6
1652911700844_nwdn5,0.5,johnny,70,,2,7,,,3,4,,3.5
1652911714830_261u5,-0.5,climate,11,5,2,5,2,6,6,5,5,5.5
1652911714830_261u5,-0.5,election,11,,3,4,,,5,5,,5
1652911714830_261u5,-0.5,johnny,11,,1,7,,,3,6,,4.5
1652911734820_v3t3k,0.5,climate,53,6,3,2,3,6,6,6,6,6
1652911734820_v3t3k,0.5,election,53,,2,1,,,5,6,,5.5
1652911734820_v3t3k,0.5,johnny,53,,1,7,,,2,2,,2
1652912442874_7znr0,-0.5,climate,21,1,1,5,3,2,2,1,1,1.5
1652912442874_7znr0,-0.5,election,21,,3,3,,,5,5,,5
1652912442874_7znr0,-0.5,johnny,21,,1,5,,,1,1,,1
1652912696029_jqedq,0.5,climate,23,2,3,3,1,4,5,5,6,5
1652912696029_jqedq,0.5,election,23,,3,2,,,4,5,,4.5
1652912696029_jqedq,0.5,johnny,23,,1,7,,,1,1,,1
1652912773635_qxlj9,-0.5,climate,20,6,3,6,2,6,6,6,6,6
1652912773635_qxlj9,-0.5,election,20,,3,7,,,6,6,,6
1652912773635_qxlj9,-0.5,johnny,20,,1,5,,,2,3,,2.5
1652912859774_f7sun,-0.5,climate,15,3,1,5,3,5,4,4,4,4
1652912859774_f7sun,-0.5,election,15,,2,5,,,5,5,,5
1652912859774_f7sun,-0.5,johnny,15,,1,7,,,1,3,,2
1652915852387_dmgxa,0.5,climate,58,6,3,4,2,6,6,6,6,6
1652915852387_dmgxa,0.5,election,58,,1,7,,,5,4,,4.5
1652915852387_dmgxa,0.5,johnny,58,,1,5,,,2,2,,2
1652917134182_wm0ng,0.5,climate,40,1,1,5,1,1,1,1,1,1
1652917134182_wm0ng,0.5,election,40,,1,3,,,2,2,,2
1652917134182_wm0ng,0.5,johnny,40,,1,1,,,1,1,,1
1653058698136_777ag,0.5,climate,33,1,1,4,3,4,4,4,3,4
1653058698136_777ag,0.5,election,33,,3,5,,,6,6,,6
1653058698136_777ag,0.5,johnny,33,,1,7,,,3,4,,3.5
1653058701844_6mf6f,0.5,climate,77,4,3,5,1,5,5,4,5,4.5
1653058701844_6mf6f,0.5,election,77,,3,5,,,5,4,,4.5
1653058701844_6mf6f,0.5,johnny,77,,1,6,,,2,2,,2
1653058712144_bk9sd,0.5,climate,51,6,3,3,5,6,6,6,6,6
1653058712144_bk9sd,0.5,election,51,,2,2,,,6,6,,6
1653058712144_bk9sd,0.5,johnny,51,,2,7,,,4,4,,4
1653058763782_unr9z,-0.5,climate,28,6,3,4,1,6,6,6,6,6
1653058763782_unr9z,-0.5,election,28,,3,6,,,6,6,,6
1653058763782_unr9z,-0.5,johnny,28,,1,7,,,1,1,,1
1653058774698_vryei,-0.5,climate,11,6,3,3,3,6,6,6,6,6
1653058774698_vryei,-0.5,election,11,,2,2,,,6,6,,6
1653058774698_vryei,-0.5,johnny,11,,2,7,,,6,6,,6
1653058786142_r92wg,-0.5,climate,2,5,3,1,2,5,6,6,5,6
1653058786142_r92wg,-0.5,election,2,,3,5,,,6,6,,6
1653058786142_r92wg,-0.5,johnny,2,,1,7,,,2,2,,2
1653058788957_g0y88,-0.5,climate,20,4,2,7,3,4,5,4,4,4.5
1653058788957_g0y88,-0.5,election,20,,3,5,,,4,3,,3.5
1653058788957_g0y88,-0.5,johnny,20,,2,7,,,5,4,,4.5
1653058827893_y9ly9,-0.5,climate,20,4,2,3,3,5,6,5,5,5.5
1653058827893_y9ly9,-0.5,election,20,,2,4,,,5,4,,4.5
1653058827893_y9ly9,-0.5,johnny,20,,1,5,,,3,4,,3.5
1653058841633_aasvb,-0.5,climate,5,2,2,5,3,4,4,4,4,4
1653058841633_aasvb,-0.5,election,5,,1,5,,,4,4,,4
1653058841633_aasvb,-0.5,johnny,5,,1,7,,,1,1,,1
1653058878908_cz47q,-0.5,climate,13,5,3,2,2,6,6,4,6,5
1653058878908_cz47q,-0.5,election,13,,2,6,,,4,4,,4
1653058878908_cz47q,-0.5,johnny,13,,1,7,,,2,3,,2.5
1653058956851_6lcq3,0.5,climate,44,2,1,2,4,3,4,4,3,4
1653058956851_6lcq3,0.5,election,44,,3,7,,,5,5,,5
1653058956851_6lcq3,0.5,johnny,44,,1,2,,,3,2,,2.5
1653058994802_uu4ny,-0.5,climate,10,1,1,2,5,1,1,1,1,1
1653058994802_uu4ny,-0.5,election,10,,3,4,,,5,5,,5
1653058994802_uu4ny,-0.5,johnny,10,,1,7,,,5,5,,5
1653059009088_nnzgf,-0.5,climate,41,5,2,5,1,5,5,5,6,5
1653059009088_nnzgf,-0.5,election,41,,3,7,,,5,5,,5
1653059009088_nnzgf,-0.5,johnny,41,,1,7,,,1,1,,1
1653059027181_uw94w,0.5,climate,35,3,3,6,1,4,5,5,6,5
1653059027181_uw94w,0.5,election,35,,3,6,,,4,5,,4.5
1653059027181_uw94w,0.5,johnny,35,,1,6,,,1,1,,1
1653059092459_tf83p,-0.5,climate,11,1,1,3,1,3,1,1,2,1
1653059092459_tf83p,-0.5,election,11,,2,2,,,5,6,,5.5
1653059092459_tf83p,-0.5,johnny,11,,1,6,,,3,4,,3.5
1653059248806_glicp,-0.5,climate,14,5,3,1,2,5,6,6,6,6
1653059248806_glicp,-0.5,election,14,,3,1,,,6,6,,6
1653059248806_glicp,-0.5,johnny,14,,1,7,,,1,1,,1
1653059491671_hatr8,0.5,climate,64,6,2,5,5,6,6,6,6,6
1653059491671_hatr8,0.5,election,64,,2,4,,,5,5,,5
1653059491671_hatr8,0.5,johnny,64,,1,1,,,3,3,,3
1653059505078_xe3sm,-0.5,climate,26,6,3,7,1,6,6,6,6,6
1653059505078_xe3sm,-0.5,election,26,,2,7,,,6,6,,6
1653059505078_xe3sm,-0.5,johnny,26,,1,7,,,1,1,,1
1653059530997_hamc6,0.5,climate,34,4,2,2,3,5,6,3,6,4.5
1653059530997_hamc6,0.5,election,34,,1,4,,,4,4,,4
1653059530997_hamc6,0.5,johnny,34,,1,7,,,2,6,,4
1653059645734_eyjpb,0.5,climate,65,5,2,3,2,6,5,3,5,4
1653059645734_eyjpb,0.5,election,65,,2,1,,,4,4,,4
1653059645734_eyjpb,0.5,johnny,65,,1,6,,,2,3,,2.5
1653059749864_gky6a,-0.5,climate,37,6,2,5,5,6,5,6,6,5.5
1653059749864_gky6a,-0.5,election,37,,2,3,,,4,4,,4
1653059749864_gky6a,-0.5,johnny,37,,1,5,,,2,3,,2.5
1653059764677_g457o,0.5,climate,40,4,2,4,1,4,4,5,4,4.5
1653059764677_g457o,0.5,election,40,,3,2,,,5,5,,5
1653059764677_g457o,0.5,johnny,40,,1,6,,,4,2,,3
1653059779250_ps4lh,-0.5,climate,5,2,1,5,5,5,2,2,1,2
1653059779250_ps4lh,-0.5,election,5,,3,4,,,5,6,,5.5
1653059779250_ps4lh,-0.5,johnny,5,,1,3,,,1,1,,1
1653059814362_i9zok,-0.5,climate,7,6,3,2,2,6,6,6,6,6
1653059814362_i9zok,-0.5,election,7,,3,2,,,5,6,,5.5
1653059814362_i9zok,-0.5,johnny,7,,1,7,,,2,3,,2.5
1653059838532_l7ugh,0.5,climate,87,5,3,7,1,6,6,5,6,5.5
1653059838532_l7ugh,0.5,election,87,,2,2,,,5,4,,4.5
1653059838532_l7ugh,0.5,johnny,87,,1,2,,,3,5,,4
1653059981552_epp54,0.5,climate,71,5,3,6,2,5,5,5,5,5
1653059981552_epp54,0.5,election,71,,2,4,,,5,5,,5
1653059981552_epp54,0.5,johnny,71,,1,5,,,2,3,,2.5
1653060320032_xxuvz,-0.5,climate,50,6,3,5,3,5,6,6,6,6
1653060320032_xxuvz,-0.5,election,50,,2,4,,,3,3,,3
1653060320032_xxuvz,-0.5,johnny,50,,1,3,,,1,1,,1
1653060340444_hjv7v,-0.5,climate,26,6,3,4,4,5,6,6,6,6
1653060340444_hjv7v,-0.5,election,26,,1,6,,,4,4,,4
1653060340444_hjv7v,-0.5,johnny,26,,1,5,,,3,4,,3.5
1653060370152_6hkrp,0.5,climate,41,4,2,5,3,5,5,5,5,5
1653060370152_6hkrp,0.5,election,41,,2,5,,,5,5,,5
1653060370152_6hkrp,0.5,johnny,41,,1,5,,,1,1,,1
1653060498976_sca23,0.5,climate,12,6,3,5,4,5,6,5,6,5.5
1653060498976_sca23,0.5,election,12,,3,1,,,5,4,,4.5
1653060498976_sca23,0.5,johnny,12,,3,5,,,5,5,,5
1653060614772_gab42,-0.5,climate,15,6,3,3,3,6,6,6,6,6
1653060614772_gab42,-0.5,election,15,,2,2,,,5,4,,4.5
1653060614772_gab42,-0.5,johnny,15,,1,5,,,2,4,,3
1653060704864_ljej1,0.5,climate,50,3,1,6,3,1,4,3,4,3.5
1653060704864_ljej1,0.5,election,50,,1,6,,,3,3,,3
1653060704864_ljej1,0.5,johnny,50,,1,7,,,1,2,,1.5
1653060869132_1ud4e,0.5,climate,29,3,2,1,3,4,4,4,4,4
1653060869132_1ud4e,0.5,election,29,,2,1,,,3,3,,3
1653060869132_1ud4e,0.5,johnny,29,,1,6,,,2,2,,2
1653060898883_ybeop,-0.5,climate,13,4,3,3,2,6,5,5,6,5
1653060898883_ybeop,-0.5,election,13,,2,4,,,5,5,,5
1653060898883_ybeop,-0.5,johnny,13,,1,7,,,4,4,,4
1653060899172_wodo6,0.5,climate,77,5,2,5,4,5,6,6,5,6
1653060899172_wodo6,0.5,election,77,,2,5,,,5,5,,5
1653060899172_wodo6,0.5,johnny,77,,1,5,,,4,5,,4.5
1653061018955_tayrp,-0.5,climate,10,6,3,4,2,6,6,5,6,5.5
1653061018955_tayrp,-0.5,election,10,,3,5,,,6,6,,6
1653061018955_tayrp,-0.5,johnny,10,,1,7,,,1,1,,1
1653061087712_647b1,0.5,climate,60,5,3,4,2,6,6,6,6,6
1653061087712_647b1,0.5,election,60,,3,4,,,6,6,,6
1653061087712_647b1,0.5,johnny,60,,1,7,,,2,2,,2
1653061230226_7kekk,-0.5,climate,50,4,1,7,1,6,4,3,6,3.5
1653061230226_7kekk,-0.5,election,50,,1,7,,,5,4,,4.5
1653061230226_7kekk,-0.5,johnny,50,,1,4,,,4,3,,3.5
1653061260894_c77bd,0.5,climate,14,6,3,4,2,6,6,6,6,6
1653061260894_c77bd,0.5,election,14,,3,1,,,6,6,,6
1653061260894_c77bd,0.5,johnny,14,,1,6,,,3,3,,3
1653061410005_3gk6c,0.5,climate,40,4,2,5,3,5,5,5,5,5
1653061410005_3gk6c,0.5,election,40,,1,4,,,4,4,,4
1653061410005_3gk6c,0.5,johnny,40,,1,6,,,2,2,,2
1653061489434_cin1n,0.5,climate,82,5,2,4,3,6,5,4,6,4.5
1653061489434_cin1n,0.5,election,82,,1,3,,,5,5,,5
1653061489434_cin1n,0.5,johnny,82,,1,5,,,3,5,,4
1653061560459_fqe3j,-0.5,climate,10,1,1,2,3,3,2,2,2,2
1653061560459_fqe3j,-0.5,election,10,,2,3,,,4,4,,4
1653061560459_fqe3j,-0.5,johnny,10,,2,7,,,5,5,,5
1653061860720_nh4cp,0.5,climate,20,5,3,6,2,5,6,6,6,6
1653061860720_nh4cp,0.5,election,20,,3,5,,,6,6,,6
1653061860720_nh4cp,0.5,johnny,20,,1,7,,,3,4,,3.5
1653061981238_qunfj,-0.5,climate,5,5,2,6,3,5,6,4,5,5
1653061981238_qunfj,-0.5,election,5,,1,1,,,2,4,,3
1653061981238_qunfj,-0.5,johnny,5,,1,5,,,1,4,,2.5
1653062005559_od6jw,0.5,climate,57,6,3,6,2,6,6,6,6,6
1653062005559_od6jw,0.5,election,57,,2,4,,,4,4,,4
1653062005559_od6jw,0.5,johnny,57,,1,7,,,1,2,,1.5
1653062029852_8jzvt,0.5,climate,75,6,3,6,2,6,6,5,6,5.5
1653062029852_8jzvt,0.5,election,75,,2,3,,,5,5,,5
1653062029852_8jzvt,0.5,johnny,75,,1,5,,,2,2,,2
1653062041823_hj1cl,-0.5,climate,13,5,2,3,3,5,5,4,5,4.5
1653062041823_hj1cl,-0.5,election,13,,3,5,,,5,6,,5.5
1653062041823_hj1cl,-0.5,johnny,13,,1,7,,,4,4,,4
1653062126903_k05zo,-0.5,climate,5,6,3,6,2,6,6,6,6,6
1653062126903_k05zo,-0.5,election,5,,2,6,,,6,6,,6
1653062126903_k05zo,-0.5,johnny,5,,1,7,,,1,1,,1
1653062431620_hmdhi,-0.5,climate,5,6,3,6,2,6,6,6,6,6
1653062431620_hmdhi,-0.5,election,5,,3,5,,,6,6,,6
1653062431620_hmdhi,-0.5,johnny,5,,2,6,,,4,5,,4.5
1653062490527_olp76,-0.5,climate,15,5,2,6,1,6,6,6,6,6
1653062490527_olp76,-0.5,election,15,,2,7,,,6,6,,6
1653062490527_olp76,-0.5,johnny,15,,1,7,,,2,2,,2
1653062660536_840w8,0.5,climate,50,6,3,6,3,6,6,6,5,6
1653062660536_840w8,0.5,election,50,,3,6,,,5,5,,5
1653062660536_840w8,0.5,johnny,50,,2,4,,,4,4,,4
1653062919216_opvfj,-0.5,climate,30,4,2,5,4,5,6,6,5,6
1653062919216_opvfj,-0.5,election,30,,2,4,,,5,5,,5
1653062919216_opvfj,-0.5,johnny,30,,1,6,,,3,3,,3
1653063038412_oziyo,-0.5,climate,25,5,3,2,2,6,6,5,5,5.5
1653063038412_oziyo,-0.5,election,25,,1,5,,,3,3,,3
1653063038412_oziyo,-0.5,johnny,25,,1,5,,,1,1,,1
1653063862236_i7wek,0.5,climate,40,6,3,3,1,6,6,6,6,6
1653063862236_i7wek,0.5,election,40,,3,3,,,5,5,,5
1653063862236_i7wek,0.5,johnny,40,,1,7,,,1,5,,3
1653064268900_lz9ct,-0.5,climate,10,4,3,5,2,4,4,4,5,4
1653064268900_lz9ct,-0.5,election,10,,2,6,,,4,4,,4
1653064268900_lz9ct,-0.5,johnny,10,,1,7,,,2,2,,2
1653064326250_ob0i0,-0.5,climate,15,6,3,3,2,6,6,6,6,6
1653064326250_ob0i0,-0.5,election,15,,1,5,,,3,3,,3
1653064326250_ob0i0,-0.5,johnny,15,,1,7,,,1,1,,1
1653064729086_gjz5e,0.5,climate,65,5,2,5,3,6,5,5,6,5
1653064729086_gjz5e,0.5,election,65,,2,5,,,5,5,,5
1653064729086_gjz5e,0.5,johnny,65,,1,5,,,2,3,,2.5
1653064791110_25epr,0.5,climate,60,4,2,5,3,5,6,6,5,6
1653064791110_25epr,0.5,election,60,,1,4,,,3,3,,3
1653064791110_25epr,0.5,johnny,60,,2,7,,,4,6,,5
1653064863783_6mkhv,0.5,climate,82,4,2,2,3,5,5,4,5,4.5
1653064863783_6mkhv,0.5,election,82,,3,3,,,5,3,,4
1653064863783_6mkhv,0.5,johnny,82,,1,5,,,2,5,,3.5
1653065056839_176cu,-0.5,climate,30,5,3,4,2,6,6,6,6,6
1653065056839_176cu,-0.5,election,30,,3,2,,,5,6,,5.5
1653065056839_176cu,-0.5,johnny,30,,1,6,,,1,1,,1
1653065211515_1ibfd,0.5,climate,15,5,3,5,1,5,6,5,5,5.5
1653065211515_1ibfd,0.5,election,15,,3,1,,,5,5,,5
1653065211515_1ibfd,0.5,johnny,15,,1,7,,,1,2,,1.5
1653065236336_bd1xw,-0.5,climate,15,6,2,5,3,6,6,6,6,6
1653065236336_bd1xw,-0.5,election,15,,1,3,,,5,5,,5
1653065236336_bd1xw,-0.5,johnny,15,,3,7,,,3,3,,3
1653065562281_arrob,0.5,climate,50,4,1,6,3,6,5,5,4,5
1653065562281_arrob,0.5,election,50,,1,5,,,4,4,,4
1653065562281_arrob,0.5,johnny,50,,1,7,,,4,3,,3.5
1653065566688_mzw3c,0.5,climate,74,2,2,5,3,5,4,6,5,5
1653065566688_mzw3c,0.5,election,74,,2,5,,,6,6,,6
1653065566688_mzw3c,0.5,johnny,74,,1,6,,,1,1,,1
1653065677467_ejw9v,-0.5,climate,20,5,3,3,3,5,5,5,5,5
1653065677467_ejw9v,-0.5,election,20,,2,3,,,4,4,,4
1653065677467_ejw9v,-0.5,johnny,20,,1,7,,,2,2,,2
1653065774561_a8qpf,0.5,climate,75,6,1,5,1,6,4,4,6,4
1653065774561_a8qpf,0.5,election,75,,1,6,,,4,4,,4
1653065774561_a8qpf,0.5,johnny,75,,2,7,,,2,2,,2
1653065844736_5x7gn,-0.5,climate,10,6,3,4,3,6,6,6,6,6
1653065844736_5x7gn,-0.5,election,10,,3,5,,,5,5,,5
1653065844736_5x7gn,-0.5,johnny,10,,1,7,,,1,1,,1
1653065864585_sz0vh,-0.5,climate,24,6,3,5,2,6,6,6,5,6
1653065864585_sz0vh,-0.5,election,24,,2,3,,,6,6,,6
1653065864585_sz0vh,-0.5,johnny,24,,3,5,,,6,6,,6
1653065948421_78u13,-0.5,climate,48,2,1,2,2,2,4,2,2,3
1653065948421_78u13,-0.5,election,48,,2,3,,,6,5,,5.5
1653065948421_78u13,-0.5,johnny,48,,1,7,,,1,2,,1.5
1653066058315_pw4nx,0.5,climate,33,6,2,7,2,6,6,6,6,6
1653066058315_pw4nx,0.5,election,33,,1,5,,,2,2,,2
1653066058315_pw4nx,0.5,johnny,33,,1,7,,,1,1,,1
1653066121758_v22gk,0.5,climate,50,6,2,5,4,6,5,5,5,5
1653066121758_v22gk,0.5,election,50,,2,4,,,5,4,,4.5
1653066121758_v22gk,0.5,johnny,50,,3,7,,,3,6,,4.5
1653066170339_8jixo,0.5,climate,50,5,2,7,3,5,5,5,5,5
1653066170339_8jixo,0.5,election,50,,2,7,,,5,5,,5
1653066170339_8jixo,0.5,johnny,50,,3,7,,,5,5,,5
1653066329389_sw6e2,0.5,climate,64,5,2,5,3,5,5,5,5,5
1653066329389_sw6e2,0.5,election,64,,2,4,,,4,4,,4
1653066329389_sw6e2,0.5,johnny,64,,1,7,,,3,4,,3.5
1653066404661_tq0ad,0.5,climate,60,6,3,6,3,6,6,6,6,6
1653066404661_tq0ad,0.5,election,60,,2,6,,,5,6,,5.5
1653066404661_tq0ad,0.5,johnny,60,,1,7,,,3,4,,3.5
1653066508437_2xsph,0.5,climate,55,4,3,4,5,5,6,6,6,6
1653066508437_2xsph,0.5,election,55,,2,5,,,5,5,,5
1653066508437_2xsph,0.5,johnny,55,,2,6,,,4,5,,4.5
1653066621026_635f0,-0.5,climate,12,4,3,3,3,6,4,4,4,4
1653066621026_635f0,-0.5,election,12,,1,7,,,6,6,,6
1653066621026_635f0,-0.5,johnny,12,,1,7,,,3,3,,3
1653066622604_f8zt8,-0.5,climate,15,3,2,2,3,4,4,4,5,4
1653066622604_f8zt8,-0.5,election,15,,2,2,,,4,4,,4
1653066622604_f8zt8,-0.5,johnny,15,,1,6,,,3,3,,3
1653066821455_0javt,0.5,climate,35,1,2,5,2,4,4,2,2,3
1653066821455_0javt,0.5,election,35,,3,5,,,5,5,,5
1653066821455_0javt,0.5,johnny,35,,1,7,,,1,2,,1.5
1653067326177_nwifo,-0.5,climate,23,2,1,5,1,3,2,2,5,2
1653067326177_nwifo,-0.5,election,23,,3,5,,,6,5,,5.5
1653067326177_nwifo,-0.5,johnny,23,,1,7,,,4,3,,3.5
1653067453645_gh45j,-0.5,climate,26,5,3,1,3,5,6,6,4,6
1653067453645_gh45j,-0.5,election,26,,3,2,,,6,6,,6
1653067453645_gh45j,-0.5,johnny,26,,1,7,,,1,2,,1.5
1653067655731_3b0m8,0.5,climate,33,6,3,4,3,6,6,6,6,6
1653067655731_3b0m8,0.5,election,33,,2,4,,,5,5,,5
1653067655731_3b0m8,0.5,johnny,33,,2,5,,,4,4,,4
1653067657131_r2qxd,0.5,climate,60,2,1,6,3,3,2,2,2,2
1653067657131_r2qxd,0.5,election,60,,2,7,,,5,5,,5
1653067657131_r2qxd,0.5,johnny,60,,2,5,,,3,3,,3
1653067731504_32h4z,-0.5,climate,10,6,3,4,3,6,6,6,6,6
1653067731504_32h4z,-0.5,election,10,,1,4,,,3,4,,3.5
1653067731504_32h4z,-0.5,johnny,10,,1,6,,,2,4,,3
1653067932921_4hdhh,0.5,climate,100,1,1,1,1,4,1,1,1,1
1653067932921_4hdhh,0.5,election,100,,3,4,,,6,6,,6
1653067932921_4hdhh,0.5,johnny,100,,1,1,,,1,1,,1
1653068293962_2g6se,0.5,climate,43,6,2,3,4,5,5,5,5,5
1653068293962_2g6se,0.5,election,43,,2,2,,,5,4,,4.5
1653068293962_2g6se,0.5,johnny,43,,3,7,,,2,6,,4
1653068301192_1uk6e,0.5,climate,78,4,3,5,3,5,5,6,5,5.5
1653068301192_1uk6e,0.5,election,78,,3,1,,,5,4,,4.5
1653068301192_1uk6e,0.5,johnny,78,,1,7,,,3,2,,2.5
1653068338639_gi4sv,-0.5,climate,7,2,1,5,3,2,2,2,2,2
1653068338639_gi4sv,-0.5,election,7,,2,6,,,6,6,,6
1653068338639_gi4sv,-0.5,johnny,7,,1,7,,,1,1,,1
1653068567528_9p83n,-0.5,climate,51,6,3,4,5,6,6,6,6,6
1653068567528_9p83n,-0.5,election,51,,3,6,,,6,6,,6
1653068567528_9p83n,-0.5,johnny,51,,2,6,,,4,4,,4
1653068570209_083k5,-0.5,climate,50,5,3,5,5,4,6,5,5,5.5
1653068570209_083k5,-0.5,election,50,,2,6,,,5,5,,5
1653068570209_083k5,-0.5,johnny,50,,2,4,,,5,6,,5.5
1653068809449_txq47,0.5,climate,65,6,3,7,4,5,6,6,6,6
1653068809449_txq47,0.5,election,65,,2,5,,,5,4,,4.5
1653068809449_txq47,0.5,johnny,65,,1,3,,,4,2,,3
1653069110966_23amy,0.5,climate,92,5,2,4,3,4,6,6,5,6
1653069110966_23amy,0.5,election,92,,3,3,,,6,6,,6
1653069110966_23amy,0.5,johnny,92,,2,7,,,4,5,,4.5
1653069237602_0jope,0.5,climate,85,2,1,7,4,4,4,2,2,3
1653069237602_0jope,0.5,election,85,,3,1,,,5,5,,5
1653069237602_0jope,0.5,johnny,85,,1,7,,,1,1,,1
1653069372123_vm3jv,0.5,climate,68,5,2,2,3,5,5,5,5,5
1653069372123_vm3jv,0.5,election,68,,2,5,,,5,4,,4.5
1653069372123_vm3jv,0.5,johnny,68,,1,6,,,1,1,,1
1653069457136_cubx8,0.5,climate,50,2,1,3,2,4,4,3,3,3.5
1653069457136_cubx8,0.5,election,50,,2,5,,,5,4,,4.5
1653069457136_cubx8,0.5,johnny,50,,1,6,,,1,1,,1
1653069678349_myqa5,0.5,climate,50,3,2,5,3,5,5,5,5,5
1653069678349_myqa5,0.5,election,50,,2,6,,,6,6,,6
1653069678349_myqa5,0.5,johnny,50,,2,6,,,4,4,,4
1653069837219_4ojrt,-0.5,climate,15,5,2,5,1,6,6,6,6,6
1653069837219_4ojrt,-0.5,election,15,,3,7,,,5,5,,5
1653069837219_4ojrt,-0.5,johnny,15,,1,7,,,1,1,,1
1653069848227_keol6,-0.5,climate,27,5,3,3,1,6,6,5,6,5.5
1653069848227_keol6,-0.5,election,27,,2,2,,,4,5,,4.5
1653069848227_keol6,-0.5,johnny,27,,2,6,,,5,4,,4.5
1653069997167_bwb2l,-0.5,climate,6,3,2,5,3,5,6,5,6,5.5
1653069997167_bwb2l,-0.5,election,6,,2,7,,,6,6,,6
1653069997167_bwb2l,-0.5,johnny,6,,2,7,,,5,4,,4.5
1653070497421_ity3c,-0.5,climate,5,6,3,5,2,6,6,6,6,6
1653070497421_ity3c,-0.5,election,5,,2,6,,,5,5,,5
1653070497421_ity3c,-0.5,johnny,5,,1,7,,,2,1,,1.5
1653070549847_8mtk7,-0.5,climate,20,3,2,4,2,5,4,4,4,4
1653070549847_8mtk7,-0.5,election,20,,3,1,,,5,6,,5.5
1653070549847_8mtk7,-0.5,johnny,20,,1,6,,,4,4,,4
1653070566316_9xx1j,-0.5,climate,70,5,3,5,3,6,5,5,5,5
1653070566316_9xx1j,-0.5,election,70,,1,4,,,3,4,,3.5
1653070566316_9xx1j,-0.5,johnny,70,,2,7,,,3,6,,4.5
1653070787241_2vnub,0.5,climate,85,1,1,7,1,1,1,1,1,1
1653070787241_2vnub,0.5,election,85,,3,6,,,5,5,,5
1653070787241_2vnub,0.5,johnny,85,,1,7,,,1,1,,1
1653070916244_2rb0r,0.5,climate,60,4,2,5,2,5,5,5,5,5
1653070916244_2rb0r,0.5,election,60,,2,4,,,4,4,,4
1653070916244_2rb0r,0.5,johnny,60,,1,6,,,3,4,,3.5
1653070928451_7zr2g,-0.5,climate,7,6,3,2,2,6,6,6,6,6
1653070928451_7zr2g,-0.5,election,7,,2,5,,,5,6,,5.5
1653070928451_7zr2g,-0.5,johnny,7,,2,6,,,4,4,,4
1653071151786_54c65,-0.5,climate,12,6,3,5,3,6,6,6,6,6
1653071151786_54c65,-0.5,election,12,,2,1,,,4,4,,4
1653071151786_54c65,-0.5,johnny,12,,3,7,,,5,5,,5
1653072266769_9om6z,0.5,climate,56,5,3,4,3,6,6,6,6,6
1653072266769_9om6z,0.5,election,56,,2,5,,,5,4,,4.5
1653072266769_9om6z,0.5,johnny,56,,1,7,,,1,3,,2
1653072289849_71f71,-0.5,climate,13,2,1,5,3,1,2,3,2,2.5
1653072289849_71f71,-0.5,election,13,,2,4,,,6,6,,6
1653072289849_71f71,-0.5,johnny,13,,1,6,,,1,1,,1
1653072638039_j7fcx,-0.5,climate,15,6,3,3,5,6,6,6,6,6
1653072638039_j7fcx,-0.5,election,15,,2,7,,,6,6,,6
1653072638039_j7fcx,-0.5,johnny,15,,3,7,,,6,6,,6
1653072662068_h6j67,-0.5,climate,38,2,1,6,5,3,2,2,3,2
1653072662068_h6j67,-0.5,election,38,,3,5,,,6,6,,6
1653072662068_h6j67,-0.5,johnny,38,,1,7,,,2,2,,2
1653072683530_krh92,0.5,climate,50,1,1,5,1,3,3,3,1,3
1653072683530_krh92,0.5,election,50,,2,5,,,5,4,,4.5
1653072683530_krh92,0.5,johnny,50,,1,7,,,4,4,,4
1653072803706_1tsod,-0.5,climate,70,3,1,5,3,5,4,4,4,4
1653072803706_1tsod,-0.5,election,70,,2,7,,,6,6,,6
1653072803706_1tsod,-0.5,johnny,70,,2,5,,,3,3,,3
1653072854353_nrgyz,-0.5,climate,15,4,1,5,1,2,3,3,5,3
1653072854353_nrgyz,-0.5,election,15,,1,5,,,4,4,,4
1653072854353_nrgyz,-0.5,johnny,15,,1,6,,,1,1,,1
1653073046076_fb0a3,-0.5,climate,29,2,1,6,4,4,4,4,3,4
1653073046076_fb0a3,-0.5,election,29,,1,6,,,5,5,,5
1653073046076_fb0a3,-0.5,johnny,29,,1,7,,,4,3,,3.5
1653073240184_hflxc,-0.5,climate,10,5,2,5,2,3,5,5,4,5
1653073240184_hflxc,-0.5,election,10,,2,6,,,4,4,,4
1653073240184_hflxc,-0.5,johnny,10,,1,7,,,2,4,,3
1653074253509_dyup2,-0.5,climate,16,6,3,4,2,6,6,5,6,5.5
1653074253509_dyup2,-0.5,election,16,,2,5,,,5,5,,5
1653074253509_dyup2,-0.5,johnny,16,,1,6,,,2,4,,3
1653074298795_tq18y,-0.5,climate,38,4,2,5,2,4,4,5,4,4.5
1653074298795_tq18y,-0.5,election,38,,2,5,,,3,4,,3.5
1653074298795_tq18y,-0.5,johnny,38,,1,6,,,3,3,,3
1653074642010_onmyb,-0.5,climate,30,6,3,7,5,6,6,6,6,6
1653074642010_onmyb,-0.5,election,30,,2,6,,,6,6,,6
1653074642010_onmyb,-0.5,johnny,30,,1,5,,,3,3,,3
1653074691197_8r0jg,0.5,climate,70,3,3,2,3,5,5,4,5,4.5
1653074691197_8r0jg,0.5,election,70,,1,5,,,5,5,,5
1653074691197_8r0jg,0.5,johnny,70,,2,6,,,3,5,,4
1653075311256_2pp88,0.5,climate,70,6,3,5,3,6,6,6,6,6
1653075311256_2pp88,0.5,election,70,,2,5,,,5,5,,5
1653075311256_2pp88,0.5,johnny,70,,2,6,,,6,6,,6
1653075414270_mjsxj,-0.5,climate,39,3,3,1,2,5,4,4,5,4
1653075414270_mjsxj,-0.5,election,39,,2,2,,,4,4,,4
1653075414270_mjsxj,-0.5,johnny,39,,1,7,,,1,1,,1
1653075567849_iysnd,-0.5,climate,0,3,1,3,2,4,3,3,4,3
1653075567849_iysnd,-0.5,election,0,,3,3,,,5,5,,5
1653075567849_iysnd,-0.5,johnny,0,,1,4,,,3,3,,3
1653075856902_bqyv1,0.5,climate,59,6,3,4,2,6,6,6,6,6
1653075856902_bqyv1,0.5,election,59,,1,6,,,6,6,,6
1653075856902_bqyv1,0.5,johnny,59,,2,7,,,5,5,,5
1653075874971_vvq67,-0.5,climate,26,3,1,6,1,4,4,4,4,4
1653075874971_vvq67,-0.5,election,26,,2,5,,,5,5,,5
1653075874971_vvq67,-0.5,johnny,26,,1,5,,,1,1,,1
1653076007896_u0rh0,-0.5,climate,45,1,1,6,3,2,2,2,2,2
1653076007896_u0rh0,-0.5,election,45,,2,6,,,6,4,,5
1653076007896_u0rh0,-0.5,johnny,45,,1,6,,,1,1,,1
1653076225370_6cy56,0.5,climate,33,1,1,5,1,2,2,2,2,2
1653076225370_6cy56,0.5,election,33,,3,5,,,4,4,,4
1653076225370_6cy56,0.5,johnny,33,,1,6,,,3,3,,3
1653076544140_zp526,-0.5,climate,10,5,3,5,2,5,6,6,6,6
1653076544140_zp526,-0.5,election,10,,2,2,,,5,4,,4.5
1653076544140_zp526,-0.5,johnny,10,,2,7,,,1,2,,1.5
1653076764370_3tvqx,0.5,climate,37,5,2,5,3,5,6,6,6,6
1653076764370_3tvqx,0.5,election,37,,3,4,,,6,6,,6
1653076764370_3tvqx,0.5,johnny,37,,1,5,,,3,3,,3
1653076776315_v4iw1,0.5,climate,77,6,3,4,3,6,6,6,6,6
1653076776315_v4iw1,0.5,election,77,,2,2,,,5,4,,4.5
1653076776315_v4iw1,0.5,johnny,77,,3,7,,,3,4,,3.5
1653076799193_vjcuf,0.5,climate,69,1,1,5,3,3,3,3,2,3
1653076799193_vjcuf,0.5,election,69,,2,5,,,4,4,,4
1653076799193_vjcuf,0.5,johnny,69,,1,7,,,2,2,,2
1653076802584_2cfyi,0.5,climate,50,6,3,5,5,6,6,6,4,6
1653076802584_2cfyi,0.5,election,50,,1,6,,,5,5,,5
1653076802584_2cfyi,0.5,johnny,50,,1,5,,,3,3,,3
1653077268605_edwa3,0.5,climate,33,6,3,1,1,6,6,6,6,6
1653077268605_edwa3,0.5,election,33,,1,2,,,5,5,,5
1653077268605_edwa3,0.5,johnny,33,,1,7,,,4,4,,4
1653077322737_wv47n,-0.5,climate,5,4,2,2,3,6,4,3,5,3.5
1653077322737_wv47n,-0.5,election,5,,2,7,,,6,6,,6
1653077322737_wv47n,-0.5,johnny,5,,1,6,,,1,6,,3.5
1653077326379_7s16l,0.5,climate,70,4,2,6,3,4,4,4,4,4
1653077326379_7s16l,0.5,election,70,,1,7,,,5,4,,4.5
1653077326379_7s16l,0.5,johnny,70,,2,5,,,3,3,,3
1653077735128_hyppz,-0.5,climate,12,2,2,2,2,3,4,4,2,4
1653077735128_hyppz,-0.5,election,12,,2,5,,,5,5,,5
1653077735128_hyppz,-0.5,johnny,12,,2,6,,,3,3,,3
1653078427543_nngmi,-0.5,climate,30,4,2,5,3,5,5,5,5,5
1653078427543_nngmi,-0.5,election,30,,1,1,,,3,3,,3
1653078427543_nngmi,-0.5,johnny,30,,1,4,,,4,3,,3.5
1653078492067_3r0yu,-0.5,climate,4,4,3,2,3,5,6,6,6,6
1653078492067_3r0yu,-0.5,election,4,,2,1,,,6,6,,6
1653078492067_3r0yu,-0.5,johnny,4,,1,7,,,1,1,,1
1653078851089_6h67n,0.5,climate,51,6,3,4,3,5,6,6,6,6
1653078851089_6h67n,0.5,election,51,,1,4,,,4,4,,4
1653078851089_6h67n,0.5,johnny,51,,2,6,,,5,5,,5
1653079457776_6u6zf,-0.5,climate,12,6,3,5,2,6,6,6,6,6
1653079457776_6u6zf,-0.5,election,12,,3,5,,,6,6,,6
1653079457776_6u6zf,-0.5,johnny,12,,1,6,,,3,3,,3
1653079923411_20jks,-0.5,climate,5,6,2,5,3,6,6,5,6,5.5
1653079923411_20jks,-0.5,election,5,,1,5,,,4,3,,3.5
1653079923411_20jks,-0.5,johnny,5,,1,7,,,2,3,,2.5
1653080563912_v8y9k,0.5,climate,100,6,3,1,1,6,6,6,6,6
1653080563912_v8y9k,0.5,election,100,,1,1,,,6,4,,5
1653080563912_v8y9k,0.5,johnny,100,,2,7,,,4,6,,5
1653081332964_labb8,-0.5,climate,0,6,3,4,3,6,6,6,6,6
1653081332964_labb8,-0.5,election,0,,2,1,,,4,4,,4
1653081332964_labb8,-0.5,johnny,0,,1,5,,,4,4,,4
1653081373748_vc62e,0.5,climate,39,1,2,2,3,4,3,3,3,3
1653081373748_vc62e,0.5,election,39,,3,5,,,6,6,,6
1653081373748_vc62e,0.5,johnny,39,,1,5,,,1,5,,3
1653081715108_w3l0w,-0.5,climate,27,5,3,3,3,6,6,6,6,6
1653081715108_w3l0w,-0.5,election,27,,1,2,,,3,3,,3
1653081715108_w3l0w,-0.5,johnny,27,,3,7,,,6,6,,6
1653081971466_ovot6,0.5,climate,27,5,3,5,5,6,6,6,6,6
1653081971466_ovot6,0.5,election,27,,3,5,,,5,4,,4.5
1653081971466_ovot6,0.5,johnny,27,,1,6,,,1,1,,1
1653081984016_3yp24,0.5,climate,60,6,2,4,2,6,6,5,6,5.5
1653081984016_3yp24,0.5,election,60,,3,2,,,6,5,,5.5
1653081984016_3yp24,0.5,johnny,60,,1,7,,,3,2,,2.5
1653082007199_erdh0,-0.5,climate,8,4,2,5,3,6,5,5,5,5
1653082007199_erdh0,-0.5,election,8,,1,5,,,3,3,,3
1653082007199_erdh0,-0.5,johnny,8,,1,6,,,3,3,,3
1653082354248_nmtuo,0.5,climate,88,3,1,1,2,6,4,4,6,4
1653082354248_nmtuo,0.5,election,88,,1,1,,,1,1,,1
1653082354248_nmtuo,0.5,johnny,88,,3,5,,,4,4,,4
1653082728760_r7vui,-0.5,climate,17,4,1,2,3,4,6,5,4,5.5
1653082728760_r7vui,-0.5,election,17,,1,7,,,5,6,,5.5
1653082728760_r7vui,-0.5,johnny,17,,1,7,,,4,6,,5
1653083674284_v68m4,-0.5,climate,20,6,3,4,3,6,6,5,6,5.5
1653083674284_v68m4,-0.5,election,20,,3,1,,,5,6,,5.5
1653083674284_v68m4,-0.5,johnny,20,,2,5,,,4,3,,3.5
1653083748468_9sga5,0.5,climate,59,5,3,3,2,6,5,5,6,5
1653083748468_9sga5,0.5,election,59,,3,5,,,5,5,,5
1653083748468_9sga5,0.5,johnny,59,,1,7,,,2,2,,2
1653084118574_jm0xo,0.5,climate,36,6,3,2,1,6,6,6,6,6
1653084118574_jm0xo,0.5,election,36,,3,5,,,6,6,,6
1653084118574_jm0xo,0.5,johnny,36,,1,7,,,4,5,,4.5
1653084330703_t8gwq,-0.5,climate,18,6,3,7,5,6,6,6,6,6
1653084330703_t8gwq,-0.5,election,18,,3,7,,,5,6,,5.5
1653084330703_t8gwq,-0.5,johnny,18,,1,7,,,4,3,,3.5
1653084561079_3g5d4,0.5,climate,52,5,3,4,1,4,5,5,6,5
1653084561079_3g5d4,0.5,election,52,,2,5,,,6,5,,5.5
1653084561079_3g5d4,0.5,johnny,52,,1,7,,,1,1,,1
1653085158931_r29xn,0.5,climate,19,4,3,4,4,5,6,5,6,5.5
1653085158931_r29xn,0.5,election,19,,2,1,,,4,4,,4
1653085158931_r29xn,0.5,johnny,19,,1,6,,,1,4,,2.5
1653085522317_dzpip,0.5,climate,77,2,1,1,2,3,3,4,3,3.5
1653085522317_dzpip,0.5,election,77,,2,6,,,6,6,,6
1653085522317_dzpip,0.5,johnny,77,,1,7,,,1,1,,1
1653085721159_2r0tp,-0.5,climate,4,6,3,5,2,6,6,6,6,6
1653085721159_2r0tp,-0.5,election,4,,3,5,,,6,6,,6
1653085721159_2r0tp,-0.5,johnny,4,,1,6,,,4,4,,4
1653086623758_k9h23,0.5,climate,84,6,2,4,4,6,5,3,5,4
1653086623758_k9h23,0.5,election,84,,1,2,,,1,1,,1
1653086623758_k9h23,0.5,johnny,84,,1,6,,,2,5,,3.5
1653086723824_4djax,-0.5,climate,10,6,3,3,2,6,6,6,6,6
1653086723824_4djax,-0.5,election,10,,3,5,,,5,5,,5
1653086723824_4djax,-0.5,johnny,10,,1,6,,,1,1,,1
1653086994453_4ntz2,-0.5,climate,9,6,3,5,1,6,6,6,6,6
1653086994453_4ntz2,-0.5,election,9,,1,6,,,4,4,,4
1653086994453_4ntz2,-0.5,johnny,9,,1,7,,,2,3,,2.5
1653087086064_u9r7b,-0.5,climate,50,5,2,6,3,5,4,4,5,4
1653087086064_u9r7b,-0.5,election,50,,2,5,,,5,5,,5
1653087086064_u9r7b,-0.5,johnny,50,,2,7,,,2,4,,3
1653087197668_gwdaf,-0.5,climate,17,3,2,2,3,4,4,4,4,4
1653087197668_gwdaf,-0.5,election,17,,2,5,,,5,5,,5
1653087197668_gwdaf,-0.5,johnny,17,,2,7,,,3,6,,4.5
1653087972819_lwvv6,-0.5,climate,5,5,3,1,2,5,5,5,5,5
1653087972819_lwvv6,-0.5,election,5,,2,4,,,4,4,,4
1653087972819_lwvv6,-0.5,johnny,5,,1,7,,,4,4,,4
1653088029396_bc8a9,0.5,climate,50,5,3,3,2,5,5,5,5,5
1653088029396_bc8a9,0.5,election,50,,2,5,,,4,4,,4
1653088029396_bc8a9,0.5,johnny,50,,1,7,,,1,1,,1
1653088131477_6ngrx,-0.5,climate,12,6,3,4,2,6,6,6,6,6
1653088131477_6ngrx,-0.5,election,12,,3,5,,,6,6,,6
1653088131477_6ngrx,-0.5,johnny,12,,1,3,,,1,1,,1
1653088409557_q3a98,0.5,climate,20,5,2,5,3,6,6,5,6,5.5
1653088409557_q3a98,0.5,election,20,,2,7,,,6,6,,6
1653088409557_q3a98,0.5,johnny,20,,1,7,,,2,4,,3
1653089100577_336qk,-0.5,climate,36,5,3,2,3,5,6,5,5,5.5
1653089100577_336qk,-0.5,election,36,,2,1,,,5,4,,4.5
1653089100577_336qk,-0.5,johnny,36,,1,5,,,2,3,,2.5
1653089299845_h43rx,0.5,climate,30,5,2,4,1,5,6,5,6,5.5
1653089299845_h43rx,0.5,election,30,,2,5,,,5,5,,5
1653089299845_h43rx,0.5,johnny,30,,1,5,,,3,4,,3.5
1653089312193_x1okw,-0.5,climate,32,5,3,6,3,6,6,6,6,6
1653089312193_x1okw,-0.5,election,32,,3,6,,,6,5,,5.5
1653089312193_x1okw,-0.5,johnny,32,,1,5,,,2,3,,2.5
1653089326079_rm7d0,0.5,climate,92,5,2,6,3,5,6,5,5,5.5
1653089326079_rm7d0,0.5,election,92,,3,5,,,5,4,,4.5
1653089326079_rm7d0,0.5,johnny,92,,2,6,,,3,4,,3.5
1653090087230_rt55r,0.5,climate,70,3,2,2,3,4,5,5,5,5
1653090087230_rt55r,0.5,election,70,,2,4,,,4,4,,4
1653090087230_rt55r,0.5,johnny,70,,1,1,,,3,3,,3
1653090212831_16kqf,0.5,climate,58,5,3,6,4,5,6,6,5,6
1653090212831_16kqf,0.5,election,58,,3,5,,,4,5,,4.5
1653090212831_16kqf,0.5,johnny,58,,1,3,,,3,3,,3
1653090420162_nu165,-0.5,climate,5,5,2,4,1,5,6,5,5,5.5
1653090420162_nu165,-0.5,election,5,,3,5,,,6,6,,6
1653090420162_nu165,-0.5,johnny,5,,1,7,,,2,3,,2.5
1653090554071_lnwb2,-0.5,climate,5,6,3,4,4,6,6,6,6,6
1653090554071_lnwb2,-0.5,election,5,,1,4,,,4,4,,4
1653090554071_lnwb2,-0.5,johnny,5,,1,7,,,2,2,,2
1653090632927_rfef6,-0.5,climate,8,4,3,4,3,5,5,5,5,5
1653090632927_rfef6,-0.5,election,8,,2,5,,,4,4,,4
1653090632927_rfef6,-0.5,johnny,8,,1,7,,,2,2,,2
1653090816197_qzn1x,-0.5,climate,38,3,3,2,2,4,5,5,5,5
1653090816197_qzn1x,-0.5,election,38,,2,1,,,5,5,,5
1653090816197_qzn1x,-0.5,johnny,38,,2,6,,,3,4,,3.5
1653090924580_9de3e,0.5,climate,42,6,3,4,2,6,6,6,6,6
1653090924580_9de3e,0.5,election,42,,2,6,,,5,5,,5
1653090924580_9de3e,0.5,johnny,42,,1,7,,,2,2,,2
1653090986481_o65yk,0.5,climate,45,3,1,4,3,5,4,3,4,3.5
1653090986481_o65yk,0.5,election,45,,3,5,,,5,4,,4.5
1653090986481_o65yk,0.5,johnny,45,,1,7,,,3,3,,3
1653091267625_0s4yj,-0.5,climate,33,4,2,4,3,6,5,5,6,5
1653091267625_0s4yj,-0.5,election,33,,1,5,,,5,5,,5
1653091267625_0s4yj,-0.5,johnny,33,,1,7,,,1,3,,2
1653092419006_xqmh4,0.5,climate,75,6,1,7,1,6,6,5,6,5.5
1653092419006_xqmh4,0.5,election,75,,2,5,,,5,6,,5.5
1653092419006_xqmh4,0.5,johnny,75,,2,7,,,4,4,,4
1653092977304_qj1ks,-0.5,climate,10,6,3,5,2,6,6,6,6,6
1653092977304_qj1ks,-0.5,election,10,,3,4,,,6,6,,6
1653092977304_qj1ks,-0.5,johnny,10,,1,6,,,4,3,,3.5
1653093062760_ijvg0,-0.5,climate,18,4,2,1,2,6,5,4,5,4.5
1653093062760_ijvg0,-0.5,election,18,,1,5,,,4,4,,4
1653093062760_ijvg0,-0.5,johnny,18,,1,5,,,2,3,,2.5
1653093115542_d1q0u,0.5,climate,50,6,3,3,1,6,6,6,6,6
1653093115542_d1q0u,0.5,election,50,,3,4,,,5,5,,5
1653093115542_d1q0u,0.5,johnny,50,,1,5,,,1,1,,1
1653093149690_wztye,0.5,climate,75,5,3,2,2,6,5,5,6,5
1653093149690_wztye,0.5,election,75,,3,1,,,4,4,,4
1653093149690_wztye,0.5,johnny,75,,1,7,,,1,1,,1
1653093181762_bxj3x,-0.5,climate,10,6,2,3,2,6,6,5,6,5.5
1653093181762_bxj3x,-0.5,election,10,,2,2,,,4,3,,3.5
1653093181762_bxj3x,-0.5,johnny,10,,1,5,,,4,5,,4.5
1653093221604_fk42z,-0.5,climate,10,5,3,5,3,6,6,6,6,6
1653093221604_fk42z,-0.5,election,10,,2,5,,,5,6,,5.5
1653093221604_fk42z,-0.5,johnny,10,,1,7,,,1,2,,1.5
1653093462277_q5uy6,0.5,climate,100,6,3,2,1,6,6,6,6,6
1653093462277_q5uy6,0.5,election,100,,1,7,,,1,1,,1
1653093462277_q5uy6,0.5,johnny,100,,1,7,,,1,1,,1
1653093902822_loowg,0.5,climate,49,3,1,1,2,5,4,4,5,4
1653093902822_loowg,0.5,election,49,,1,1,,,5,5,,5
1653093902822_loowg,0.5,johnny,49,,1,7,,,3,3,,3
1653094206347_cqy48,0.5,climate,80,5,3,4,3,5,6,6,5,6
1653094206347_cqy48,0.5,election,80,,3,1,,,6,6,,6
1653094206347_cqy48,0.5,johnny,80,,1,6,,,1,3,,2
1653094339427_cmx4d,-0.5,climate,40,4,1,7,2,3,4,4,4,4
1653094339427_cmx4d,-0.5,election,40,,1,7,,,5,5,,5
1653094339427_cmx4d,-0.5,johnny,40,,1,7,,,3,4,,3.5
1653094508211_v28x5,-0.5,climate,10,5,2,4,2,6,6,4,6,5
1653094508211_v28x5,-0.5,election,10,,2,5,,,6,5,,5.5
1653094508211_v28x5,-0.5,johnny,10,,1,7,,,2,5,,3.5
1653095033369_81qb1,0.5,climate,50,5,3,5,2,3,6,5,6,5.5
1653095033369_81qb1,0.5,election,50,,3,4,,,6,3,,4.5
1653095033369_81qb1,0.5,johnny,50,,1,7,,,1,6,,3.5
1653095200266_6in8x,-0.5,climate,0,3,1,4,3,6,4,3,4,3.5
1653095200266_6in8x,-0.5,election,0,,1,7,,,3,3,,3
1653095200266_6in8x,-0.5,johnny,0,,1,7,,,1,1,,1
1653095317594_78pzt,0.5,climate,61,6,3,3,2,6,6,6,6,6
1653095317594_78pzt,0.5,election,61,,2,3,,,4,4,,4
1653095317594_78pzt,0.5,johnny,61,,1,7,,,2,2,,2
1653095723843_0dh8o,-0.5,climate,35,2,1,1,5,4,2,2,2,2
1653095723843_0dh8o,-0.5,election,35,,3,4,,,6,6,,6
1653095723843_0dh8o,-0.5,johnny,35,,1,6,,,1,1,,1
1653095960244_7a9v0,-0.5,climate,1,5,2,2,2,5,6,6,6,6
1653095960244_7a9v0,-0.5,election,1,,2,6,,,5,4,,4.5
1653095960244_7a9v0,-0.5,johnny,1,,1,7,,,3,2,,2.5
1653096275959_ocb7i,-0.5,climate,29,1,1,1,1,4,1,2,2,1.5
1653096275959_ocb7i,-0.5,election,29,,3,5,,,6,5,,5.5
1653096275959_ocb7i,-0.5,johnny,29,,2,6,,,3,4,,3.5
1653096307079_vesoz,0.5,climate,60,5,3,5,3,5,6,6,6,6
1653096307079_vesoz,0.5,election,60,,3,4,,,5,5,,5
1653096307079_vesoz,0.5,johnny,60,,1,7,,,3,4,,3.5
1653096315547_2a7qn,-0.5,climate,5,5,3,3,3,5,6,6,6,6
1653096315547_2a7qn,-0.5,election,5,,3,4,,,5,6,,5.5
1653096315547_2a7qn,-0.5,johnny,5,,1,6,,,2,3,,2.5
1653096395721_0fbt4,0.5,climate,88,1,1,4,1,4,4,5,4,4.5
1653096395721_0fbt4,0.5,election,88,,1,4,,,2,5,,3.5
1653096395721_0fbt4,0.5,johnny,88,,1,7,,,2,4,,3
1653096994661_exuu9,-0.5,climate,5,6,3,6,1,6,6,6,6,6
1653096994661_exuu9,-0.5,election,5,,2,5,,,5,4,,4.5
1653096994661_exuu9,-0.5,johnny,5,,1,5,,,2,1,,1.5
1653097528735_3p1il,-0.5,climate,5,6,3,3,3,5,6,6,6,6
1653097528735_3p1il,-0.5,election,5,,2,5,,,5,5,,5
1653097528735_3p1il,-0.5,johnny,5,,1,6,,,4,4,,4
1653097979313_sac28,-0.5,climate,25,4,3,3,3,6,5,4,6,4.5
1653097979313_sac28,-0.5,election,25,,1,5,,,2,3,,2.5
1653097979313_sac28,-0.5,johnny,25,,1,7,,,2,4,,3
1653099761107_sudrd,0.5,climate,62,4,3,3,3,5,5,5,5,5
1653099761107_sudrd,0.5,election,62,,3,5,,,5,5,,5
1653099761107_sudrd,0.5,johnny,62,,2,6,,,4,4,,4
1653099852306_w6qr9,-0.5,climate,8,5,2,4,1,6,5,3,6,4
1653099852306_w6qr9,-0.5,election,8,,2,5,,,6,5,,5.5
1653099852306_w6qr9,-0.5,johnny,8,,1,6,,,1,1,,1
1653099908902_xl6iz,0.5,climate,57,6,3,4,3,6,6,5,6,5.5
1653099908902_xl6iz,0.5,election,57,,3,5,,,6,6,,6
1653099908902_xl6iz,0.5,johnny,57,,1,7,,,2,2,,2
1653100129449_gagnp,0.5,climate,50,1,1,1,3,3,3,3,2,3
1653100129449_gagnp,0.5,election,50,,1,1,,,4,4,,4
1653100129449_gagnp,0.5,johnny,50,,1,1,,,3,3,,3
1653100232423_7qe23,-0.5,climate,20,6,3,5,2,6,6,4,6,5
1653100232423_7qe23,-0.5,election,20,,3,4,,,6,6,,6
1653100232423_7qe23,-0.5,johnny,20,,2,5,,,3,5,,4
1653100376251_4z6kt,0.5,climate,75,2,2,2,3,4,4,4,4,4
1653100376251_4z6kt,0.5,election,75,,3,1,,,5,5,,5
1653100376251_4z6kt,0.5,johnny,75,,1,7,,,2,6,,4
1653101467155_5apky,-0.5,climate,12,4,1,5,2,4,4,4,4,4
1653101467155_5apky,-0.5,election,12,,1,4,,,4,3,,3.5
1653101467155_5apky,-0.5,johnny,12,,1,7,,,3,2,,2.5
1653101878439_jg9gq,-0.5,climate,50,6,3,3,5,5,4,6,6,5
1653101878439_jg9gq,-0.5,election,50,,2,5,,,6,5,,5.5
1653101878439_jg9gq,-0.5,johnny,50,,1,6,,,2,2,,2
1653102100483_df50m,-0.5,climate,0,3,2,1,1,5,6,6,6,6
1653102100483_df50m,-0.5,election,0,,2,1,,,6,6,,6
1653102100483_df50m,-0.5,johnny,0,,1,7,,,2,4,,3
1653103036626_njx4j,0.5,climate,75,1,1,1,1,1,1,1,1,1
1653103036626_njx4j,0.5,election,75,,1,2,,,3,3,,3
1653103036626_njx4j,0.5,johnny,75,,1,1,,,1,1,,1
1653103058318_88c2a,-0.5,climate,3,5,3,1,3,5,6,6,5,6
1653103058318_88c2a,-0.5,election,3,,3,5,,,6,6,,6
1653103058318_88c2a,-0.5,johnny,3,,1,6,,,4,6,,5
1653103599039_yqrjo,-0.5,climate,0,4,3,1,3,5,5,5,5,5
1653103599039_yqrjo,-0.5,election,0,,3,1,,,5,5,,5
1653103599039_yqrjo,-0.5,johnny,0,,2,7,,,4,4,,4
1653104610191_oon54,-0.5,climate,2,4,2,2,4,5,4,4,5,4
1653104610191_oon54,-0.5,election,2,,2,2,,,6,6,,6
1653104610191_oon54,-0.5,johnny,2,,1,4,,,3,3,,3
1653104619577_kjc30,-0.5,climate,1,4,3,2,2,6,5,5,6,5
1653104619577_kjc30,-0.5,election,1,,3,1,,,6,4,,5
1653104619577_kjc30,-0.5,johnny,1,,1,1,,,2,3,,2.5
1653105626323_dqzau,0.5,climate,0,6,3,2,4,5,6,6,6,6
1653105626323_dqzau,0.5,election,0,,2,4,,,5,4,,4.5
1653105626323_dqzau,0.5,johnny,0,,1,6,,,4,1,,2.5
1653107182664_78t7q,0.5,climate,70,5,3,5,3,6,6,6,6,6
1653107182664_78t7q,0.5,election,70,,2,5,,,5,5,,5
1653107182664_78t7q,0.5,johnny,70,,1,7,,,4,3,,3.5
1653107580935_582qr,-0.5,climate,33,4,2,6,2,5,5,5,6,5
1653107580935_582qr,-0.5,election,33,,3,5,,,6,6,,6
1653107580935_582qr,-0.5,johnny,33,,2,7,,,6,6,,6
1653107603639_acdjc,-0.5,climate,35,6,3,5,2,5,6,6,6,6
1653107603639_acdjc,-0.5,election,35,,3,3,,,6,6,,6
1653107603639_acdjc,-0.5,johnny,35,,1,5,,,1,3,,2
1653107858773_4uwjm,-0.5,climate,7,4,3,2,3,6,5,6,6,5.5
1653107858773_4uwjm,-0.5,election,7,,2,2,,,4,4,,4
1653107858773_4uwjm,-0.5,johnny,7,,1,7,,,3,4,,3.5
1653108440999_52sin,0.5,climate,56,2,1,2,4,4,3,2,2,2.5
1653108440999_52sin,0.5,election,56,,2,5,,,5,5,,5
1653108440999_52sin,0.5,johnny,56,,2,6,,,4,4,,4
1653108933179_9mag5,-0.5,climate,23,1,1,2,1,3,2,2,3,2
1653108933179_9mag5,-0.5,election,23,,2,1,,,4,2,,3
1653108933179_9mag5,-0.5,johnny,23,,1,1,,,1,1,,1
1653109012361_tfjpv,0.5,climate,7,4,3,4,2,6,6,5,6,5.5
1653109012361_tfjpv,0.5,election,7,,1,7,,,4,4,,4
1653109012361_tfjpv,0.5,johnny,7,,1,4,,,1,2,,1.5
1653350569208_mo7hm,0.5,climate,59,6,2,6,3,6,6,6,6,6
1653350569208_mo7hm,0.5,election,59,,3,4,,,6,3,,4.5
1653350569208_mo7hm,0.5,johnny,59,,1,7,,,3,5,,4
1653350615766_fs9nz,0.5,climate,27,5,3,2,3,5,6,5,6,5.5
1653350615766_fs9nz,0.5,election,27,,1,5,,,5,5,,5
1653350615766_fs9nz,0.5,johnny,27,,1,5,,,3,3,,3
1653350619021_xpdbu,-0.5,climate,63,6,3,4,2,6,6,6,6,6
1653350619021_xpdbu,-0.5,election,63,,2,3,,,5,5,,5
1653350619021_xpdbu,-0.5,johnny,63,,1,5,,,4,3,,3.5
1653350679811_b302t,0.5,climate,40,5,3,5,2,5,6,6,5,6
1653350679811_b302t,0.5,election,40,,3,5,,,5,5,,5
1653350679811_b302t,0.5,johnny,40,,1,7,,,1,1,,1
1653350828269_p6ak9,0.5,climate,86,5,3,4,2,6,6,6,6,6
1653350828269_p6ak9,0.5,election,86,,1,4,,,4,4,,4
1653350828269_p6ak9,0.5,johnny,86,,1,7,,,4,4,,4
1653351128119_g5u1e,0.5,climate,50,6,3,7,1,6,6,6,6,6
1653351128119_g5u1e,0.5,election,50,,1,5,,,5,4,,4.5
1653351128119_g5u1e,0.5,johnny,50,,1,5,,,2,2,,2
1653351358958_5v3co,-0.5,climate,5,2,2,3,2,4,4,4,4,4
1653351358958_5v3co,-0.5,election,5,,2,5,,,6,6,,6
1653351358958_5v3co,-0.5,johnny,5,,1,6,,,1,1,,1
1653351564616_gc65d,0.5,climate,80,1,1,6,1,1,1,1,1,1
1653351564616_gc65d,0.5,election,80,,3,4,,,4,6,,5
1653351564616_gc65d,0.5,johnny,80,,1,7,,,1,1,,1
1653351869206_0tnrh,-0.5,climate,10,6,3,2,3,5,6,5,6,5.5
1653351869206_0tnrh,-0.5,election,10,,3,6,,,5,5,,5
1653351869206_0tnrh,-0.5,johnny,10,,1,7,,,3,5,,4
1653352698186_rwuhz,-0.5,climate,29,5,3,5,3,6,5,5,5,5
1653352698186_rwuhz,-0.5,election,29,,3,7,,,6,6,,6
1653352698186_rwuhz,-0.5,johnny,29,,1,5,,,1,1,,1
1653352708549_54gj2,0.5,climate,93,6,2,5,5,6,6,6,6,6
1653352708549_54gj2,0.5,election,93,,2,3,,,6,6,,6
1653352708549_54gj2,0.5,johnny,93,,1,5,,,2,2,,2
1653352861893_dkqv3,-0.5,climate,33,6,3,7,4,6,6,6,6,6
1653352861893_dkqv3,-0.5,election,33,,2,7,,,6,6,,6
1653352861893_dkqv3,-0.5,johnny,33,,1,6,,,4,2,,3
1653353028918_pirer,0.5,climate,62,6,3,3,5,6,5,4,6,4.5
1653353028918_pirer,0.5,election,62,,2,5,,,4,5,,4.5
1653353028918_pirer,0.5,johnny,62,,2,3,,,3,3,,3
1653353344794_uzwky,0.5,climate,52,5,3,1,1,6,3,3,5,3
1653353344794_uzwky,0.5,election,52,,3,5,,,4,6,,5
1653353344794_uzwky,0.5,johnny,52,,1,7,,,3,3,,3
1653353648699_r3vky,-0.5,climate,15,5,2,3,2,6,5,5,5,5
1653353648699_r3vky,-0.5,election,15,,3,5,,,6,6,,6
1653353648699_r3vky,-0.5,johnny,15,,1,2,,,1,1,,1
1653353833996_ufaw8,0.5,climate,26,6,3,5,4,6,6,6,6,6
1653353833996_ufaw8,0.5,election,26,,3,4,,,5,6,,5.5
1653353833996_ufaw8,0.5,johnny,26,,1,7,,,2,4,,3
1653354030858_r9d43,-0.5,climate,30,4,2,5,2,5,4,4,5,4
1653354030858_r9d43,-0.5,election,30,,2,7,,,6,4,,5
1653354030858_r9d43,-0.5,johnny,30,,1,7,,,1,1,,1
1653354309038_9bhzv,0.5,climate,44,5,3,5,4,5,6,6,6,6
1653354309038_9bhzv,0.5,election,44,,3,6,,,6,6,,6
1653354309038_9bhzv,0.5,johnny,44,,1,7,,,4,5,,4.5
1653354827559_0vh4x,0.5,climate,50,6,3,1,3,4,6,6,6,6
1653354827559_0vh4x,0.5,election,50,,2,1,,,6,6,,6
1653354827559_0vh4x,0.5,johnny,50,,1,2,,,1,1,,1
1653355244392_v6vgg,-0.5,climate,50,5,3,1,3,6,6,6,6,6
1653355244392_v6vgg,-0.5,election,50,,2,4,,,6,6,,6
1653355244392_v6vgg,-0.5,johnny,50,,2,2,,,4,4,,4
1653355291151_5jn2j,0.5,climate,90,4,3,5,2,5,6,6,5,6
1653355291151_5jn2j,0.5,election,90,,1,6,,,5,5,,5
1653355291151_5jn2j,0.5,johnny,90,,2,7,,,4,4,,4
1653355335237_osje1,0.5,climate,88,5,2,2,4,5,5,5,5,5
1653355335237_osje1,0.5,election,88,,1,6,,,4,5,,4.5
1653355335237_osje1,0.5,johnny,88,,1,7,,,2,5,,3.5
1653355375389_kwvdu,-0.5,climate,11,5,3,2,3,5,5,5,6,5
1653355375389_kwvdu,-0.5,election,11,,3,4,,,6,5,,5.5
1653355375389_kwvdu,-0.5,johnny,11,,1,7,,,1,2,,1.5
1653355414154_3unm8,0.5,climate,50,5,2,3,3,5,6,3,6,4.5
1653355414154_3unm8,0.5,election,50,,1,3,,,4,5,,4.5
1653355414154_3unm8,0.5,johnny,50,,1,7,,,1,2,,1.5
1653355682011_sarqq,-0.5,climate,39,6,3,6,1,6,6,6,6,6
1653355682011_sarqq,-0.5,election,39,,1,6,,,6,6,,6
1653355682011_sarqq,-0.5,johnny,39,,1,6,,,1,1,,1
1653355974169_6bkjy,0.5,climate,35,4,2,5,3,5,5,4,5,4.5
1653355974169_6bkjy,0.5,election,35,,1,5,,,4,4,,4
1653355974169_6bkjy,0.5,johnny,35,,3,6,,,6,6,,6
1653356220605_a2x53,-0.5,climate,16,5,2,3,3,5,5,4,5,4.5
1653356220605_a2x53,-0.5,election,16,,3,2,,,4,5,,4.5
1653356220605_a2x53,-0.5,johnny,16,,1,6,,,3,3,,3
1653356403579_xslvf,0.5,climate,78,3,2,5,3,4,4,5,3,4.5
1653356403579_xslvf,0.5,election,78,,1,4,,,1,1,,1
1653356403579_xslvf,0.5,johnny,78,,2,7,,,4,5,,4.5
1653356506313_aw6az,-0.5,climate,35,1,1,5,5,1,4,2,1,3
1653356506313_aw6az,-0.5,election,35,,3,5,,,3,2,,2.5
1653356506313_aw6az,-0.5,johnny,35,,1,7,,,1,1,,1
1653356561396_jrh2v,0.5,climate,45,4,2,4,3,5,5,5,5,5
1653356561396_jrh2v,0.5,election,45,,1,2,,,4,4,,4
1653356561396_jrh2v,0.5,johnny,45,,2,7,,,5,6,,5.5
1653356599655_ez2ba,-0.5,climate,22,4,2,3,2,5,4,6,5,5
1653356599655_ez2ba,-0.5,election,22,,2,4,,,3,4,,3.5
1653356599655_ez2ba,-0.5,johnny,22,,1,5,,,1,2,,1.5
1653357045340_iykco,0.5,climate,44,2,1,1,2,4,5,4,4,4.5
1653357045340_iykco,0.5,election,44,,1,1,,,4,4,,4
1653357045340_iykco,0.5,johnny,44,,3,5,,,4,3,,3.5
1653357401806_rs3cc,0.5,climate,68,2,1,1,2,3,2,2,2,2
1653357401806_rs3cc,0.5,election,68,,1,2,,,3,3,,3
1653357401806_rs3cc,0.5,johnny,68,,2,5,,,3,3,,3
1653357494049_hrulf,0.5,climate,50,3,2,2,3,4,4,4,4,4
1653357494049_hrulf,0.5,election,50,,2,5,,,5,5,,5
1653357494049_hrulf,0.5,johnny,50,,2,7,,,4,4,,4
1653357570028_55ugd,-0.5,climate,15,6,3,5,1,6,6,6,6,6
1653357570028_55ugd,-0.5,election,15,,3,2,,,5,5,,5
1653357570028_55ugd,-0.5,johnny,15,,1,7,,,4,2,,3
1653357576042_ndxhe,-0.5,climate,5,6,3,4,3,6,6,6,6,6
1653357576042_ndxhe,-0.5,election,5,,1,5,,,5,4,,4.5
1653357576042_ndxhe,-0.5,johnny,5,,2,6,,,5,6,,5.5
1653357820842_owp7p,-0.5,climate,40,2,2,2,2,5,5,5,4,5
1653357820842_owp7p,-0.5,election,40,,1,7,,,4,5,,4.5
1653357820842_owp7p,-0.5,johnny,40,,2,7,,,2,3,,2.5
1653357965274_kqsrw,-0.5,climate,10,5,3,5,2,6,6,5,6,5.5
1653357965274_kqsrw,-0.5,election,10,,2,6,,,6,6,,6
1653357965274_kqsrw,-0.5,johnny,10,,1,7,,,4,6,,5
1653358008642_76a69,0.5,climate,75,5,3,4,2,6,6,5,6,5.5
1653358008642_76a69,0.5,election,75,,2,5,,,5,4,,4.5
1653358008642_76a69,0.5,johnny,75,,2,7,,,5,6,,5.5
1653358274646_1x7iu,0.5,climate,0,6,3,5,2,6,6,6,6,6
1653358274646_1x7iu,0.5,election,0,,3,5,,,5,4,,4.5
1653358274646_1x7iu,0.5,johnny,0,,1,7,,,3,3,,3
1653358807718_w2cfx,0.5,climate,91,1,1,4,3,2,2,2,2,2
1653358807718_w2cfx,0.5,election,91,,2,2,,,5,5,,5
1653358807718_w2cfx,0.5,johnny,91,,1,7,,,2,2,,2
1653359233265_pdn69,-0.5,climate,50,6,3,5,2,5,6,4,6,5
1653359233265_pdn69,-0.5,election,50,,2,5,,,5,5,,5
1653359233265_pdn69,-0.5,johnny,50,,1,7,,,4,6,,5
1653359330210_sfjup,-0.5,climate,20,6,3,5,3,6,6,6,6,6
1653359330210_sfjup,-0.5,election,20,,2,5,,,5,4,,4.5
1653359330210_sfjup,-0.5,johnny,20,,2,7,,,4,6,,5
1653359447240_z7p18,-0.5,climate,15,5,2,6,3,6,5,5,6,5
1653359447240_z7p18,-0.5,election,15,,2,6,,,5,5,,5
1653359447240_z7p18,-0.5,johnny,15,,1,7,,,1,1,,1
1653359628391_cbcei,-0.5,climate,20,6,3,2,2,6,6,4,6,5
1653359628391_cbcei,-0.5,election,20,,3,5,,,5,5,,5
1653359628391_cbcei,-0.5,johnny,20,,1,7,,,3,6,,4.5
1653360207755_lq0cb,-0.5,climate,20,6,3,1,5,5,6,6,6,6
1653360207755_lq0cb,-0.5,election,20,,2,5,,,5,5,,5
1653360207755_lq0cb,-0.5,johnny,20,,1,7,,,1,1,,1
1653360962923_xnued,-0.5,climate,30,5,3,2,1,6,5,5,5,5
1653360962923_xnued,-0.5,election,30,,1,6,,,3,3,,3
1653360962923_xnued,-0.5,johnny,30,,1,7,,,4,4,,4
1653360979236_5byan,0.5,climate,0,6,3,1,1,6,6,6,6,6
1653360979236_5byan,0.5,election,0,,2,1,,,4,5,,4.5
1653360979236_5byan,0.5,johnny,0,,1,6,,,2,1,,1.5
1653361047832_iav17,0.5,climate,76,4,2,6,4,3,4,4,3,4
1653361047832_iav17,0.5,election,76,,1,6,,,2,2,,2
1653361047832_iav17,0.5,johnny,76,,1,5,,,1,1,,1
1653361302171_gnagi,0.5,climate,38,5,3,4,3,5,6,5,6,5.5
1653361302171_gnagi,0.5,election,38,,2,5,,,5,5,,5
1653361302171_gnagi,0.5,johnny,38,,1,4,,,2,2,,2
1653361337095_5jun7,-0.5,climate,26,2,2,6,5,1,3,1,2,2
1653361337095_5jun7,-0.5,election,26,,3,3,,,6,6,,6
1653361337095_5jun7,-0.5,johnny,26,,1,7,,,1,1,,1
1653361351291_khf63,-0.5,climate,88,6,3,5,5,6,6,6,6,6
1653361351291_khf63,-0.5,election,88,,3,5,,,6,6,,6
1653361351291_khf63,-0.5,johnny,88,,3,6,,,6,6,,6
1653361577741_1ybw8,-0.5,climate,11,5,3,1,1,5,5,5,6,5
1653361577741_1ybw8,-0.5,election,11,,2,5,,,4,4,,4
1653361577741_1ybw8,-0.5,johnny,11,,1,7,,,1,1,,1
1653362351825_lmrha,0.5,climate,80,6,3,5,2,6,6,6,6,6
1653362351825_lmrha,0.5,election,80,,1,4,,,4,4,,4
1653362351825_lmrha,0.5,johnny,80,,1,7,,,3,3,,3
1653362523547_i99mr,0.5,climate,70,4,3,2,2,5,4,5,6,4.5
1653362523547_i99mr,0.5,election,70,,2,1,,,4,4,,4
1653362523547_i99mr,0.5,johnny,70,,1,7,,,1,1,,1
1653362745095_52w84,-0.5,climate,25,5,3,2,3,6,5,5,6,5
1653362745095_52w84,-0.5,election,25,,2,2,,,4,4,,4
1653362745095_52w84,-0.5,johnny,25,,1,6,,,1,1,,1
1653362814777_2vy5m,0.5,climate,80,4,2,5,2,5,5,5,6,5
1653362814777_2vy5m,0.5,election,80,,1,6,,,4,4,,4
1653362814777_2vy5m,0.5,johnny,80,,3,7,,,6,5,,5.5
1653363578644_xs89c,-0.5,climate,69,5,3,3,3,5,5,5,6,5
1653363578644_xs89c,-0.5,election,69,,2,1,,,4,5,,4.5
1653363578644_xs89c,-0.5,johnny,69,,3,7,,,4,4,,4
1653363761977_h4ip1,0.5,climate,48,4,2,2,4,5,4,4,4,4
1653363761977_h4ip1,0.5,election,48,,3,3,,,5,5,,5
1653363761977_h4ip1,0.5,johnny,48,,1,6,,,2,2,,2
1653364293213_p88rj,0.5,climate,66,4,2,4,2,6,5,4,5,4.5
1653364293213_p88rj,0.5,election,66,,2,5,,,5,6,,5.5
1653364293213_p88rj,0.5,johnny,66,,1,7,,,5,4,,4.5
1653364801250_efgmm,-0.5,climate,50,5,3,5,3,6,5,6,6,5.5
1653364801250_efgmm,-0.5,election,50,,3,5,,,5,5,,5
1653364801250_efgmm,-0.5,johnny,50,,2,4,,,3,4,,3.5
1653365851853_c1637,0.5,climate,60,6,2,4,2,6,6,6,6,6
1653365851853_c1637,0.5,election,60,,1,2,,,5,4,,4.5
1653365851853_c1637,0.5,johnny,60,,1,7,,,3,2,,2.5
1653366673147_zqou8,-0.5,climate,30,1,2,1,5,3,5,4,5,4.5
1653366673147_zqou8,-0.5,election,30,,1,2,,,4,3,,3.5
1653366673147_zqou8,-0.5,johnny,30,,1,7,,,1,2,,1.5
1653366982455_lts4s,-0.5,climate,57,6,2,3,4,6,6,6,6,6
1653366982455_lts4s,-0.5,election,57,,2,4,,,6,6,,6
1653366982455_lts4s,-0.5,johnny,57,,1,1,,,6,6,,6
1653368298123_ng17y,0.5,climate,17,4,2,5,2,5,4,5,6,4.5
1653368298123_ng17y,0.5,election,17,,2,5,,,3,3,,3
1653368298123_ng17y,0.5,johnny,17,,1,7,,,3,4,,3.5
1653368501187_h2aqu,-0.5,climate,41,1,1,4,2,4,1,1,3,1
1653368501187_h2aqu,-0.5,election,41,,2,6,,,6,5,,5.5
1653368501187_h2aqu,-0.5,johnny,41,,1,6,,,1,2,,1.5
1653369852429_qbzfy,-0.5,climate,20,5,3,2,1,4,6,6,6,6
1653369852429_qbzfy,-0.5,election,20,,1,4,,,4,6,,5
1653369852429_qbzfy,-0.5,johnny,20,,1,7,,,1,6,,3.5
1653370977266_n9f55,-0.5,climate,84,1,1,7,1,2,2,2,1,2
1653370977266_n9f55,-0.5,election,84,,3,4,,,6,5,,5.5
1653370977266_n9f55,-0.5,johnny,84,,1,7,,,1,1,,1
1653373838752_d7qa1,-0.5,climate,29,3,1,1,2,1,2,2,1,2
1653373838752_d7qa1,-0.5,election,29,,1,1,,,3,3,,3
1653373838752_d7qa1,-0.5,johnny,29,,2,6,,,1,4,,2.5
1653374089608_nqusu,0.5,climate,50,4,1,5,3,5,4,4,5,4
1653374089608_nqusu,0.5,election,50,,1,5,,,4,4,,4
1653374089608_nqusu,0.5,johnny,50,,1,6,,,1,1,,1
1653374833713_3o55d,-0.5,climate,12,6,1,6,1,6,6,4,6,5
1653374833713_3o55d,-0.5,election,12,,3,5,,,6,4,,5
1653374833713_3o55d,-0.5,johnny,12,,3,7,,,3,6,,4.5
1653376580828_9vfzv,-0.5,climate,15,5,2,5,4,5,6,5,6,5.5
1653376580828_9vfzv,-0.5,election,15,,2,6,,,5,5,,5
1653376580828_9vfzv,-0.5,johnny,15,,2,5,,,3,4,,3.5
1653377946203_1id6p,-0.5,climate,6,4,3,1,3,6,4,4,5,4
1653377946203_1id6p,-0.5,election,6,,3,1,,,6,6,,6
1653377946203_1id6p,-0.5,johnny,6,,1,7,,,1,1,,1
1653379099208_9ccqh,0.5,climate,50,5,3,2,1,6,6,4,6,5
1653379099208_9ccqh,0.5,election,50,,2,4,,,6,6,,6
1653379099208_9ccqh,0.5,johnny,50,,1,7,,,4,2,,3
1653380953563_oid0g,-0.5,climate,2,5,3,5,3,5,6,6,6,6
1653380953563_oid0g,-0.5,election,2,,2,6,,,5,5,,5
1653380953563_oid0g,-0.5,johnny,2,,1,6,,,3,3,,3
1653383724930_o2bvl,0.5,climate,75,6,3,5,2,6,6,6,6,6
1653383724930_o2bvl,0.5,election,75,,2,5,,,5,5,,5
1653383724930_o2bvl,0.5,johnny,75,,1,6,,,3,3,,3
1653383746874_k287y,-0.5,climate,25,5,3,7,3,5,5,5,6,5
1653383746874_k287y,-0.5,election,25,,2,7,,,6,6,,6
1653383746874_k287y,-0.5,johnny,25,,1,6,,,2,2,,2
1653384301105_n7ko3,0.5,climate,45,5,3,4,3,6,6,6,6,6
1653384301105_n7ko3,0.5,election,45,,2,6,,,6,6,,6
1653384301105_n7ko3,0.5,johnny,45,,2,7,,,4,5,,4.5
1653385013325_un9ox,-0.5,climate,23,4,3,1,3,4,5,6,5,5.5
1653385013325_un9ox,-0.5,election,23,,1,2,,,3,3,,3
1653385013325_un9ox,-0.5,johnny,23,,3,7,,,6,6,,6
1653389161237_g4gtr,0.5,climate,60,6,3,1,2,6,6,6,6,6
1653389161237_g4gtr,0.5,election,60,,3,1,,,5,5,,5
1653389161237_g4gtr,0.5,johnny,60,,1,7,,,3,4,,3.5
1653390514902_9abzj,0.5,climate,50,6,3,2,3,6,6,6,6,6
1653390514902_9abzj,0.5,election,50,,1,5,,,2,2,,2
1653390514902_9abzj,0.5,johnny,50,,1,7,,,3,3,,3
1653391439917_hxivf,0.5,climate,35,5,3,5,4,4,6,6,5,6
1653391439917_hxivf,0.5,election,35,,2,4,,,4,4,,4
1653391439917_hxivf,0.5,johnny,35,,1,5,,,2,2,,2
1653393726909_2kxuu,-0.5,climate,14,4,3,2,3,6,5,5,5,5
1653393726909_2kxuu,-0.5,election,14,,3,3,,,5,5,,5
1653393726909_2kxuu,-0.5,johnny,14,,1,6,,,3,4,,3.5
1653394207594_0ho5i,0.5,climate,82,5,2,4,4,5,6,6,5,6
1653394207594_0ho5i,0.5,election,82,,2,4,,,3,3,,3
1653394207594_0ho5i,0.5,johnny,82,,3,6,,,5,5,,5
1653394475519_jbo4g,-0.5,climate,7,4,2,2,2,5,4,4,5,4
1653394475519_jbo4g,-0.5,election,7,,3,5,,,5,5,,5
1653394475519_jbo4g,-0.5,johnny,7,,1,7,,,3,5,,4
1653395015904_ycm4o,-0.5,climate,25,6,3,4,2,6,6,6,6,6
1653395015904_ycm4o,-0.5,election,25,,2,3,,,4,4,,4
1653395015904_ycm4o,-0.5,johnny,25,,1,4,,,1,1,,1
1653395670000_kcdpo,-0.5,climate,20,6,3,5,3,6,6,6,6,6
1653395670000_kcdpo,-0.5,election,20,,2,3,,,5,3,,4
1653395670000_kcdpo,-0.5,johnny,20,,2,1,,,3,5,,4
1653396333842_54an8,0.5,climate,61,2,1,1,4,2,3,2,2,2.5
1653396333842_54an8,0.5,election,61,,2,7,,,4,4,,4
1653396333842_54an8,0.5,johnny,61,,1,7,,,1,1,,1
1653396475473_ql8de,0.5,climate,55,4,3,3,3,4,5,5,5,5
1653396475473_ql8de,0.5,election,55,,3,2,,,5,4,,4.5
1653396475473_ql8de,0.5,johnny,55,,2,7,,,4,4,,4
1653396475731_bde43,0.5,climate,50,4,1,7,2,4,5,6,5,5.5
1653396475731_bde43,0.5,election,50,,3,4,,,6,6,,6
1653396475731_bde43,0.5,johnny,50,,1,7,,,2,4,,3
1653397172700_vy12l,0.5,climate,60,5,3,3,2,6,6,6,6,6
1653397172700_vy12l,0.5,election,60,,3,2,,,6,6,,6
1653397172700_vy12l,0.5,johnny,60,,1,5,,,4,3,,3.5
1653397271465_dld6l,0.5,climate,70,4,2,5,3,5,5,5,5,5
1653397271465_dld6l,0.5,election,70,,2,4,,,5,5,,5
1653397271465_dld6l,0.5,johnny,70,,1,6,,,4,5,,4.5
1653398434778_6s1eu,0.5,climate,74,1,1,6,1,3,2,2,2,2
1653398434778_6s1eu,0.5,election,74,,1,6,,,3,2,,2.5
1653398434778_6s1eu,0.5,johnny,74,,1,7,,,1,1,,1
1653399424260_e0z00,-0.5,climate,15,2,1,5,3,4,4,4,4,4
1653399424260_e0z00,-0.5,election,15,,1,6,,,5,5,,5
1653399424260_e0z00,-0.5,johnny,15,,2,7,,,2,2,,2
1653399792043_3c1gn,-0.5,climate,50,5,2,6,2,4,4,5,4,4.5
1653399792043_3c1gn,-0.5,election,50,,3,7,,,5,5,,5
1653399792043_3c1gn,-0.5,johnny,50,,2,6,,,2,3,,2.5
1653400370699_o1vnb,-0.5,climate,10,5,3,1,3,5,5,5,5,5
1653400370699_o1vnb,-0.5,election,10,,2,2,,,4,5,,4.5
1653400370699_o1vnb,-0.5,johnny,10,,3,6,,,3,5,,4
1653400578883_kox9n,-0.5,climate,50,4,3,5,3,3,5,5,4,5
1653400578883_kox9n,-0.5,election,50,,2,5,,,5,5,,5
1653400578883_kox9n,-0.5,johnny,50,,1,7,,,3,4,,3.5
1653400627838_ioioc,-0.5,climate,5,5,3,3,2,6,6,5,6,5.5
1653400627838_ioioc,-0.5,election,5,,2,4,,,4,4,,4
1653400627838_ioioc,-0.5,johnny,5,,1,7,,,1,1,,1
1653400812623_43mto,-0.5,climate,50,5,2,1,4,5,5,6,6,5.5
1653400812623_43mto,-0.5,election,50,,2,1,,,5,5,,5
1653400812623_43mto,-0.5,johnny,50,,2,6,,,6,6,,6
1653401111790_05d3b,-0.5,climate,5,1,1,1,4,3,2,2,2,2
1653401111790_05d3b,-0.5,election,5,,2,2,,,4,4,,4
1653401111790_05d3b,-0.5,johnny,5,,2,7,,,3,5,,4
1653401199179_8dap1,-0.5,climate,11,5,3,5,4,6,6,6,6,6
1653401199179_8dap1,-0.5,election,11,,2,1,,,5,4,,4.5
1653401199179_8dap1,-0.5,johnny,11,,1,6,,,1,1,,1
1653401818340_088ge,0.5,climate,61,5,3,6,2,6,6,6,6,6
1653401818340_088ge,0.5,election,61,,1,7,,,5,4,,4.5
1653401818340_088ge,0.5,johnny,61,,2,7,,,6,6,,6
1653402318796_kackk,-0.5,climate,50,6,2,6,2,6,6,6,6,6
1653402318796_kackk,-0.5,election,50,,2,7,,,6,6,,6
1653402318796_kackk,-0.5,johnny,50,,1,6,,,3,4,,3.5
1653402440045_yppls,-0.5,climate,11,6,3,4,2,6,6,6,6,6
1653402440045_yppls,-0.5,election,11,,2,6,,,6,5,,5.5
1653402440045_yppls,-0.5,johnny,11,,1,7,,,3,3,,3
1653402534916_b74tw,0.5,climate,66,5,2,1,2,6,5,5,6,5
1653402534916_b74tw,0.5,election,66,,2,1,,,4,4,,4
1653402534916_b74tw,0.5,johnny,66,,1,7,,,1,3,,2
1653402679192_xipn7,0.5,climate,68,5,3,1,2,6,6,3,6,4.5
1653402679192_xipn7,0.5,election,68,,2,2,,,5,4,,4.5
1653402679192_xipn7,0.5,johnny,68,,2,7,,,4,6,,5
1653402882766_73q0u,-0.5,climate,36,5,3,5,1,6,6,5,6,5.5
1653402882766_73q0u,-0.5,election,36,,2,1,,,5,4,,4.5
1653402882766_73q0u,-0.5,johnny,36,,1,7,,,1,1,,1
1653403302226_6bbrd,0.5,climate,73,1,1,3,5,1,1,1,1,1
1653403302226_6bbrd,0.5,election,73,,3,4,,,6,6,,6
1653403302226_6bbrd,0.5,johnny,73,,1,7,,,1,4,,2.5
1653403571864_xdzzl,0.5,climate,47,5,3,1,2,6,6,6,6,6
1653403571864_xdzzl,0.5,election,47,,2,6,,,6,6,,6
1653403571864_xdzzl,0.5,johnny,47,,1,7,,,1,1,,1
1653403767186_deof9,0.5,climate,50,6,3,4,2,6,6,5,6,5.5
1653403767186_deof9,0.5,election,50,,2,1,,,5,4,,4.5
1653403767186_deof9,0.5,johnny,50,,2,5,,,4,5,,4.5
1653404343880_kqtw2,-0.5,climate,16,4,2,4,3,5,5,4,6,4.5
1653404343880_kqtw2,-0.5,election,16,,1,1,,,4,3,,3.5
1653404343880_kqtw2,-0.5,johnny,16,,1,7,,,5,4,,4.5
1653404713697_d0kxe,-0.5,climate,14,6,3,4,1,6,6,6,6,6
1653404713697_d0kxe,-0.5,election,14,,2,6,,,5,5,,5
1653404713697_d0kxe,-0.5,johnny,14,,1,7,,,2,2,,2
1653404752415_xsy6k,0.5,climate,50,3,2,2,2,3,5,4,5,4.5
1653404752415_xsy6k,0.5,election,50,,2,6,,,6,5,,5.5
1653404752415_xsy6k,0.5,johnny,50,,1,7,,,2,2,,2
1653405348224_1gdtq,0.5,climate,53,4,3,2,2,5,4,5,5,4.5
1653405348224_1gdtq,0.5,election,53,,2,5,,,5,5,,5
1653405348224_1gdtq,0.5,johnny,53,,1,7,,,1,2,,1.5
1653406142280_y8vrz,0.5,climate,71,1,1,1,5,2,1,1,2,1
1653406142280_y8vrz,0.5,election,71,,2,6,,,6,6,,6
1653406142280_y8vrz,0.5,johnny,71,,1,4,,,1,1,,1
1653406582460_0gfg0,0.5,climate,50,3,2,1,3,5,4,4,5,4
1653406582460_0gfg0,0.5,election,50,,2,5,,,4,3,,3.5
1653406582460_0gfg0,0.5,johnny,50,,2,5,,,4,5,,4.5
1653406957703_ho38m,-0.5,climate,15,6,3,3,3,6,6,5,6,5.5
1653406957703_ho38m,-0.5,election,15,,2,4,,,5,5,,5
1653406957703_ho38m,-0.5,johnny,15,,1,2,,,2,1,,1.5
1653407503040_ugkmf,-0.5,climate,79,1,1,1,1,1,1,1,1,1
1653407503040_ugkmf,-0.5,election,79,,1,1,,,2,2,,2
1653407503040_ugkmf,-0.5,johnny,79,,1,1,,,1,1,,1
1653407559469_clzno,0.5,climate,37,4,3,5,3,5,6,6,5,6
1653407559469_clzno,0.5,election,37,,2,4,,,4,4,,4
1653407559469_clzno,0.5,johnny,37,,1,7,,,1,1,,1
1653407827449_yzypd,-0.5,climate,7,1,1,5,3,2,2,2,1,2
1653407827449_yzypd,-0.5,election,7,,3,2,,,4,3,,3.5
1653407827449_yzypd,-0.5,johnny,7,,1,6,,,2,5,,3.5
1653407863773_1f4jq,0.5,climate,36,4,3,4,2,5,6,4,5,5
1653407863773_1f4jq,0.5,election,36,,1,5,,,4,6,,5
1653407863773_1f4jq,0.5,johnny,36,,1,7,,,3,6,,4.5
1653408380925_w2qzr,-0.5,climate,2,6,3,3,3,6,6,6,6,6
1653408380925_w2qzr,-0.5,election,2,,2,6,,,6,6,,6
1653408380925_w2qzr,-0.5,johnny,2,,1,7,,,1,1,,1
1653408498581_nrqm9,-0.5,climate,5,4,3,2,3,5,6,6,5,6
1653408498581_nrqm9,-0.5,election,5,,2,6,,,5,5,,5
1653408498581_nrqm9,-0.5,johnny,5,,2,7,,,2,5,,3.5
1653408649117_3bz6g,0.5,climate,64,5,3,4,4,6,5,6,6,5.5
1653408649117_3bz6g,0.5,election,64,,2,6,,,5,5,,5
1653408649117_3bz6g,0.5,johnny,64,,1,6,,,1,1,,1
1653409255241_is890,0.5,climate,29,4,2,5,2,4,4,6,5,5
1653409255241_is890,0.5,election,29,,2,5,,,4,6,,5
1653409255241_is890,0.5,johnny,29,,1,6,,,3,3,,3
1653409589786_jy5vo,0.5,climate,67,6,3,5,1,6,6,6,6,6
1653409589786_jy5vo,0.5,election,67,,2,6,,,4,4,,4
1653409589786_jy5vo,0.5,johnny,67,,1,7,,,2,1,,1.5
1653409672900_eq3y5,-0.5,climate,25,4,2,6,3,5,5,5,5,5
1653409672900_eq3y5,-0.5,election,25,,1,2,,,4,4,,4
1653409672900_eq3y5,-0.5,johnny,25,,3,6,,,5,5,,5
1653409931523_p1tj5,0.5,climate,81,5,3,2,2,6,5,5,6,5
1653409931523_p1tj5,0.5,election,81,,3,3,,,4,5,,4.5
1653409931523_p1tj5,0.5,johnny,81,,1,7,,,2,3,,2.5
1653409969979_mdkgs,0.5,climate,40,6,2,6,1,6,6,6,6,6
1653409969979_mdkgs,0.5,election,40,,1,6,,,4,4,,4
1653409969979_mdkgs,0.5,johnny,40,,1,7,,,3,3,,3
1653410543059_iz98z,-0.5,climate,50,4,3,1,3,5,4,5,4,4.5
1653410543059_iz98z,-0.5,election,50,,2,2,,,5,5,,5
1653410543059_iz98z,-0.5,johnny,50,,1,5,,,1,1,,1
1653410574380_e95ug,0.5,climate,60,3,1,5,2,4,4,4,4,4
1653410574380_e95ug,0.5,election,60,,2,4,,,4,4,,4
1653410574380_e95ug,0.5,johnny,60,,1,6,,,1,1,,1
1653410663954_feqaz,-0.5,climate,14,6,3,1,1,6,6,5,6,5.5
1653410663954_feqaz,-0.5,election,14,,3,2,,,5,5,,5
1653410663954_feqaz,-0.5,johnny,14,,1,7,,,3,3,,3
1653410983161_7796s,-0.5,climate,35,6,3,1,3,6,6,6,6,6
1653410983161_7796s,-0.5,election,35,,2,1,,,6,6,,6
1653410983161_7796s,-0.5,johnny,35,,1,7,,,1,6,,3.5
1653411348330_uc3mn,-0.5,climate,75,4,3,4,1,6,5,5,5,5
1653411348330_uc3mn,-0.5,election,75,,2,4,,,5,5,,5
1653411348330_uc3mn,-0.5,johnny,75,,1,7,,,1,2,,1.5
1653411421741_5ev2j,-0.5,climate,17,6,3,2,5,6,6,4,6,5
1653411421741_5ev2j,-0.5,election,17,,1,6,,,4,3,,3.5
1653411421741_5ev2j,-0.5,johnny,17,,2,7,,,6,6,,6
1653411824658_mpi2k,0.5,climate,35,5,3,1,2,5,5,5,5,5
1653411824658_mpi2k,0.5,election,35,,3,1,,,5,5,,5
1653411824658_mpi2k,0.5,johnny,35,,2,5,,,4,5,,4.5
1653412721680_0saal,0.5,climate,41,5,3,1,2,6,6,6,6,6
1653412721680_0saal,0.5,election,41,,3,5,,,6,6,,6
1653412721680_0saal,0.5,johnny,41,,1,7,,,1,1,,1
1653413081176_gqsef,0.5,climate,67,5,3,2,2,5,6,6,6,6
1653413081176_gqsef,0.5,election,67,,2,4,,,6,6,,6
1653413081176_gqsef,0.5,johnny,67,,1,6,,,5,4,,4.5
1653413766326_ma2cm,-0.5,climate,12,6,3,4,2,6,6,6,6,6
1653413766326_ma2cm,-0.5,election,12,,3,6,,,6,6,,6
1653413766326_ma2cm,-0.5,johnny,12,,1,6,,,4,4,,4
1653413843788_0b9cj,0.5,climate,63,5,2,6,4,5,6,6,6,6
1653413843788_0b9cj,0.5,election,63,,2,5,,,4,4,,4
1653413843788_0b9cj,0.5,johnny,63,,1,7,,,3,2,,2.5
1653414158823_b9hlk,-0.5,climate,29,5,3,5,2,5,5,6,6,5.5
1653414158823_b9hlk,-0.5,election,29,,2,5,,,4,4,,4
1653414158823_b9hlk,-0.5,johnny,29,,1,7,,,4,2,,3
1653414432752_jphz1,-0.5,climate,42,1,1,7,5,1,2,2,1,2
1653414432752_jphz1,-0.5,election,42,,2,7,,,6,6,,6
1653414432752_jphz1,-0.5,johnny,42,,1,7,,,1,1,,1
1653414804677_q0n7l,-0.5,climate,100,4,2,4,3,4,6,6,4,6
1653414804677_q0n7l,-0.5,election,100,,2,5,,,4,3,,3.5
1653414804677_q0n7l,-0.5,johnny,100,,2,7,,,1,4,,2.5
1653415220296_hwea3,0.5,climate,90,1,2,4,5,5,6,6,6,6
1653415220296_hwea3,0.5,election,90,,1,1,,,6,6,,6
1653415220296_hwea3,0.5,johnny,90,,2,7,,,1,1,,1
1653415288966_zvzxk,0.5,climate,40,4,2,3,2,4,4,4,5,4
1653415288966_zvzxk,0.5,election,40,,2,4,,,6,6,,6
1653415288966_zvzxk,0.5,johnny,40,,2,6,,,4,4,,4
1653416141428_lqrrj,-0.5,climate,35,6,3,5,3,5,6,6,6,6
1653416141428_lqrrj,-0.5,election,35,,2,4,,,5,5,,5
1653416141428_lqrrj,-0.5,johnny,35,,2,7,,,3,4,,3.5
1653416871874_cx1k6,0.5,climate,57,6,3,5,2,6,6,6,6,6
1653416871874_cx1k6,0.5,election,57,,2,7,,,6,6,,6
1653416871874_cx1k6,0.5,johnny,57,,1,7,,,1,4,,2.5
1653417202234_jcj6f,0.5,climate,59,5,3,1,2,4,6,6,6,6
1653417202234_jcj6f,0.5,election,59,,2,1,,,3,5,,4
1653417202234_jcj6f,0.5,johnny,59,,1,1,,,2,4,,3
1653417434782_pco28,0.5,climate,50,6,3,1,1,6,6,6,6,6
1653417434782_pco28,0.5,election,50,,2,2,,,4,4,,4
1653417434782_pco28,0.5,johnny,50,,1,6,,,1,1,,1
1653417502517_w1mqx,0.5,climate,29,5,3,7,2,6,6,6,6,6
1653417502517_w1mqx,0.5,election,29,,3,7,,,6,6,,6
1653417502517_w1mqx,0.5,johnny,29,,1,7,,,5,4,,4.5
1653417928939_5y2eu,-0.5,climate,20,5,2,1,1,5,5,5,5,5
1653417928939_5y2eu,-0.5,election,20,,2,1,,,3,3,,3
1653417928939_5y2eu,-0.5,johnny,20,,2,6,,,3,4,,3.5
1653418271558_gve85,0.5,climate,14,5,3,4,4,4,5,5,6,5
1653418271558_gve85,0.5,election,14,,1,6,,,3,3,,3
1653418271558_gve85,0.5,johnny,14,,2,6,,,4,4,,4
1653418271881_179d7,-0.5,climate,10,1,1,3,1,2,1,2,2,1.5
1653418271881_179d7,-0.5,election,10,,3,5,,,6,6,,6
1653418271881_179d7,-0.5,johnny,10,,1,7,,,1,1,,1
1653418354764_b30qy,-0.5,climate,23,6,3,2,3,6,6,4,6,5
1653418354764_b30qy,-0.5,election,23,,3,1,,,6,5,,5.5
1653418354764_b30qy,-0.5,johnny,23,,1,7,,,3,6,,4.5
1653419288869_gnhgz,-0.5,climate,50,5,3,1,3,5,5,6,6,5.5
1653419288869_gnhgz,-0.5,election,50,,1,2,,,3,2,,2.5
1653419288869_gnhgz,-0.5,johnny,50,,1,3,,,1,2,,1.5
1653419322996_03vbq,0.5,climate,60,6,3,5,2,6,6,6,6,6
1653419322996_03vbq,0.5,election,60,,3,3,,,6,6,,6
1653419322996_03vbq,0.5,johnny,60,,1,7,,,6,5,,5.5
1653419876089_8nqsa,0.5,climate,72,1,1,6,3,4,3,3,2,3
1653419876089_8nqsa,0.5,election,72,,2,7,,,6,6,,6
1653419876089_8nqsa,0.5,johnny,72,,2,7,,,2,4,,3
1653420050742_o7jlm,0.5,climate,50,6,3,5,5,6,6,6,6,6
1653420050742_o7jlm,0.5,election,50,,1,1,,,2,4,,3
1653420050742_o7jlm,0.5,johnny,50,,2,7,,,5,5,,5
1653420055657_6q870,-0.5,climate,40,2,3,2,2,4,4,4,4,4
1653420055657_6q870,-0.5,election,40,,3,2,,,5,5,,5
1653420055657_6q870,-0.5,johnny,40,,2,6,,,3,4,,3.5
1653420783023_msqwo,0.5,climate,72,5,3,2,2,6,5,5,6,5
1653420783023_msqwo,0.5,election,72,,3,2,,,5,5,,5
1653420783023_msqwo,0.5,johnny,72,,1,7,,,4,4,,4
1653420980083_v1syl,0.5,climate,52,6,3,5,2,6,6,6,6,6
1653420980083_v1syl,0.5,election,52,,2,7,,,6,6,,6
1653420980083_v1syl,0.5,johnny,52,,1,5,,,3,3,,3
1653421446891_nd7ks,-0.5,climate,15,6,3,5,3,6,6,6,6,6
1653421446891_nd7ks,-0.5,election,15,,3,5,,,5,4,,4.5
1653421446891_nd7ks,-0.5,johnny,15,,1,6,,,3,4,,3.5
1653421506024_qhb65,0.5,climate,75,5,2,3,2,5,5,5,5,5
1653421506024_qhb65,0.5,election,75,,2,1,,,5,4,,4.5
1653421506024_qhb65,0.5,johnny,75,,1,7,,,4,2,,3
1653421644402_l5yfs,-0.5,climate,5,6,3,5,2,6,6,6,6,6
1653421644402_l5yfs,-0.5,election,5,,3,5,,,6,6,,6
1653421644402_l5yfs,-0.5,johnny,5,,1,5,,,1,1,,1
1653421708948_fqezn,0.5,climate,65,5,3,3,3,6,5,5,5,5
1653421708948_fqezn,0.5,election,65,,3,5,,,6,6,,6
1653421708948_fqezn,0.5,johnny,65,,1,6,,,2,2,,2
1653421797068_kwohd,0.5,climate,77,1,1,4,4,2,4,3,2,3.5
1653421797068_kwohd,0.5,election,77,,3,5,,,6,6,,6
1653421797068_kwohd,0.5,johnny,77,,2,6,,,4,5,,4.5
1653421958668_9vsi9,0.5,climate,85,1,1,1,1,3,2,2,2,2
1653421958668_9vsi9,0.5,election,85,,3,4,,,5,5,,5
1653421958668_9vsi9,0.5,johnny,85,,1,7,,,2,1,,1.5
1653422545612_uwphn,-0.5,climate,10,6,3,2,5,6,5,5,6,5
1653422545612_uwphn,-0.5,election,10,,1,1,,,2,2,,2
1653422545612_uwphn,-0.5,johnny,10,,1,7,,,5,4,,4.5
1653422637104_xonvn,-0.5,climate,47,4,3,4,1,6,5,5,5,5
1653422637104_xonvn,-0.5,election,47,,3,3,,,4,4,,4
1653422637104_xonvn,-0.5,johnny,47,,1,6,,,4,4,,4
1653423323160_6lq0t,-0.5,climate,11,5,3,1,4,5,5,5,5,5
1653423323160_6lq0t,-0.5,election,11,,2,2,,,4,4,,4
1653423323160_6lq0t,-0.5,johnny,11,,2,6,,,5,4,,4.5
1653423837925_mqmqf,0.5,climate,55,6,3,5,2,6,6,6,6,6
1653423837925_mqmqf,0.5,election,55,,3,4,,,6,6,,6
1653423837925_mqmqf,0.5,johnny,55,,2,7,,,3,5,,4
1653424145491_yct6p,0.5,climate,20,4,1,1,3,4,4,5,5,4.5
1653424145491_yct6p,0.5,election,20,,1,2,,,4,4,,4
1653424145491_yct6p,0.5,johnny,20,,1,6,,,1,1,,1
1653424371574_af0dw,0.5,climate,20,4,3,5,2,5,6,4,5,5
1653424371574_af0dw,0.5,election,20,,1,6,,,4,5,,4.5
1653424371574_af0dw,0.5,johnny,20,,2,5,,,3,5,,4
1653426722706_9lnn9,0.5,climate,51,5,2,7,3,6,6,6,5,6
1653426722706_9lnn9,0.5,election,51,,1,5,,,5,5,,5
1653426722706_9lnn9,0.5,johnny,51,,3,7,,,6,6,,6
1653427633864_s7h97,-0.5,climate,54,1,1,6,1,2,1,1,2,1
1653427633864_s7h97,-0.5,election,54,,2,7,,,6,6,,6
1653427633864_s7h97,-0.5,johnny,54,,1,6,,,2,3,,2.5
1653428039543_qhq3y,-0.5,climate,26,5,2,5,4,5,5,5,5,5
1653428039543_qhq3y,-0.5,election,26,,2,5,,,5,5,,5
1653428039543_qhq3y,-0.5,johnny,26,,2,6,,,1,3,,2
1653428227258_nggbg,0.5,climate,13,6,3,4,2,6,6,6,6,6
1653428227258_nggbg,0.5,election,13,,2,2,,,5,5,,5
1653428227258_nggbg,0.5,johnny,13,,2,6,,,4,5,,4.5
1653429070322_1uh20,-0.5,climate,15,2,1,6,3,3,3,3,4,3
1653429070322_1uh20,-0.5,election,15,,1,3,,,4,4,,4
1653429070322_1uh20,-0.5,johnny,15,,1,7,,,2,2,,2
1653429092868_ewl8j,-0.5,climate,7,6,3,1,3,6,6,6,6,6
1653429092868_ewl8j,-0.5,election,7,,3,2,,,6,6,,6
1653429092868_ewl8j,-0.5,johnny,7,,1,7,,,3,3,,3
1653429289744_pk2hf,0.5,climate,66,4,2,2,4,5,4,4,5,4
1653429289744_pk2hf,0.5,election,66,,2,5,,,6,6,,6
1653429289744_pk2hf,0.5,johnny,66,,3,7,,,3,5,,4
1653429396245_oucm0,-0.5,climate,14,6,3,7,2,6,6,6,6,6
1653429396245_oucm0,-0.5,election,14,,2,4,,,5,5,,5
1653429396245_oucm0,-0.5,johnny,14,,2,7,,,4,4,,4
1653429495903_mo83s,-0.5,climate,65,4,1,1,3,4,4,4,4,4
1653429495903_mo83s,-0.5,election,65,,1,2,,,5,5,,5
1653429495903_mo83s,-0.5,johnny,65,,1,5,,,1,1,,1
1653429506285_4zyct,-0.5,climate,37,2,1,5,3,3,3,2,3,2.5
1653429506285_4zyct,-0.5,election,37,,3,5,,,6,6,,6
1653429506285_4zyct,-0.5,johnny,37,,2,6,,,4,4,,4
1653429721143_o95wa,-0.5,climate,5,5,3,4,2,6,6,6,6,6
1653429721143_o95wa,-0.5,election,5,,2,5,,,5,5,,5
1653429721143_o95wa,-0.5,johnny,5,,1,6,,,2,2,,2
1653430124642_deg3g,0.5,climate,32,2,1,6,1,2,2,1,1,1.5
1653430124642_deg3g,0.5,election,32,,1,6,,,4,4,,4
1653430124642_deg3g,0.5,johnny,32,,1,6,,,2,1,,1.5
1653430166194_heojs,-0.5,climate,29,4,3,3,1,5,5,3,5,4
1653430166194_heojs,-0.5,election,29,,2,2,,,3,4,,3.5
1653430166194_heojs,-0.5,johnny,29,,1,5,,,4,3,,3.5
1653432564766_kqb8e,-0.5,climate,13,6,3,3,3,6,6,6,6,6
1653432564766_kqb8e,-0.5,election,13,,3,5,,,6,6,,6
1653432564766_kqb8e,-0.5,johnny,13,,1,6,,,2,2,,2
1653432674850_5s0lb,-0.5,climate,70,4,2,4,3,6,5,5,6,5
1653432674850_5s0lb,-0.5,election,70,,2,6,,,6,6,,6
1653432674850_5s0lb,-0.5,johnny,70,,2,7,,,3,6,,4.5
1653433957332_bayvr,0.5,climate,36,5,3,4,3,6,6,5,6,5.5
1653433957332_bayvr,0.5,election,36,,2,5,,,5,5,,5
1653433957332_bayvr,0.5,johnny,36,,1,5,,,2,4,,3
1653434083510_o5ehi,0.5,climate,59,1,1,5,1,4,3,3,3,3
1653434083510_o5ehi,0.5,election,59,,3,1,,,4,4,,4
1653434083510_o5ehi,0.5,johnny,59,,1,5,,,2,2,,2
1653434335975_ffpxh,-0.5,climate,24,3,2,1,2,4,4,2,4,3
1653434335975_ffpxh,-0.5,election,24,,2,1,,,4,4,,4
1653434335975_ffpxh,-0.5,johnny,24,,1,6,,,2,2,,2
1653434338616_1g89b,-0.5,climate,11,6,2,5,2,6,6,5,6,5.5
1653434338616_1g89b,-0.5,election,11,,3,2,,,6,6,,6
1653434338616_1g89b,-0.5,johnny,11,,1,7,,,5,5,,5
1653434593970_enqyl,-0.5,climate,50,6,3,5,3,6,6,6,6,6
1653434593970_enqyl,-0.5,election,50,,1,5,,,5,5,,5
1653434593970_enqyl,-0.5,johnny,50,,1,7,,,3,3,,3
1653435015992_lqueb,-0.5,climate,70,6,3,4,5,6,6,6,6,6
1653435015992_lqueb,-0.5,election,70,,3,7,,,6,6,,6
1653435015992_lqueb,-0.5,johnny,70,,3,7,,,5,4,,4.5
1653435253330_bur3x,0.5,climate,50,2,2,1,3,4,4,4,4,4
1653435253330_bur3x,0.5,election,50,,1,1,,,3,3,,3
1653435253330_bur3x,0.5,johnny,50,,2,7,,,2,4,,3
1653435442723_2597e,-0.5,climate,25,6,2,2,1,6,6,6,6,6
1653435442723_2597e,-0.5,election,25,,3,2,,,5,6,,5.5
1653435442723_2597e,-0.5,johnny,25,,1,4,,,2,2,,2
1653435631399_zr99i,0.5,climate,78,1,1,6,3,3,2,4,2,3
1653435631399_zr99i,0.5,election,78,,2,7,,,5,5,,5
1653435631399_zr99i,0.5,johnny,78,,1,7,,,1,5,,3
1653435757371_s3udv,-0.5,climate,23,4,3,5,3,6,6,6,6,6
1653435757371_s3udv,-0.5,election,23,,1,4,,,5,6,,5.5
1653435757371_s3udv,-0.5,johnny,23,,2,6,,,5,4,,4.5
1653436026839_6l66y,0.5,climate,13,5,3,1,3,5,6,6,6,6
1653436026839_6l66y,0.5,election,13,,2,2,,,5,5,,5
1653436026839_6l66y,0.5,johnny,13,,1,4,,,3,3,,3
1653436604265_w2p02,0.5,climate,45,5,2,7,2,4,6,4,6,5
1653436604265_w2p02,0.5,election,45,,2,6,,,5,3,,4
1653436604265_w2p02,0.5,johnny,45,,2,7,,,2,6,,4
1653437561912_en482,0.5,climate,50,6,3,4,1,5,6,6,6,6
1653437561912_en482,0.5,election,50,,2,6,,,5,5,,5
1653437561912_en482,0.5,johnny,50,,1,7,,,2,2,,2
1653438106155_mu6od,0.5,climate,50,5,2,6,2,6,6,5,6,5.5
1653438106155_mu6od,0.5,election,50,,2,6,,,6,6,,6
1653438106155_mu6od,0.5,johnny,50,,1,5,,,1,2,,1.5
1653439110631_hic4j,0.5,climate,65,5,3,4,1,5,6,6,6,6
1653439110631_hic4j,0.5,election,65,,2,5,,,6,6,,6
1653439110631_hic4j,0.5,johnny,65,,1,6,,,1,1,,1
1653439666632_m2jh6,0.5,climate,85,6,3,3,2,6,6,6,6,6
1653439666632_m2jh6,0.5,election,85,,2,5,,,5,5,,5
1653439666632_m2jh6,0.5,johnny,85,,1,7,,,1,1,,1
1653440068428_y8imt,0.5,climate,59,1,1,1,3,2,2,1,1,1.5
1653440068428_y8imt,0.5,election,59,,2,4,,,5,5,,5
1653440068428_y8imt,0.5,johnny,59,,1,6,,,4,5,,4.5
1653440418222_m0ue2,0.5,climate,26,5,1,5,4,6,6,6,6,6
1653440418222_m0ue2,0.5,election,26,,1,5,,,6,6,,6
1653440418222_m0ue2,0.5,johnny,26,,1,6,,,1,1,,1
1653441180099_4m6ad,-0.5,climate,21,4,3,5,3,5,4,4,4,4
1653441180099_4m6ad,-0.5,election,21,,1,5,,,1,3,,2
1653441180099_4m6ad,-0.5,johnny,21,,1,7,,,1,1,,1
1653441281690_mohx6,0.5,climate,50,6,3,5,2,6,6,5,6,5.5
1653441281690_mohx6,0.5,election,50,,2,5,,,5,5,,5
1653441281690_mohx6,0.5,johnny,50,,1,7,,,2,4,,3
1653441617861_9er99,0.5,climate,52,4,2,2,3,4,5,4,4,4.5
1653441617861_9er99,0.5,election,52,,1,4,,,4,3,,3.5
1653441617861_9er99,0.5,johnny,52,,1,5,,,3,3,,3
1653441977637_jsub4,0.5,climate,40,6,3,1,2,6,6,6,6,6
1653441977637_jsub4,0.5,election,40,,2,1,,,5,5,,5
1653441977637_jsub4,0.5,johnny,40,,1,6,,,1,1,,1
1653442068751_922va,-0.5,climate,16,4,2,1,3,6,5,5,6,5
1653442068751_922va,-0.5,election,16,,1,1,,,3,2,,2.5
1653442068751_922va,-0.5,johnny,16,,2,5,,,4,4,,4
1653442125879_cpkk2,0.5,climate,59,2,1,1,2,3,2,1,3,1.5
1653442125879_cpkk2,0.5,election,59,,2,4,,,3,2,,2.5
1653442125879_cpkk2,0.5,johnny,59,,1,7,,,3,2,,2.5
1653443135195_42cgc,-0.5,climate,2,5,2,4,3,6,5,5,6,5
1653443135195_42cgc,-0.5,election,2,,2,5,,,5,5,,5
1653443135195_42cgc,-0.5,johnny,2,,1,1,,,1,1,,1
1653444996664_csgv8,-0.5,climate,25,6,3,6,5,6,6,6,6,6
1653444996664_csgv8,-0.5,election,25,,3,6,,,6,5,,5.5
1653444996664_csgv8,-0.5,johnny,25,,1,7,,,4,1,,2.5
1653445006651_4gje7,0.5,climate,80,2,1,5,3,4,2,2,2,2
1653445006651_4gje7,0.5,election,80,,2,5,,,5,5,,5
1653445006651_4gje7,0.5,johnny,80,,1,5,,,1,2,,1.5
1653446383783_httg1,0.5,climate,50,5,2,5,3,5,6,6,5,6
1653446383783_httg1,0.5,election,50,,2,1,,,5,5,,5
1653446383783_httg1,0.5,johnny,50,,1,1,,,2,2,,2
1653447072348_c7ogi,0.5,climate,70,5,2,5,4,5,5,4,5,4.5
1653447072348_c7ogi,0.5,election,70,,3,3,,,5,4,,4.5
1653447072348_c7ogi,0.5,johnny,70,,1,6,,,2,3,,2.5
1653447604941_v07hj,0.5,climate,35,5,2,5,3,6,6,5,6,5.5
1653447604941_v07hj,0.5,election,35,,3,4,,,6,5,,5.5
1653447604941_v07hj,0.5,johnny,35,,1,7,,,2,3,,2.5
1653447998441_sa8xk,0.5,climate,22,4,2,7,3,5,4,4,5,4
1653447998441_sa8xk,0.5,election,22,,3,7,,,6,6,,6
1653447998441_sa8xk,0.5,johnny,22,,1,7,,,2,2,,2
1653448255660_rdrqn,0.5,climate,39,4,3,5,3,4,6,4,4,5
1653448255660_rdrqn,0.5,election,39,,3,4,,,6,4,,5
1653448255660_rdrqn,0.5,johnny,39,,1,7,,,2,2,,2
1653449272955_27zna,-0.5,climate,58,5,3,2,4,5,5,4,5,4.5
1653449272955_27zna,-0.5,election,58,,2,4,,,4,4,,4
1653449272955_27zna,-0.5,johnny,58,,2,6,,,3,4,,3.5
1653449434644_p9sko,0.5,climate,67,6,2,4,2,6,6,5,6,5.5
1653449434644_p9sko,0.5,election,67,,3,6,,,5,4,,4.5
1653449434644_p9sko,0.5,johnny,67,,1,6,,,4,6,,5
1653449783698_rm1z6,0.5,climate,80,6,3,3,5,6,6,6,6,6
1653449783698_rm1z6,0.5,election,80,,3,1,,,6,6,,6
1653449783698_rm1z6,0.5,johnny,80,,2,7,,,4,6,,5
1653450284530_jkxbr,0.5,climate,45,5,2,6,2,6,6,4,6,5
1653450284530_jkxbr,0.5,election,45,,2,7,,,6,6,,6
1653450284530_jkxbr,0.5,johnny,45,,1,7,,,2,2,,2
1653451735346_2akt9,-0.5,climate,50,1,1,2,3,3,1,2,2,1.5
1653451735346_2akt9,-0.5,election,50,,2,7,,,6,6,,6
1653451735346_2akt9,-0.5,johnny,50,,1,5,,,3,3,,3
1653451825502_zh3mc,-0.5,climate,17,4,2,4,1,5,5,5,5,5
1653451825502_zh3mc,-0.5,election,17,,3,1,,,4,3,,3.5
1653451825502_zh3mc,-0.5,johnny,17,,1,7,,,2,2,,2
1653452371624_wamhq,0.5,climate,42,6,3,1,2,6,6,6,6,6
1653452371624_wamhq,0.5,election,42,,2,2,,,4,5,,4.5
1653452371624_wamhq,0.5,johnny,42,,3,5,,,4,6,,5
1653452616629_no3wh,0.5,climate,50,4,2,1,4,6,6,1,4,3.5
1653452616629_no3wh,0.5,election,50,,2,1,,,6,6,,6
1653452616629_no3wh,0.5,johnny,50,,2,7,,,5,6,,5.5
1653455150041_kx7i5,0.5,climate,30,5,2,5,5,6,5,5,4,5
1653455150041_kx7i5,0.5,election,30,,3,1,,,5,5,,5
1653455150041_kx7i5,0.5,johnny,30,,1,7,,,3,4,,3.5
1653455560920_njjea,0.5,climate,75,6,3,2,3,6,6,4,6,5
1653455560920_njjea,0.5,election,75,,3,5,,,5,4,,4.5
1653455560920_njjea,0.5,johnny,75,,1,7,,,1,6,,3.5
1653456817060_2ncaj,0.5,climate,65,6,3,3,2,6,6,6,6,6
1653456817060_2ncaj,0.5,election,65,,3,5,,,6,6,,6
1653456817060_2ncaj,0.5,johnny,65,,1,7,,,3,4,,3.5
1653457482190_j81n1,-0.5,climate,2,6,2,5,2,6,6,6,6,6
1653457482190_j81n1,-0.5,election,2,,3,1,,,6,6,,6
1653457482190_j81n1,-0.5,johnny,2,,1,7,,,2,2,,2
1653457526228_fc2yh,0.5,climate,66,5,3,2,2,5,5,4,5,4.5
1653457526228_fc2yh,0.5,election,66,,2,5,,,6,6,,6
1653457526228_fc2yh,0.5,johnny,66,,1,6,,,2,4,,3
1653458494748_wb6s1,0.5,climate,10,4,2,3,3,5,5,5,5,5
1653458494748_wb6s1,0.5,election,10,,2,5,,,5,5,,5
1653458494748_wb6s1,0.5,johnny,10,,2,7,,,4,4,,4
1653472093735_s6frg,0.5,climate,55,5,3,2,3,5,6,6,5,6
1653472093735_s6frg,0.5,election,55,,2,1,,,5,5,,5
1653472093735_s6frg,0.5,johnny,55,,1,7,,,3,3,,3
1653472906007_yp72z,0.5,climate,37,6,2,2,5,5,6,6,6,6
1653472906007_yp72z,0.5,election,37,,2,1,,,4,4,,4
1653472906007_yp72z,0.5,johnny,37,,1,7,,,3,3,,3
1653473296611_e9ywy,0.5,climate,75,4,2,4,3,6,5,4,5,4.5
1653473296611_e9ywy,0.5,election,75,,2,6,,,4,4,,4
1653473296611_e9ywy,0.5,johnny,75,,1,7,,,1,1,,1
1653473848451_aowfc,-0.5,climate,14,3,2,3,4,3,4,3,4,3.5
1653473848451_aowfc,-0.5,election,14,,3,6,,,6,6,,6
1653473848451_aowfc,-0.5,johnny,14,,1,7,,,1,5,,3
1653477215675_rqrzn,-0.5,climate,10,5,2,4,3,6,5,5,6,5
1653477215675_rqrzn,-0.5,election,10,,3,4,,,6,6,,6
1653477215675_rqrzn,-0.5,johnny,10,,1,5,,,1,3,,2
1653477445015_h69ak,0.5,climate,40,5,3,1,3,5,5,5,5,5
1653477445015_h69ak,0.5,election,40,,1,2,,,4,4,,4
1653477445015_h69ak,0.5,johnny,40,,1,5,,,1,1,,1
1653479020475_sp4lk,0.5,climate,50,6,2,3,1,6,5,5,6,5
1653479020475_sp4lk,0.5,election,50,,1,4,,,2,2,,2
1653479020475_sp4lk,0.5,johnny,50,,1,6,,,2,2,,2
1653481746948_jcgrv,-0.5,climate,43,6,2,5,3,6,6,6,6,6
1653481746948_jcgrv,-0.5,election,43,,2,7,,,6,6,,6
1653481746948_jcgrv,-0.5,johnny,43,,1,7,,,2,2,,2
1653482009188_tpntj,-0.5,climate,6,4,3,1,2,5,5,5,5,5
1653482009188_tpntj,-0.5,election,6,,1,5,,,3,3,,3
1653482009188_tpntj,-0.5,johnny,6,,1,7,,,1,1,,1
1653482537983_3ra3p,0.5,climate,24,4,3,4,3,6,5,4,5,4.5
1653482537983_3ra3p,0.5,election,24,,2,5,,,4,4,,4
1653482537983_3ra3p,0.5,johnny,24,,1,7,,,3,4,,3.5
1653482850833_0u2ak,-0.5,climate,14,1,1,5,4,2,3,3,2,3
1653482850833_0u2ak,-0.5,election,14,,2,5,,,4,4,,4
1653482850833_0u2ak,-0.5,johnny,14,,1,6,,,2,2,,2
1653483689380_uq9fu,0.5,climate,6,5,3,1,4,6,5,4,6,4.5
1653483689380_uq9fu,0.5,election,6,,1,5,,,4,5,,4.5
1653483689380_uq9fu,0.5,johnny,6,,2,7,,,5,6,,5.5
1653485247137_ymeqt,-0.5,climate,30,6,2,5,2,6,6,6,6,6
1653485247137_ymeqt,-0.5,election,30,,2,5,,,5,5,,5
1653485247137_ymeqt,-0.5,johnny,30,,1,6,,,3,3,,3
