user_id,condition,ip_address,IP_Hub_Country_Code,IP_Hub_ISP,IP_Hub_nonUSIP,IP_Hub_VPS,IP_Hub_recommend_block
1651266725098_l22v9,1,75.90.104.36,US,WINDSTREAM,0,0,0
1651266747983_lpbhe,1,67.241.32.251,US,TWC-11351-NORTHEAST,0,0,0
1651266755262_o0h80,1,174.202.230.16,US,CELLCO-PART,0,0,0
1651266762376_4sinw,1,216.23.255.205,US,WATCHCOMM-IN,0,0,0
1651266783858_c23xj,1,72.9.202.186,US,VONAGE-BUSINESS,0,0,0
1651266808049_88hb8,1,108.197.164.71,US,ATT-INTERNET4,0,0,0
1651266916247_h0msc,1,98.213.118.142,US,COMCAST-7922,0,0,0
1651267201427_majxz,1,73.149.186.215,US,COMCAST-7015,0,0,0
1651270673128_rnrdq,1,172.58.76.249,US,T-MOBILE-AS21928,0,0,0
1651272124729_i5p08,1,184.101.25.239,US,CENTURYLINK-US-LEGACY-QWEST,0,0,0
1651272228702_rtkkb,1,98.176.225.46,US,ASN-CXA-ALL-CCI-22773-RDC,0,0,0
1651266678147_sv46w,2,71.212.155.14,US,CENTURYLINK-US-LEGACY-QWEST,0,0,0
1651266713669_4rjfd,2,71.61.235.88,US,COMCAST-7922,0,0,0
1651266714825_dg03x,2,173.23.107.143,US,MEDIACOM-ENTERPRISE-BUSINESS,0,0,0
1651266737130_jhzsz,2,67.63.94.123,US,TLL-WEST,0,0,0
1651266768224_ik0xd,2,72.190.80.79,US,TWC-11427-TEXAS,0,0,0
1651266842023_17zzj,2,68.185.37.230,US,CHARTER-20115,0,0,0
1651266848287_ub5id,2,24.178.146.205,US,CHARTER-20115,0,0,0
1651266973188_xzx9v,2,27.147.205.187,BD,LINK3-TECH-AS-BD-AP,1,0,1
1651267028213_uqb59,2,74.98.224.241,US,UUNET,0,0,0
1651267663730_qvfmw,2,65.188.49.244,US,TWC-11426-CAROLINAS,0,0,0
1651268587992_r138c,2,99.185.141.111,US,ATT-INTERNET4,0,0,0
1651266679690_pjovw,1,76.26.87.87,US,COMCAST-7922,0,0,0
1651511958161_zgpci,1,74.117.136.50,US,HSS-1,0,0,0
1651511960177_s5g4r,2,66.21.49.130,US,BELLSOUTH-NET-BLK,0,0,0
1651511968618_5zavu,2,72.82.15.65,US,UUNET,0,0,0
1651511969221_hkkvq,1,75.131.79.98,US,CHARTER-20115,0,0,0
1651511979974_ij4nl,1,199.27.253.135,US,AS-CMN,0,0,0
1651511980393_aowof,2,24.128.226.33,US,COMCAST-7922,0,0,0
1651511982415_iw1ma,1,50.76.200.145,US,COMCAST-7922,0,0,0
1651511982751_7kd2x,1,24.35.225.141,US,FIDN,0,0,0
1651511997007_swtqi,2,98.163.11.129,US,ASN-CXA-ALL-CCI-22773-RDC,0,0,0
1651512000911_gxozu,1,217.147.186.119,US,SILVERSTAR-TELEPHONE,0,0,0
1651512010799_gz3iy,2,107.116.79.35,US,ATT-INTERNET4,0,0,0
1651512012373_clt1x,1,68.231.152.227,US,ASN-CXA-ALL-CCI-22773-RDC,0,0,0
1651512028644_ejbsk,1,73.204.222.208,US,COMCAST-7922,0,0,0
1651512029046_by1m2,2,35.143.171.220,US,BHN-33363,0,0,0
1651512043027_ww1wy,1,216.171.3.194,US,PAVLOVMEDIA,0,0,0
1651512050061_al18t,2,68.40.151.134,US,COMCAST-7922,0,0,0
1651512050800_t2ugd,2,72.204.22.5,US,ASN-CXA-ALL-CCI-22773-RDC,0,0,0
1651512050895_fyad0,2,73.204.210.15,US,COMCAST-7922,0,0,0
1651512053464_2n6g8,1,212.69.145.194,US,DATABANK-DFW,0,1,1
1651512057400_8na73,2,96.241.102.140,US,UUNET,0,0,0
1651512066815_winmu,1,24.239.91.75,US,ACS-INTERNET,0,0,0
1651512068777_7mc27,1,71.67.134.167,US,TWC-10796-MIDWEST,0,0,0
1651512071559_wrgrn,2,75.117.145.251,US,WINDSTREAM,0,0,0
1651512078498_7on37,2,174.70.78.81,US,ASN-CXA-ALL-CCI-22773-RDC,0,0,0
1651512083181_jeopt,1,202.182.66.37,US,ATT-INTERNET4,0,0,0
1651512084402_r2q3e,1,208.218.229.100,US,UUNET,0,0,0
1651512087602_6fn20,1,104.224.7.64,US,ORANGEBURGCOUNTYBB-SC,0,0,0
1651512088027_c1sj3,1,216.165.95.84,US,NYU-DOMAIN,0,0,0
1651512103820_jemgx,1,47.196.4.47,US,FRONTIER-FRTR,0,0,0
1651512111158_7upx7,2,68.84.44.236,US,COMCAST-7922,0,0,0
1651512117067_lgnj6,1,104.190.154.62,US,ATT-INTERNET4,0,0,0
1651512137314_s2xus,2,69.169.4.204,US,HONEST,0,0,0
1651512148676_gaz9n,1,173.17.35.39,US,MEDIACOM-ENTERPRISE-BUSINESS,0,0,0
1651512151943_zlcbz,1,174.250.60.7,US,CELLCO-PART,0,0,0
1651512175264_lyp5m,2,73.137.67.180,US,COMCAST-7922,0,0,0
1651512176395_pb1sp,1,67.52.229.210,US,TWC-11427-TEXAS,0,0,0
1651512191471_3rm0p,2,47.222.101.30,US,SUDDENLINK-COMMUNICATIONS,0,0,0
1651512208680_vdoll,2,73.202.78.249,US,COMCAST-7922,0,0,0
1651512212914_6w48o,1,98.20.150.245,US,WINDSTREAM,0,0,0
1651512219317_ozn8t,1,148.59.145.105,US,ITXBB,0,0,0
1651512229096_8wext,1,98.191.174.133,US,ASN-CXA-ALL-CCI-22773-RDC,0,0,0
1651512241493_ka0j7,1,24.95.138.186,US,TWC-10796-MIDWEST,0,0,0
1651512244174_nowwj,1,75.46.37.166,US,ATT-INTERNET4,0,0,0
1651512269011_2ghq7,1,70.187.217.210,US,ASN-CXA-ALL-CCI-22773-RDC,0,0,0
1651512274279_cy6rr,1,24.188.132.31,US,CABLE-NET-1,0,0,0
1651512274788_af3qo,2,173.47.196.169,US,CABLEONE,0,0,0
1651512275304_d53a9,1,73.107.55.76,US,COMCAST-7922,0,0,0
1651512278642_ayogq,2,217.180.230.202,US,AS-CMN,0,0,0
1651512295564_9bub0,2,162.226.1.61,US,ATT-INTERNET4,0,0,0
1651512298903_jnbnq,1,172.116.65.208,US,TWC-20001-PACWEST,0,0,0
1651512338556_gvzeu,2,68.64.113.137,US,TGTEL,0,0,0
1651512344210_pw8q4,2,73.250.152.37,US,COMCAST-7922,0,0,0
1651512344620_iwjbc,1,99.5.66.117,US,ATT-INTERNET4,0,0,0
1651512364320_o82dr,2,174.255.1.209,US,CELLCO-PART,0,0,0
1651512373148_4mfni,1,70.241.194.143,US,ATT-INTERNET4,0,0,0
1651512403409_ebbxx,1,24.28.24.209,US,TWC-11427-TEXAS,0,0,0
1651512437878_2glg1,2,108.17.5.182,US,UUNET,0,0,0
1651512451645_lpoto,2,43.225.189.71,IN,HOSTROYALE,1,1,1
1651512462034_f9cy8,1,75.84.235.25,US,TWC-20001-PACWEST,0,0,0
1651512496202_6vieg,1,50.91.18.114,US,BHN-33363,0,0,0
1651512513234_m3u9y,1,209.172.251.124,US,MERCERU-GA-ASN,0,0,0
1651512513661_1i84t,1,158.61.6.3,US,RCIT-CORNET,0,0,0
1651512518943_8masg,2,70.62.77.114,US,TWC-11426-CAROLINAS,0,0,0
1651512528420_4te59,2,108.28.149.192,US,UUNET,0,0,0
1651512544045_4e442,2,73.238.106.9,US,COMCAST-7015,0,0,0
1651512582016_wvtns,1,107.137.12.238,US,ATT-INTERNET4,0,0,0
1651512583240_1zaeh,1,184.191.133.126,US,ASN-CXA-ALL-CCI-22773-RDC,0,0,0
1651512604663_qbr11,1,73.207.166.148,US,COMCAST-7922,0,0,0
1651512610351_g9pt3,2,73.55.217.90,US,COMCAST-7922,0,0,0
1651512616340_esi6r,2,172.58.27.180,US,T-MOBILE-AS21928,0,0,0
1651512630153_xyi99,2,67.82.220.239,US,CABLE-NET-1,0,0,0
1651512652630_w6dvp,2,76.130.136.83,US,COMCAST-7922,0,0,0
1651512678897_48v6t,1,108.65.169.170,US,ATT-INTERNET4,0,0,0
1651512739156_yvk5k,2,202.182.64.186,US,ATT-INTERNET4,0,0,0
1651512784284_akums,1,73.12.80.13,US,COMCAST-7922,0,0,0
1651512788954_7gwfo,2,165.166.159.185,US,TRUVISTA,0,0,0
1651512793420_62mjh,2,172.58.59.86,US,T-MOBILE-AS21928,0,0,0
1651512810016_6jtjn,1,108.245.80.97,US,ATT-INTERNET4,0,0,0
1651512817244_ddx6o,1,173.184.53.222,US,WINDSTREAM,0,0,0
1651512828430_k0kg5,1,67.82.158.49,US,CABLE-NET-1,0,0,0
1651512882260_e64xj,2,74.136.239.171,US,TWC-10796-MIDWEST,0,0,0
1651512939809_7llqg,1,73.152.185.48,US,COMCAST-7922,0,0,0
1651512962914_u9rdr,2,155.193.67.160,US,WINDSTREAM,0,0,0
1651512982219_hamjk,2,99.120.102.22,US,ATT-INTERNET4,0,0,0
1651512989240_wr923,2,168.169.222.132,US,WNYRIC-NET,0,0,0
1651513007829_6fa87,2,76.29.141.37,US,COMCAST-7922,0,0,0
1651513021890_37wbc,1,66.203.18.56,US,MVECA-AS,0,0,0
1651513024140_sfv15,1,98.203.239.72,US,COMCAST-7922,0,0,0
1651513112228_czo2c,1,50.241.235.17,US,COMCAST-7922,0,0,0
1651513161188_vuhoo,2,69.1.44.27,US,WOW-INTERNET,0,0,0
1651513254516_4967d,1,168.28.92.68,US,PEACHNET-AS3479,0,0,0
1651513290668_mmdxf,1,100.12.69.250,US,UUNET,0,0,0
1651513291786_pluau,1,172.58.22.173,US,T-MOBILE-AS21928,0,0,0
1651513340158_wmf0b,1,208.218.225.112,US,UUNET,0,0,0
1651513368012_gr1k0,1,71.63.0.238,US,COMCAST-7922,0,0,0
1651513386227_5lv3o,1,209.74.122.49,US,MESSAGEEXPRESSINTERNET,0,0,0
1651513392782_ris5q,1,73.85.175.78,US,COMCAST-7922,0,0,0
1651513459439_z4rw9,1,71.168.233.127,US,UUNET,0,0,0
1651513483414_wvwzy,2,73.103.167.48,US,COMCAST-7922,0,0,0
1651513535779_l0w53,2,107.77.198.166,US,ATT-MOBILITY-LLC-AS20057,0,0,0
1651513578795_bupzr,1,104.182.142.198,US,ATT-INTERNET4,0,0,0
1651513608408_ebqa6,1,172.58.142.138,US,T-MOBILE-AS21928,0,0,0
1651513660667_80mot,1,49.204.136.122,IN,CABLELITE-AS-AP,1,0,1
1651513720305_eikzj,1,76.181.45.248,US,TWC-10796-MIDWEST,0,0,0
1651513743247_wi0kd,1,209.133.79.7,US,IDNIC-PRODIGY-AS-ID,0,0,0
1651513823351_xgflk,1,99.190.17.168,US,ATT-INTERNET4,0,0,0
1651513878517_j35xh,1,73.242.99.171,US,COMCAST-7922,0,0,0
1651513954558_tgdsh,1,24.127.180.222,US,COMCAST-7922,0,0,0
1651513972179_ysurr,1,24.165.110.8,US,TWC-10796-MIDWEST,0,0,0
1651514054855_gb8zr,1,72.46.202.63,US,ETS-TELEPHONE-COMPANY,0,0,0
1651514062829_fjrfi,2,68.116.125.22,US,CHARTER-20115,0,0,0
1651514178175_qqrm8,2,107.147.175.121,US,BHN-33363,0,0,0
1651514190929_7ix74,2,47.200.187.60,US,FRONTIER-FRTR,0,0,0
1651514212604_62dey,2,150.176.139.17,US,STATE-OF-FLA,0,0,0
1651514226335_9p77g,1,166.67.255.240,US,RFC2270-UUNET-CUSTOMER,0,0,0
1651514325885_llc1n,1,104.0.158.71,US,ATT-INTERNET4,0,0,0
1651514486295_cu46h,1,50.227.47.114,US,COMCAST-7922,0,0,0
1651514506977_sv77q,1,98.226.80.24,US,COMCAST-7922,0,0,0
1651514519541_2wlk7,1,72.82.58.67,US,UUNET,0,0,0
1651514535787_kpdg2,1,76.185.166.8,US,TWC-11427-TEXAS,0,0,0
1651514553957_0xky7,1,73.120.28.76,US,COMCAST-7922,0,0,0
1651514557934_7zuaj,2,173.244.137.162,US,UPNLLC,0,0,0
1651514594885_2np1m,1,74.139.62.2,US,TWC-10796-MIDWEST,0,0,0
1651514596232_g1ewc,1,72.69.141.20,US,UUNET,0,0,0
1651514642655_rp1pf,1,75.142.6.7,US,CHARTER-20115,0,0,0
1651514663349_m7cxm,2,202.182.64.16,US,ATT-INTERNET4,0,0,0
1651514709552_6lgs7,1,71.209.107.106,US,CENTURYLINK-US-LEGACY-QWEST,0,0,0
1651514759213_wglhu,1,184.97.167.106,US,CENTURYLINK-US-LEGACY-QWEST,0,0,0
1651514799965_904o3,2,73.123.104.151,US,COMCAST-7015,0,0,0
1651514807147_1kzmo,2,209.105.174.217,US,SUREWEST-KANSAS,0,0,0
1651514809347_kypdk,1,68.83.174.215,US,COMCAST-7922,0,0,0
1651514812905_f8ppq,1,174.208.168.162,US,CELLCO-PART,0,0,0
1651514817135_14t2y,2,73.236.7.213,US,COMCAST-7922,0,0,0
1651514881369_krreo,1,47.157.255.15,US,FRONTIER-FRTR,0,0,0
1651514922836_zrlxp,1,71.131.68.182,US,ATT-INTERNET4,0,0,0
1651515022981_lg0r5,2,75.140.249.104,US,CHARTER-20115,0,0,0
1651515023100_yj00q,1,73.25.201.158,US,COMCAST-7922,0,0,0
1651515026260_d03kx,2,98.26.146.87,US,TWC-11426-CAROLINAS,0,0,0
1651515040980_4oyqy,1,64.98.240.122,CA,TF-178-ASH,1,0,1
1651515064683_c80dt,1,173.25.105.155,US,MEDIACOM-ENTERPRISE-BUSINESS,0,0,0
1651515082559_gyp0k,1,204.85.253.251,US,NCREN,0,0,0
1651515115377_q08es,1,136.226.51.97,US,ZSCALER-SJC1,0,0,0
1651515186249_qv9qz,1,64.33.238.60,US,WRCTC-NET-1,0,0,0
1651515194751_g1hnv,2,76.112.231.39,US,COMCAST-7922,0,0,0
1651515273141_vw489,1,174.141.175.81,US,HOTWIRE-COMMUNICATIONS,0,0,0
1651515427313_n4b9c,1,68.132.185.56,US,UUNET,0,0,0
1651515537189_xqdtz,1,23.252.128.126,US,B-U-C,0,0,0
1651515621208_dwe6f,2,74.129.21.77,US,TWC-10796-MIDWEST,0,0,0
1651515636794_j4aoy,2,137.45.239.111,US,RADFORD-UNIV-AS,0,0,0
1651515664292_9o5a6,1,98.161.167.228,US,ASN-CXA-ALL-CCI-22773-RDC,0,0,0
1651515686021_xrs8d,2,136.33.250.110,US,GOOGLE-FIBER,0,0,0
1651515770376_we68g,1,67.243.176.104,US,TWC-12271-NYC,0,0,0
1651515780444_4zadv,1,107.77.211.226,US,ATT-MOBILITY-LLC-AS20057,0,0,0
1651515795602_wbbtl,2,76.8.148.45,US,CVALLEY,0,0,0
1651515896730_kuhzv,2,24.154.153.245,US,ACS-INTERNET,0,0,0
1651515931442_qhdet,2,72.188.245.164,US,BHN-33363,0,0,0
1651515968438_zb9dk,1,65.25.175.39,US,TWC-10796-MIDWEST,0,0,0
1651515972671_4lgpe,1,47.148.27.166,US,FRONTIER-FRTR,0,0,0
1651516037213_zbkfz,1,68.84.189.63,US,COMCAST-7922,0,0,0
1651516151086_edrqk,2,98.113.125.220,US,UUNET,0,0,0
1651516161125_wegpj,2,199.47.67.55,US,VIAERO-WIRELESS-GPRS,0,0,0
1651516179202_v3hvh,2,76.97.189.215,US,COMCAST-7922,0,0,0
1651516271759_yxipc,1,75.35.96.56,US,ATT-INTERNET4,0,0,0
1651516311168_j0cds,2,100.36.112.85,US,UUNET,0,0,0
1651516372331_10zyi,1,216.169.239.225,US,RISE-BROADBAND,0,0,0
1651516377466_6w0gv,2,174.56.193.0,US,COMCAST-7922,0,0,0
1651516406012_hvo4p,2,75.143.124.163,US,CHARTER-20115,0,0,0
1651516433032_ald52,2,73.130.221.175,US,COMCAST-7922,0,0,0
1651516514529_hwyn3,1,70.190.38.253,US,ASN-CXA-ALL-CCI-22773-RDC,0,0,0
1651516521193_luydz,2,98.121.116.178,US,TWC-11426-CAROLINAS,0,0,0
1651516526455_irvms,1,97.100.97.172,US,BHN-33363,0,0,0
1651516574898_yq3in,1,65.32.225.88,US,BHN-33363,0,0,0
1651516592189_e7rpr,2,73.191.92.74,US,COMCAST-7922,0,0,0
1651516628698_kurys,1,97.123.118.55,US,CENTURYLINK-US-LEGACY-QWEST,0,0,0
1651516639872_syj1a,1,184.62.196.231,US,VIASAT-SP-BACKBONE,0,0,0
1651516685244_2pe0s,1,47.204.116.213,US,FRONTIER-FRTR,0,0,0
1651516703860_ko5uo,2,96.41.243.237,US,CHARTER-20115,0,0,0
1651516768539_z10se,2,47.215.135.183,US,SUDDENLINK-COMMUNICATIONS,0,0,0
1651516832778_clrl9,1,67.142.112.98,US,HNS-DIRECPC,0,0,0
1651516872092_h8xwm,1,174.63.196.226,US,COMCAST-7922,0,0,0
1651516890490_bc880,1,40.136.241.155,US,WINDSTREAM,0,0,0
1651517132533_mki1z,2,173.216.8.107,US,SUDDENLINK-COMMUNICATIONS,0,0,0
1651517197816_b2b13,1,184.59.197.74,US,TWC-10796-MIDWEST,0,0,0
1651517215017_uvr1p,1,69.60.34.80,US,MISSISSIPPI-STATE-GOVERNMENT,0,0,0
1651517225436_o2lfe,1,216.8.250.90,US,ETC-60-AS,0,0,0
1651517242714_inl6x,2,174.60.245.92,US,COMCAST-7922,0,0,0
1651517261222_tgwy5,1,99.7.229.161,US,ATT-INTERNET4,0,0,0
1651517364116_ibo2d,1,76.180.100.6,US,TWC-11351-NORTHEAST,0,0,0
1651517379865_q9y9q,2,75.184.85.189,US,TWC-11426-CAROLINAS,0,0,0
1651517422421_ck8xy,2,50.110.122.185,US,FRONTIER-FRTR,0,0,0
1651517485434_l4jog,2,104.48.191.119,US,ATT-INTERNET4,0,0,0
1651517588699_agw30,1,23.138.240.8,US,WESTNETWORKS-GNV-FL-01,0,0,0
1651517593216_6cig0,1,71.185.245.188,US,UUNET,0,0,0
1651517607021_2omtu,2,172.58.99.23,US,T-MOBILE-AS21928,0,0,0
1651517665976_0vfdb,2,73.240.226.236,US,COMCAST-7922,0,0,0
1651517668699_bmf4q,1,73.175.156.210,US,COMCAST-7922,0,0,0
1651517706509_aslk3,1,70.39.102.165,US,ST-BGP,0,1,1
1651517803366_gme5v,2,108.31.22.39,US,UUNET,0,0,0
1651517811734_rnzzz,2,45.47.46.28,US,TWC-11351-NORTHEAST,0,0,0
1651517898896_1clxt,1,216.64.248.13,US,PCCNET,0,0,0
1651518042330_6ux86,2,173.25.205.89,US,MEDIACOM-ENTERPRISE-BUSINESS,0,0,0
1651518068190_ab38q,1,24.130.10.212,US,COMCAST-7922,0,0,0
1651518083006_ys1e6,2,155.190.19.7,RO,OPENDNS,1,0,1
1651518176483_ak47t,2,50.110.117.52,US,FRONTIER-FRTR,0,0,0
1651518179504_fli91,1,67.82.226.16,US,CABLE-NET-1,0,0,0
1651518187576_hn3bp,2,174.216.3.191,US,CELLCO-PART,0,0,0
1651518272544_hufsa,2,192.40.64.33,US,VELOCLOUD,0,1,1
1651518314447_shamr,1,100.34.179.26,US,UUNET,0,0,0
1651518335394_m6rwo,1,69.140.56.193,US,COMCAST-7922,0,0,0
1651518402652_hicqv,1,99.6.64.235,US,ATT-INTERNET4,0,0,0
1651518469169_qfcxx,1,67.163.233.80,US,COMCAST-7922,0,0,0
1651518523303_i3i11,1,96.68.0.238,US,COMCAST-7922,0,0,0
1651518529360_tnilh,1,172.242.34.10,US,VIASAT-SP-BACKBONE,0,0,0
1651518561151_y56pq,2,99.109.234.118,US,ATT-INTERNET4,0,0,0
1651518626766_e58ju,2,174.108.19.122,US,TWC-11426-CAROLINAS,0,0,0
1651518686031_2mmsy,2,131.191.83.138,US,CLICK-NETWORK,0,0,0
1651518829911_st00p,2,174.87.134.155,US,CHARTER-20115,0,0,0
1651518850379_ecq32,1,73.246.112.51,US,COMCAST-7922,0,0,0
1651518865454_50mjm,1,69.76.44.159,US,TWC-10796-MIDWEST,0,0,0
1651518879057_f3x9p,1,98.253.17.22,US,COMCAST-7922,0,0,0
1651518881904_d31mc,2,209.204.34.242,US,EMPOWER,0,0,0
1651519020858_5pdie,1,107.134.237.150,US,ATT-INTERNET4,0,0,0
1651519028219_jcbr0,2,108.52.107.118,US,UUNET,0,0,0
1651519056026_d7ntl,2,172.76.82.109,US,FRONTIER-FRTR,0,0,0
1651519059957_oh0ck,2,108.2.171.152,US,UUNET,0,0,0
1651519131148_jm8ib,2,67.170.47.126,US,COMCAST-7922,0,0,0
1651519136128_lku4q,1,65.32.50.209,US,BHN-33363,0,0,0
1651519227702_7nmx1,2,73.14.82.237,US,COMCAST-7922,0,0,0
1651519241011_dg7ud,1,73.165.83.148,US,COMCAST-7922,0,0,0
1651519527499_8qd0h,2,66.229.13.215,US,COMCAST-7922,0,0,0
1651519539406_ax82x,2,97.103.155.70,US,BHN-33363,0,0,0
1651519552296_g4cjr,1,62.133.44.218,US,M247,0,1,1
1651519626014_z3357,1,207.195.135.49,US,STINET-1,0,0,0
1651519745337_dgdsn,1,76.120.240.51,US,COMCAST-7922,0,0,0
1651519835119_6h6fu,2,162.222.4.26,US,FASTNET-WIRELESS-LLC,0,0,0
1651519875583_2gs8m,2,8.42.68.1,US,LEVEL3,0,0,0
1651520067958_k1ars,2,128.231.171.92,US,NIH-NET,0,0,0
1651520133184_qpoo2,1,24.187.10.6,US,CABLE-NET-1,0,0,0
1651520354987_s1bwd,1,100.8.48.2,US,UUNET,0,0,0
1651520377814_elrsj,1,174.102.6.42,US,TWC-10796-MIDWEST,0,0,0
1651520381061_xjnre,2,73.180.32.63,US,COMCAST-7922,0,0,0
1651520382842_cqou9,2,129.237.191.246,US,UKANS,0,0,0
1651520404370_r3ry3,1,172.58.8.23,US,T-MOBILE-AS21928,0,0,0
1651520498211_kntlr,2,73.131.121.187,US,COMCAST-7922,0,0,0
1651521361792_98j3d,2,98.115.77.71,US,UUNET,0,0,0
1651523740282_aak52,1,35.141.165.13,US,BHN-33363,0,0,0
1651524728847_e333h,2,65.78.76.192,US,RCN-AS,0,0,0
1651548215563_2s9q8,2,76.103.144.41,US,COMCAST-7922,0,0,0
1651548250022_59h1p,2,98.219.199.210,US,COMCAST-7922,0,0,0
1651548294828_hmd9z,1,72.72.190.127,US,UUNET,0,0,0
1651548410287_y5nrr,1,68.7.81.195,US,ASN-CXA-ALL-CCI-22773-RDC,0,0,0
1651548412403_dkekd,1,174.204.201.0,US,CELLCO-PART,0,0,0
1651548542812_m4swe,2,99.176.8.57,US,ATT-INTERNET4,0,0,0
1651548552815_db3vy,2,172.126.208.94,US,ATT-INTERNET4,0,0,0
1651548577122_iuley,2,172.75.90.5,US,TWC-11426-CAROLINAS,0,0,0
1651548594072_alys0,1,73.113.110.115,US,COMCAST-7922,0,0,0
1651548729452_fekte,2,72.83.169.75,US,UUNET,0,0,0
1651549053628_177tx,2,66.25.126.235,US,BHN-33363,0,0,0
1651549152196_gvsdy,2,204.98.64.46,US,CENTURYLINK-US-LEGACY-QWEST,0,0,0
1651549267543_ooccz,2,69.225.34.199,US,ATT-INTERNET4,0,0,0
1651549382841_p0pcy,2,24.254.69.250,US,ASN-CXA-ALL-CCI-22773-RDC,0,0,0
1651549465124_sj2fu,1,50.83.142.187,US,MEDIACOM-ENTERPRISE-BUSINESS,0,0,0
1651549594375_ig5xi,1,204.195.42.186,US,AS-WAVE-1,0,0,0
1651549942089_334yi,1,24.127.35.142,US,COMCAST-7922,0,0,0
1651550053725_zu29t,1,72.69.16.101,US,UUNET,0,0,0
1651550259993_7q652,1,69.250.59.98,US,COMCAST-7922,0,0,0
1651550321161_h4cil,1,72.180.80.200,US,TWC-11427-TEXAS,0,0,0
1651550422004_2c5j8,2,172.116.112.103,US,TWC-20001-PACWEST,0,0,0
1651550672980_z7kv4,2,83.136.182.87,US,TEFINCOMHOST-AS-AP,0,0,0
1651550691706_cfaod,1,73.71.36.100,US,COMCAST-7922,0,0,0
1651550711001_2u3tt,2,76.191.77.105,US,WTECHLINK,0,0,0
1651550755641_4d3ht,1,162.227.90.18,US,ATT-INTERNET4,0,0,0
1651551305090_ok2e2,2,98.10.131.17,US,TWC-11351-NORTHEAST,0,0,0
1651551361534_b6v99,1,174.97.144.138,US,TWC-10796-MIDWEST,0,0,0
1651551598628_fckur,2,70.191.98.143,US,ASN-CXA-ALL-CCI-22773-RDC,0,0,0
1651551617507_tmlpb,1,73.142.153.0,US,COMCAST-7015,0,0,0
1651551693891_cmfx1,2,68.168.180.138,US,USINTERNET,0,0,0
1651551774743_abpty,1,73.120.167.74,US,COMCAST-7922,0,0,0
1651552478799_7vb6b,1,208.218.225.146,US,UUNET,0,0,0
1651552515674_l4fci,2,73.30.144.248,US,COMCAST-7922,0,0,0
1651552578814_d1ei0,2,70.19.56.62,US,UUNET,0,0,0
1651552851680_erp0k,1,97.114.208.177,US,CENTURYLINK-US-LEGACY-QWEST,0,0,0
1651553260651_vwxvn,2,208.219.16.66,US,UUNET,0,0,0
1651553752006_gpjcx,2,162.155.249.186,US,TWC-10796-MIDWEST,0,0,0
1651554164633_oru7w,1,74.128.224.118,US,TWC-10796-MIDWEST,0,0,0
1651554950442_ilpxy,1,66.7.117.138,US,OFF-CAMPUS-TELECOMMUNICATIONS,0,0,0
1651554987512_0w1c3,1,73.232.233.8,US,COMCAST-7922,0,0,0
1651555338215_zhd7c,1,98.36.20.41,US,COMCAST-7922,0,0,0
1651555591811_2z063,1,24.151.127.88,US,CHARTER-20115,0,0,0
1651555703201_dacvu,1,47.6.208.76,US,CHARTER-20115,0,0,0
1651555788403_i0hcv,2,174.202.165.83,US,CELLCO-PART,0,0,0
1651556233608_f1ll2,1,24.89.31.213,US,ANTIETAM,0,0,0
1651556468784_01b9a,2,166.182.82.21,US,USCC-ASN,0,0,0
1651558804676_xjl9o,1,50.107.79.96,US,FRONTIER-FRTR,0,0,0
1651560033647_kn9np,1,144.86.129.16,US,TOMBIGBEECOMM-1,0,0,0
1651560493508_u6cf6,1,73.53.28.199,US,COMCAST-7922,0,0,0
1651561294366_1l0ie,2,45.29.200.57,US,ATT-INTERNET4,0,0,0
1651561675024_3zfhu,1,96.125.230.216,US,ARDMORE-TEL,0,0,0
1651562516037_py141,1,76.189.117.152,US,TWC-10796-MIDWEST,0,0,0
1651562547051_f6c5q,1,184.53.0.8,US,HNS-DIRECPC,0,0,0
1651562581460_wdyst,2,76.21.126.206,US,COMCAST-7922,0,0,0
1651563324932_25agn,2,67.169.98.26,US,COMCAST-7922,0,0,0
1651564591668_opc68,1,72.24.133.249,US,CABLEONE,0,0,0
1651565058999_hipve,2,162.40.216.30,US,WINDSTREAM,0,0,0
1651565601549_cnbf3,2,108.252.170.27,US,ATT-INTERNET4,0,0,0
1651567054472_rie32,2,184.83.8.105,US,MIDCO-NET,0,0,0
1651567154970_1mjxo,1,47.20.20.42,US,CABLE-NET-1,0,0,0
1651567429813_15yp2,2,192.109.205.13,US,SECFIREWALLAS,0,1,1
1651568357068_a9g6x,1,68.35.244.237,US,COMCAST-7922,0,0,0
1651569372376_74fx3,1,75.111.222.78,US,SUDDENLINK-COMMUNICATIONS,0,0,0
1651569382777_eqkto,2,74.122.61.232,US,CMCS,0,0,0
1651572821920_5d83b,2,71.197.215.48,US,COMCAST-7922,0,0,0
1651572917842_n3h7p,1,73.215.176.105,US,COMCAST-7922,0,0,0
1651572926853_ts396,1,104.231.20.237,US,TWC-10796-MIDWEST,0,0,0
1651573259741_xeqx2,2,75.186.136.71,US,TWC-10796-MIDWEST,0,0,0
1651573697111_6zxqs,2,69.11.228.135,US,TDS-AS,0,0,0
1651574309397_x9r9h,1,73.116.134.183,US,COMCAST-7922,0,0,0
1651575379150_kjx59,1,107.126.64.56,US,ATT-MOBILITY-LLC-AS20057,0,0,0
1651575421872_5c540,1,68.190.59.38,US,CHARTER-20115,0,0,0
1651577010206_zxt8q,2,24.42.221.124,US,WOW-INTERNET,0,0,0
1651577025607_apddc,2,71.222.8.241,US,CENTURYLINK-US-LEGACY-QWEST,0,0,0
1651577095864_q44d9,1,67.167.108.52,US,COMCAST-7922,0,0,0
1651577483555_z2ykl,2,73.142.223.171,US,COMCAST-7015,0,0,0
1651577683059_9nd7k,1,73.130.61.25,US,COMCAST-7922,0,0,0
1651578013153_jzo8t,1,207.118.123.70,US,CENTURYLINK-US-LEGACY-QWEST,0,0,0
1651578081219_bvgv3,2,71.222.176.237,US,CENTURYLINK-US-LEGACY-QWEST,0,0,0
1651578200716_cssz4,1,98.250.180.127,US,COMCAST-7922,0,0,0
1651579604246_w8z2m,1,152.26.89.243,US,WCPSS-BOE,0,0,0
1651579676265_t405t,1,23.126.58.172,US,ATT-INTERNET4,0,0,0
1651579777141_cfley,1,4.78.147.114,US,LEVEL3,0,0,0
1651579898838_llv9n,1,172.73.32.36,US,TWC-11426-CAROLINAS,0,0,0
1651579930778_rug9p,1,172.58.158.139,US,T-MOBILE-AS21928,0,0,0
1651580224061_0odqa,2,98.4.161.187,US,TWC-11351-NORTHEAST,0,0,0
1651580500643_5pyu3,2,207.138.215.6,US,HBCI-1999TA,0,0,0
1651580515551_fq6ji,2,72.203.40.98,US,ASN-CXA-ALL-CCI-22773-RDC,0,0,0
1651580919145_awqmx,2,165.225.62.122,US,ZSCALER-SJC1,0,0,0
1651580981039_lojm6,1,98.11.218.188,US,TWC-11351-NORTHEAST,0,0,0
1651581037473_ea45j,2,68.161.160.2,US,UUNET,0,0,0
1651581098284_4wpxk,2,74.134.188.211,US,TWC-10796-MIDWEST,0,0,0
1651581258141_xze8f,2,173.77.207.35,US,UUNET,0,0,0
1651581618566_pg5p7,1,74.79.79.37,US,TWC-11351-NORTHEAST,0,0,0
1651581674604_pweli,1,173.26.29.173,US,MEDIACOM-ENTERPRISE-BUSINESS,0,0,0
1651581838551_sxqp1,2,23.125.91.176,US,ATT-INTERNET4,0,0,0
1651581862538_zj98v,1,65.60.192.72,US,WOW-INTERNET,0,0,0
1651581894721_4cm9a,2,72.193.244.226,US,ASN-CXA-ALL-CCI-22773-RDC,0,0,0
1651581924365_44547,2,71.58.73.98,US,COMCAST-7922,0,0,0
1651582133000_vl5f9,1,50.83.161.36,US,MEDIACOM-ENTERPRISE-BUSINESS,0,0,0
1651582260494_o1q6j,2,73.151.185.100,US,COMCAST-7922,0,0,0
1651582304075_x2h4z,1,167.73.35.109,US,SPECT-19-AS,0,0,0
1651582475373_s3g8d,1,98.122.24.46,US,TWC-11426-CAROLINAS,0,0,0
1651582628578_jxnbw,2,35.142.228.230,US,BHN-33363,0,0,0
1651582638613_i5x9x,2,172.77.141.217,US,FRONTIER-FRTR,0,0,0
1651582665724_v7dle,2,104.152.129.13,US,MVT-AS,0,0,0
1651582893002_h3a3i,2,24.3.125.221,US,COMCAST-7922,0,0,0
1651582906227_9qszh,1,67.246.86.20,US,TWC-11351-NORTHEAST,0,0,0
1651582919591_195dt,1,50.81.14.137,US,MEDIACOM-ENTERPRISE-BUSINESS,0,0,0
1651583270600_kqy6e,1,24.112.160.32,US,ACS-INTERNET,0,0,0
1651583366060_ty517,1,173.170.146.203,US,BHN-33363,0,0,0
1651583542487_adcpc,1,204.186.234.194,US,AS-PTD,0,0,0
1651583804703_6kmks,1,173.217.178.225,US,SUDDENLINK-COMMUNICATIONS,0,0,0
1651583841450_3dzj4,2,71.67.240.43,US,TWC-10796-MIDWEST,0,0,0
1651583894947_tt350,1,216.115.72.28,US,SWITCH-LTD,0,1,1
1651584103029_i7737,2,69.54.49.66,US,ONECLEVELAND,0,0,0
1651584113875_n8kly,2,107.77.235.161,US,ATT-MOBILITY-LLC-AS20057,0,0,0
1651584225136_hgb8p,1,98.222.108.44,US,COMCAST-7922,0,0,0
1651584311595_yjx58,1,216.20.70.101,US,HOPONE-GLOBAL,0,1,1
1651584499003_46ugn,1,50.216.13.210,US,COMCAST-7922,0,0,0
1651584540100_7x52k,1,172.97.72.235,US,TWC-10796-MIDWEST,0,0,0
1651584637690_s0nxh,2,47.203.66.50,US,FRONTIER-FRTR,0,0,0
1651584789553_n4aqo,1,74.70.104.254,US,TWC-11351-NORTHEAST,0,0,0
1651584819165_nhm6f,1,69.228.206.41,US,ATT-INTERNET4,0,0,0
1651584877369_pu3rd,2,99.140.105.210,US,ATT-INTERNET4,0,0,0
1651584964504_7pkab,2,184.20.184.175,US,VIASAT-SP-BACKBONE,0,0,0
1651585327181_re5op,2,73.30.111.235,US,COMCAST-7922,0,0,0
1651585382778_x579e,2,66.37.234.226,US,ASN-CXA-ALL-CCI-22773-RDC,0,0,0
1651585499505_7sqbs,1,99.30.31.249,US,ATT-INTERNET4,0,0,0
1651585501820_5ptkf,2,152.26.62.215,US,NCREN,0,0,0
1651585601083_lqere,1,107.11.167.24,US,TWC-10796-MIDWEST,0,0,0
1651585919372_6gudg,1,98.20.89.63,US,WINDSTREAM,0,0,0
1651585928646_mkmsf,2,172.127.12.140,US,ATT-INTERNET4,0,0,0
1651586102794_dlprr,1,73.1.114.192,US,COMCAST-7922,0,0,0
1651586151849_yjrda,2,75.130.217.51,US,CHARTER-20115,0,0,0
1651586160033_az3x1,1,50.111.8.227,US,FRONTIER-FRTR,0,0,0
1651586168643_b90l8,1,107.77.225.73,US,ATT-MOBILITY-LLC-AS20057,0,0,0
1651586282281_yyhtm,1,75.189.5.81,US,TWC-11426-CAROLINAS,0,0,0
1651586358597_c3b7q,2,99.83.28.160,US,ATT-INTERNET4,0,0,0
1651586556766_2ah8y,2,97.114.7.131,US,CENTURYLINK-US-LEGACY-QWEST,0,0,0
1651586566670_no341,2,172.100.43.44,US,TWC-11351-NORTHEAST,0,0,0
1651586569833_r7pba,1,96.224.31.58,US,UUNET,0,0,0
1651586694212_h8l60,2,76.8.148.75,US,CVALLEY,0,0,0
1651586906511_xoizf,2,104.176.173.114,US,ATT-INTERNET4,0,0,0
1651586937990_n8lyy,2,104.222.95.42,US,WESTERN-IOWA-NETWORKS-396443,0,0,0
1651586973549_tsm2w,2,73.177.120.36,US,COMCAST-7922,0,0,0
1651587043511_d9497,2,174.53.135.153,US,COMCAST-7922,0,0,0
1651587213111_1xaqg,2,69.164.147.126,US,ELEMENTEK,0,0,0
1651587411364_1djin,2,199.193.220.122,US,AETHERNETSANANTONIO,0,0,0
1651587592865_la7ii,1,174.54.100.125,US,COMCAST-7922,0,0,0
1651587610846_6vmre,1,47.184.77.205,US,FRONTIER-FRTR,0,0,0
1651587778203_ddh0i,1,24.74.186.190,US,TWC-11426-CAROLINAS,0,0,0
1651588199123_btafb,1,67.173.16.2,US,COMCAST-7922,0,0,0
1651588317901_dmnld,2,67.182.17.57,US,COMCAST-7922,0,0,0
1651588317963_dxolh,1,98.145.135.103,US,OCEANIC-INTERNET-RR,0,0,0
1651588483214_v489l,1,73.69.71.40,US,COMCAST-7015,0,0,0
1651588523210_u9zca,1,165.166.3.170,US,SPIRITTEL-AS,0,0,0
1651588551027_zmwa7,1,70.127.224.76,US,BHN-33363,0,0,0
1651588560519_hr4zg,2,172.58.122.57,US,T-MOBILE-AS21928,0,0,0
1651588804565_dpby6,2,172.58.147.32,US,T-MOBILE-AS21928,0,0,0
1651588912879_y8y5e,2,38.66.4.118,US,ATLINK,0,0,0
1651588942134_nyhwn,2,174.30.12.41,US,CENTURYLINK-US-LEGACY-QWEST,0,0,0
1651588947071_3xa5k,2,64.150.3.12,US,CHICAGO-PUBLIC-SCHOOLS,0,0,0
1651589166813_i9jtw,1,208.102.8.98,US,FUSE-NET,0,0,0
1651589275423_o3xhh,1,45.52.10.58,US,FRONTIER-FRTR,0,0,0
1651589422648_eko8t,2,75.175.148.168,US,CENTURYLINK-US-LEGACY-QWEST,0,0,0
1651589812934_nx04g,1,71.230.189.13,US,COMCAST-7922,0,0,0
1651589828960_ryaop,1,65.189.242.201,US,TWC-10796-MIDWEST,0,0,0
1651590205337_sf7sz,1,107.77.200.55,US,ATT-MOBILITY-LLC-AS20057,0,0,0
1651590347445_d0tfn,1,107.204.12.38,US,ATT-INTERNET4,0,0,0
1651590443614_4wpld,1,167.160.155.197,US,TWC-10796-MIDWEST,0,0,0
1651590456919_jgmse,2,98.97.33.33,US,SPACEX-STARLINK,0,0,0
1651590564054_e98vi,2,69.146.37.26,US,BRESNAN-33588,0,0,0
1651590609640_ahwl6,2,73.45.139.4,US,COMCAST-7922,0,0,0
1651590828764_kc8vc,1,136.244.209.233,US,CONNCOLL-AS,0,0,0
1651590832644_y9tbt,1,173.95.216.179,US,TWC-11426-CAROLINAS,0,0,0
1651591043450_3y7on,2,45.131.192.69,US,HVC-AS,0,1,1
1651591185468_mme6m,2,35.143.180.159,US,BHN-33363,0,0,0
1651591207189_e8mls,2,47.186.35.185,US,FRONTIER-FRTR,0,0,0
1651591232753_ta30d,1,66.35.0.122,US,WHOLESAIL-NOEL-ASN,0,0,0
1651591409150_xpug6,1,68.187.222.107,US,CHARTER-20115,0,0,0
1651591416136_d34c7,2,172.58.219.80,US,T-MOBILE-AS21928,0,0,0
1651591615124_2lgi2,2,73.239.179.232,US,COMCAST-7922,0,0,0
1651591775457_6fdr1,2,174.202.67.21,US,CELLCO-PART,0,0,0
1651591943765_4jbg4,1,172.108.165.114,US,FRONTIER-FRTR,0,0,0
1651591977668_qsmor,1,64.22.13.64,US,AENEAS,0,0,0
1651592077337_qrokd,2,96.84.198.141,US,COMCAST-7922,0,0,0
1651592152067_6qtiz,1,174.45.25.79,US,BRESNAN-33588,0,0,0
1651592204369_k1eig,1,75.90.61.0,US,WINDSTREAM,0,0,0
1651592220413_zrvqm,2,206.125.138.33,US,GENESEO-IL,0,0,0
1651592325039_qzenm,1,24.22.99.116,US,COMCAST-7922,0,0,0
1651592445217_vwbqy,1,47.35.181.104,US,CHARTER-20115,0,0,0
1651592452625_16k0n,2,207.38.139.224,US,RCN-AS,0,0,0
1651592611180_vcopf,1,98.214.135.6,US,COMCAST-7922,0,0,0
1651592613824_4ocgv,2,73.153.82.180,US,COMCAST-7922,0,0,0
1651592791568_4awrr,1,66.209.65.1,US,SWITCH-LTD,0,1,1
1651592882383_c6xsg,2,68.207.122.209,US,TWC-11427-TEXAS,0,0,0
1651593035557_wmst6,2,98.101.43.98,US,TWC-11426-CAROLINAS,0,0,0
1651593380783_0w9ic,1,68.106.15.173,US,ASN-CXA-ALL-CCI-22773-RDC,0,0,0
1651593390232_lokqh,2,76.176.229.67,US,TWC-20001-PACWEST,0,0,0
1651593661738_s1gy5,2,209.152.144.124,US,AS62943-BLUEBIRD-NETWORK,0,0,0
1651593867110_9710p,1,73.189.164.137,US,COMCAST-7922,0,0,0
1651593931527_mjdq4,2,73.234.189.236,US,COMCAST-7015,0,0,0
1651593941649_ahulu,1,152.26.78.29,US,NCREN,0,0,0
1651594072881_nwwrk,1,71.208.147.138,US,CENTURYLINK-US-LEGACY-QWEST,0,0,0
1651594397075_pa2j5,2,166.181.80.88,US,USCC-ASN,0,0,0
1651594477764_ho4y6,2,136.62.12.64,US,GOOGLE-FIBER,0,0,0
1651594592285_lc60b,2,24.250.38.220,US,ASN-CXA-ALL-CCI-22773-RDC,0,0,0
1651594956056_mxzpb,1,74.93.188.209,US,COMCAST-7922,0,0,0
1651595159958_5hfo4,1,68.45.104.42,US,COMCAST-7922,0,0,0
1651595211431_9gfhs,2,97.118.122.140,US,CENTURYLINK-US-LEGACY-QWEST,0,0,0
1651595236734_ud0li,1,75.182.252.135,US,TWC-11426-CAROLINAS,0,0,0
1651595598728_6ucya,2,99.127.24.143,US,ATT-INTERNET4,0,0,0
1651595821483_bo056,2,65.185.83.30,US,TWC-10796-MIDWEST,0,0,0
1651595856748_2u195,2,73.3.247.180,US,COMCAST-7922,0,0,0
1651595966610_2umgs,1,174.240.65.66,US,CELLCO-PART,0,0,0
1651596183930_tfxkl,1,24.194.23.44,US,TWC-11351-NORTHEAST,0,0,0
1651596888951_0x8v4,1,75.175.125.24,US,CENTURYLINK-US-LEGACY-QWEST,0,0,0
1651596989220_few3t,2,174.18.84.89,US,CENTURYLINK-US-LEGACY-QWEST,0,0,0
1651597030074_uc8z5,2,65.78.80.194,US,RCN-AS,0,0,0
1651597116252_hmpa2,1,98.28.168.16,US,TWC-10796-MIDWEST,0,0,0
1651597528932_4fr9o,2,172.56.89.205,US,T-MOBILE-AS21928,0,0,0
1651597696078_yma6g,2,216.56.18.130,US,WISCNET1-AS,0,0,0
1651597793435_q5wwc,1,107.127.39.18,US,ATT-INTERNET4,0,0,0
1651598226308_a8o36,2,136.34.202.23,US,GOOGLE-FIBER,0,0,0
1651598299030_5nwi9,1,69.166.35.223,US,WSU-VANCOUVER,0,0,0
1651598308268_tz88b,1,174.63.73.139,US,COMCAST-7922,0,0,0
1651598651054_saf09,2,63.152.125.88,US,CENTURYLINK-US-LEGACY-QWEST,0,0,0
1651598755093_5whih,1,172.12.80.6,US,ATT-INTERNET4,0,0,0
1651598865498_ltuza,1,152.131.7.10,US,VA-TMP-CORE,0,0,0
1651599192325_psjfs,1,71.230.2.55,US,COMCAST-7922,0,0,0
1651599523682_6rqfj,2,130.156.24.211,US,NJEDGE-NET,0,0,0
1651599564380_6db8a,1,161.249.179.132,US,UHC,0,0,0
1651599592267_01756,2,100.12.96.221,US,UUNET,0,0,0
1651599615237_4h4md,1,47.17.60.195,US,CABLE-NET-1,0,0,0
1651599746772_7imj4,2,74.215.121.187,US,FUSE-NET,0,0,0
1651599783020_1oqfx,2,75.140.242.5,US,CHARTER-20115,0,0,0
1651600195915_tfw1a,1,50.193.81.121,US,COMCAST-7922,0,0,0
1651600520740_z8ctn,1,174.109.144.250,US,TWC-11426-CAROLINAS,0,0,0
1651600614157_iy2p4,2,75.251.117.210,US,CELLCO-PART,0,0,0
1651601071819_barwr,1,96.92.6.10,US,COMCAST-7922,0,0,0
1651601100770_pnhci,1,98.63.124.132,US,COMCAST-7922,0,0,0
1651601142427_745r1,1,50.58.250.20,US,BHSALA,0,0,0
1651601330980_lzje3,2,184.13.109.77,US,FRONTIER-FRTR,0,0,0
1651601498565_ric56,2,73.0.255.140,US,COMCAST-7922,0,0,0
1651602004527_r49wp,2,71.206.199.120,US,COMCAST-7922,0,0,0
1651602175117_ci69o,2,98.29.47.238,US,TWC-10796-MIDWEST,0,0,0
1652910426203_slw42,1,173.19.90.63,US,MEDIACOM-ENTERPRISE-BUSINESS,0,0,0
1652910503094_tinli,1,66.31.21.140,US,COMCAST-7015,0,0,0
1652910733996_1puuk,1,74.65.18.229,US,TWC-11351-NORTHEAST,0,0,0
1652910748736_2tub9,1,12.96.29.3,US,ATT-INTERNET4,0,0,0
1652910761747_2kgwd,1,68.108.141.106,US,ASN-CXA-ALL-CCI-22773-RDC,0,0,0
1652910816292_ln7bs,1,70.122.16.174,US,TWC-11427-TEXAS,0,0,0
1652910842045_6dhjx,1,71.206.163.80,US,COMCAST-7922,0,0,0
1652910892507_s7rvi,2,24.61.208.102,US,COMCAST-7015,0,0,0
1652910903028_kvb2g,1,73.112.146.2,US,COMCAST-7922,0,0,0
1652910937570_36he4,2,50.123.15.42,US,FRONTIER-FRTR,0,0,0
1652911105205_92l3k,1,68.174.129.138,US,TWC-12271-NYC,0,0,0
1652911186405_dlpvo,2,97.101.106.164,US,BHN-33363,0,0,0
1652911207279_zz7co,1,172.58.25.102,US,T-MOBILE-AS21928,0,0,0
1652911225630_2d92y,1,174.63.63.99,US,COMCAST-7922,0,0,0
1652911329308_zoysq,2,72.183.155.181,US,TWC-11427-TEXAS,0,0,0
1652911700844_nwdn5,2,24.43.123.84,US,TWC-20001-PACWEST,0,0,0
1652911714830_261u5,1,71.187.227.62,US,UUNET,0,0,0
1652911734820_v3t3k,2,98.30.129.235,US,TWC-10796-MIDWEST,0,0,0
1652912130083_nhqb2,2,76.20.124.173,US,COMCAST-7922,0,0,0
1652912442874_7znr0,1,174.192.69.39,US,CELLCO-PART,0,0,0
1652912696029_jqedq,2,98.97.14.125,US,SPACEX-STARLINK,0,0,0
1652912773635_qxlj9,1,45.38.182.57,US,TEFINCOMHOST-AS-AP,0,0,0
1652912859774_f7sun,1,107.77.220.190,US,ATT-MOBILITY-LLC-AS20057,0,0,0
1652915852387_dmgxa,2,71.69.155.32,US,TWC-11426-CAROLINAS,0,0,0
1652917134182_wm0ng,2,97.73.80.229,US,HNS-DIRECPC,0,0,0
1653058698136_777ag,2,97.96.1.229,US,BHN-33363,0,0,0
1653058701844_6mf6f,2,24.214.204.218,US,WOW-INTERNET,0,0,0
1653058712144_bk9sd,2,100.35.224.82,US,UUNET,0,0,0
1653058763782_unr9z,1,98.239.148.7,US,COMCAST-7922,0,0,0
1653058774698_vryei,1,74.137.170.233,US,TWC-10796-MIDWEST,0,0,0
1653058786142_r92wg,1,96.237.54.186,US,UUNET,0,0,0
1653058788957_g0y88,1,73.57.147.151,US,COMCAST-7922,0,0,0
1653058827893_y9ly9,1,174.69.126.97,US,ASN-CXA-ALL-CCI-22773-RDC,0,0,0
1653058841633_aasvb,1,68.46.125.217,US,COMCAST-7922,0,0,0
1653058878908_cz47q,1,50.75.90.218,US,TWC-11351-NORTHEAST,0,0,0
1653058956851_6lcq3,2,174.63.111.2,US,COMCAST-7922,0,0,0
1653058994802_uu4ny,1,71.68.72.201,US,TWC-11426-CAROLINAS,0,0,0
1653059009088_nnzgf,1,165.225.60.53,US,ZSCALER-SJC1,0,0,0
1653059023120_l2ukt,1,23.28.119.209,US,WOW-INTERNET,0,0,0
1653059027181_uw94w,2,32.208.88.213,US,SNET-FCC,0,0,0
1653059092459_tf83p,1,47.176.150.226,US,FRONTIER-FRTR,0,0,0
1653059248806_glicp,1,68.252.128.79,US,ATT-INTERNET4,0,0,0
1653059491671_hatr8,2,96.33.8.195,US,CHARTER-20115,0,0,0
1653059505078_xe3sm,1,104.153.241.39,US,ESC13,0,0,0
1653059530997_hamc6,2,136.227.15.171,US,OARNET-AS,0,0,0
1653059645734_eyjpb,2,24.30.129.126,US,TWC-20001-PACWEST,0,0,0
1653059749864_gky6a,1,73.88.82.96,US,COMCAST-7922,0,0,0
1653059764677_g457o,2,69.247.114.183,US,COMCAST-7922,0,0,0
1653059779250_ps4lh,1,205.169.53.226,US,CENTURYLINK-US-LEGACY-QWEST,0,0,0
1653059814362_i9zok,1,73.192.200.37,US,COMCAST-7922,0,0,0
1653059838532_l7ugh,2,73.28.110.136,US,COMCAST-7922,0,0,0
1653059981552_epp54,2,69.181.87.11,US,COMCAST-7922,0,0,0
1653060320032_xxuvz,1,172.58.25.129,US,T-MOBILE-AS21928,0,0,0
1653060340444_hjv7v,1,73.3.205.185,US,COMCAST-7922,0,0,0
1653060370152_6hkrp,2,71.193.80.136,US,COMCAST-7922,0,0,0
1653060498976_sca23,2,162.237.222.150,US,ATT-INTERNET4,0,0,0
1653060614772_gab42,1,24.118.72.78,US,COMCAST-7922,0,0,0
1653060704864_ljej1,2,68.106.193.152,US,ASN-CXA-ALL-CCI-22773-RDC,0,0,0
1653060869132_1ud4e,2,96.4.168.16,US,ENA,0,0,0
1653060898883_ybeop,1,71.205.78.33,US,COMCAST-7922,0,0,0
1653060899172_wodo6,2,172.113.41.11,US,TWC-20001-PACWEST,0,0,0
1653061018955_tayrp,1,24.127.131.88,US,COMCAST-7922,0,0,0
1653061087712_647b1,2,104.228.94.134,US,TWC-11351-NORTHEAST,0,0,0
1653061215034_67566,1,104.187.248.139,US,ATT-INTERNET4,0,0,0
1653061230226_7kekk,1,99.47.106.128,US,ATT-INTERNET4,0,0,0
1653061260894_c77bd,2,98.248.252.70,US,COMCAST-7922,0,0,0
1653061410005_3gk6c,2,24.131.22.22,US,COMCAST-7922,0,0,0
1653061489434_cin1n,2,98.46.33.4,US,COMCAST-7922,0,0,0
1653061560459_fqe3j,1,65.203.17.242,US,CENTRALUTAH,0,0,0
1653061860720_nh4cp,2,71.61.28.140,US,COMCAST-7922,0,0,0
1653061981238_qunfj,1,162.199.57.73,US,ATT-INTERNET4,0,0,0
1653062005559_od6jw,2,216.184.45.120,US,BLOOMINGDALE-COMMUNICATIONS,0,0,0
1653062029852_8jzvt,2,47.218.54.201,US,SUDDENLINK-COMMUNICATIONS,0,0,0
1653062041823_hj1cl,1,68.193.117.236,US,CABLE-NET-1,0,0,0
1653062117943_jg6y3,1,72.180.107.30,US,TWC-11427-TEXAS,0,0,0
1653062126903_k05zo,1,24.17.252.22,US,COMCAST-7922,0,0,0
1653062431620_hmdhi,1,66.115.100.3,US,VYVE-BROADBAND,0,0,0
1653062490527_olp76,1,68.96.47.164,US,ASN-CXA-ALL-CCI-22773-RDC,0,0,0
1653062660536_840w8,2,73.223.42.62,US,COMCAST-7922,0,0,0
1653062919216_opvfj,1,24.16.220.119,US,COMCAST-7922,0,0,0
1653063038412_oziyo,1,47.225.218.34,US,CHARTER-20115,0,0,0
1653063609947_eey80,1,172.58.229.77,US,T-MOBILE-AS21928,0,0,0
1653063862236_i7wek,2,71.8.76.2,US,CHARTER-20115,0,0,0
1653064099716_v42ch,2,172.226.7.55,US,AKAMAI-AS,0,0,0
1653064268900_lz9ct,1,67.53.74.155,US,TWC-11955-ATLANTA,0,0,0
1653064326250_ob0i0,1,208.98.133.174,US,FMTCAS,0,0,0
1653064729086_gjz5e,2,73.129.18.125,US,COMCAST-7922,0,0,0
1653064791110_25epr,2,174.87.44.200,US,CHARTER-20115,0,0,0
1653064863783_6mkhv,2,68.160.250.51,US,UUNET,0,0,0
1653065056839_176cu,1,172.58.6.230,US,T-MOBILE-AS21928,0,0,0
1653065211515_1ibfd,2,75.187.68.197,US,TWC-10796-MIDWEST,0,0,0
1653065236336_bd1xw,1,74.102.253.253,US,UUNET,0,0,0
1653065562281_arrob,2,128.147.28.95,US,UPMC-AS122,0,0,0
1653065566688_mzw3c,2,24.129.120.5,US,COMCAST-7922,0,0,0
1653065677467_ejw9v,1,174.197.80.185,US,CELLCO,0,0,0
1653065774561_a8qpf,2,75.180.197.87,US,TWC-11426-CAROLINAS,0,0,0
1653065844736_5x7gn,1,152.97.211.143,US,BEN-LOMAND-TEL,0,0,0
1653065864585_sz0vh,1,75.109.155.107,US,SUDDENLINK-COMMUNICATIONS,0,0,0
1653065948421_78u13,1,24.137.138.249,US,CABLEAM-AZ-AS,0,0,0
1653066058315_pw4nx,2,142.196.132.27,US,BHN-33363,0,0,0
1653066121758_v22gk,2,107.126.24.139,US,ATT-INTERNET4,0,0,0
1653066170339_8jixo,2,24.113.249.73,US,AS-WAVE-1,0,0,0
1653066184875_p3hcw,1,100.1.22.85,US,UUNET,0,0,0
1653066329389_sw6e2,2,24.98.175.227,US,COMCAST-7922,0,0,0
1653066404661_tq0ad,2,63.141.4.3,US,DRN-AS,0,0,0
1653066508437_2xsph,2,35.140.100.18,US,BHN-33363,0,0,0
1653066621026_635f0,1,107.77.205.135,US,ATT-MOBILITY-LLC-AS20057,0,0,0
1653066622604_f8zt8,1,184.14.132.165,US,FRONTIER-FRTR,0,0,0
1653066821455_0javt,2,108.26.3.113,US,UUNET,0,0,0
1653066943851_x9hbx,1,73.81.156.201,US,COMCAST-7922,0,0,0
1653067326177_nwifo,1,216.195.168.106,US,BIDDEFORD1,0,0,0
1653067326335_t5rpn,1,98.213.224.239,US,COMCAST-7922,0,0,0
1653067453645_gh45j,1,151.200.35.233,US,UUNET,0,0,0
1653067655731_3b0m8,2,161.253.66.112,US,GWU,0,0,0
1653067657131_r2qxd,2,98.23.212.27,US,WINDSTREAM,0,0,0
1653067731504_32h4z,1,24.205.81.243,US,CHARTER-20115,0,0,0
1653067932921_4hdhh,2,65.120.164.62,US,CENTURYLINK-US-LEGACY-QWEST,0,0,0
1653067963432_0o555,1,69.146.204.153,US,BRESNAN-33588,0,0,0
1653068293962_2g6se,2,173.235.78.170,US,TELEPAK-NETWORKS-INC,0,0,0
1653068301192_1uk6e,2,73.151.190.232,US,COMCAST-7922,0,0,0
1653068338639_gi4sv,1,168.184.83.18,US,INS-AS,0,0,0
1653068567528_9p83n,1,108.84.125.100,US,ATT-INTERNET4,0,0,0
1653068570209_083k5,1,76.196.196.197,US,ATT-INTERNET4,0,0,0
1653068809449_txq47,2,172.56.31.244,US,T-MOBILE-AS21928,0,0,0
1653069110966_23amy,2,73.143.28.238,US,COMCAST-7015,0,0,0
1653069237602_0jope,2,192.107.46.241,US,SPC-12,0,0,0
1653069372123_vm3jv,2,206.57.248.10,US,WAYNENET,0,0,0
1653069457136_cubx8,2,72.107.17.220,US,CELLCO-PART,0,0,0
1653069674223_tne03,2,165.1.201.76,US,GOOGLE-CLOUD-PLATFORM,0,1,1
1653069678349_myqa5,2,98.182.5.58,US,ASN-CXA-ALL-CCI-22773-RDC,0,0,0
1653069837219_4ojrt,1,65.26.111.228,US,TWC-11427-TEXAS,0,0,0
1653069848227_keol6,1,73.94.137.62,US,COMCAST-7922,0,0,0
1653069997167_bwb2l,1,65.207.92.90,US,UUNET,0,0,0
1653070235449_68yar,2,174.80.179.162,US,CHARTER-20115,0,0,0
1653070497421_ity3c,1,63.155.106.72,US,CENTURYLINK-US-LEGACY-QWEST,0,0,0
1653070549847_8mtk7,1,70.238.181.182,US,ATT-INTERNET4,0,0,0
1653070566316_9xx1j,1,184.166.33.8,US,BRESNAN-33588,0,0,0
1653070787241_2vnub,2,98.198.118.64,US,COMCAST-7922,0,0,0
1653070916244_2rb0r,2,71.8.222.174,US,CHARTER-20115,0,0,0
1653070928451_7zr2g,1,73.74.5.106,US,COMCAST-7922,0,0,0
1653071068571_tldu2,2,107.180.131.175,US,CMCS,0,0,0
1653071151786_54c65,1,108.35.84.75,US,UUNET,0,0,0
1653072266769_9om6z,2,152.22.112.25,US,NCREN,0,0,0
1653072289849_71f71,1,69.50.49.33,US,PIVOT,0,0,0
1653072519522_iujag,2,68.255.78.2,US,ATT-INTERNET4,0,0,0
1653072638039_j7fcx,1,174.241.162.136,US,CELLCO-PART,0,0,0
1653072662068_h6j67,1,192.200.62.50,US,SPPINTERNET01,0,0,0
1653072683530_krh92,2,66.61.9.120,US,TWC-10796-MIDWEST,0,0,0
1653072803706_1tsod,1,69.141.30.173,US,COMCAST-7922,0,0,0
1653072854353_nrgyz,1,108.203.150.227,US,ATT-INTERNET4,0,0,0
1653073046076_fb0a3,1,71.213.140.198,US,CENTURYLINK-US-LEGACY-QWEST,0,0,0
1653073240184_hflxc,1,198.163.38.203,US,ALSK-7782,0,0,0
1653074168477_4djwd,1,107.190.243.0,US,BAI-IP-SERVICES,0,0,0
1653074253509_dyup2,1,73.222.174.77,US,COMCAST-7922,0,0,0
1653074298795_tq18y,1,162.221.246.46,US,STATEHAWAII,0,0,0
1653074642010_onmyb,1,184.62.185.133,US,VIASAT-SP-BACKBONE,0,0,0
1653074691197_8r0jg,2,72.222.247.171,US,ASN-CXA-ALL-CCI-22773-RDC,0,0,0
1653075311256_2pp88,2,73.28.85.177,US,COMCAST-7922,0,0,0
1653075414270_mjsxj,1,24.211.242.39,US,TWC-11426-CAROLINAS,0,0,0
1653075567849_iysnd,1,162.83.124.4,US,UUNET,0,0,0
1653075856902_bqyv1,2,73.0.170.101,US,COMCAST-7922,0,0,0
1653075874971_vvq67,1,99.185.234.162,US,ATT-INTERNET4,0,0,0
1653076007896_u0rh0,1,71.236.58.98,US,COMCAST-7922,0,0,0
1653076225370_6cy56,2,24.224.120.241,US,TDS-AS,0,0,0
1653076500521_e6x22,2,68.46.70.156,US,COMCAST-7922,0,0,0
1653076544140_zp526,1,174.53.180.123,US,COMCAST-7922,0,0,0
1653076764370_3tvqx,2,166.194.136.27,US,ATT-INTERNET4,0,0,0
1653076776315_v4iw1,2,147.92.26.137,US,NCTC-ISP,0,0,0
1653076799193_vjcuf,2,208.102.188.193,US,FUSE-NET,0,0,0
1653076802584_2cfyi,2,160.2.198.205,US,CABLEONE,0,0,0
1653076859144_69llu,2,97.70.118.84,US,BHN-33363,0,0,0
1653077268605_edwa3,2,24.90.78.75,US,TWC-12271-NYC,0,0,0
1653077322737_wv47n,1,73.193.214.48,US,COMCAST-7922,0,0,0
1653077326379_7s16l,2,98.225.212.4,US,COMCAST-7922,0,0,0
1653077735128_hyppz,1,73.32.44.149,US,COMCAST-7922,0,0,0
1653078427543_nngmi,1,70.126.49.107,US,BHN-33363,0,0,0
1653078492067_3r0yu,1,68.97.13.57,US,ASN-CXA-ALL-CCI-22773-RDC,0,0,0
1653078851089_6h67n,2,70.249.189.161,US,ATT-INTERNET4,0,0,0
1653079068120_5z2fp,1,75.243.146.228,US,CELLCO-PART,0,0,0
1653079400591_fhsxy,2,75.174.108.15,US,CENTURYLINK-US-LEGACY-QWEST,0,0,0
1653079457776_6u6zf,1,97.103.113.40,US,BHN-33363,0,0,0
1653079923411_20jks,1,173.18.209.15,US,MEDIACOM-ENTERPRISE-BUSINESS,0,0,0
1653080563912_v8y9k,2,70.117.172.232,US,TWC-11427-TEXAS,0,0,0
1653081332964_labb8,1,128.54.216.167,US,UCSD,0,0,0
1653081373748_vc62e,2,98.234.144.169,US,COMCAST-7922,0,0,0
1653081715108_w3l0w,1,67.241.250.62,US,TWC-11351-NORTHEAST,0,0,0
1653081971466_ovot6,2,71.166.37.90,US,UUNET,0,0,0
1653081984016_3yp24,2,131.247.226.28,US,USF,0,0,0
1653082007199_erdh0,1,67.251.153.199,US,TWC-12271-NYC,0,0,0
1653082354248_nmtuo,2,108.203.47.168,US,ATT-INTERNET4,0,0,0
1653082728760_r7vui,1,170.10.189.34,US,OZARKSGO,0,0,0
1653083674284_v68m4,1,24.118.58.190,US,COMCAST-7922,0,0,0
1653083748468_9sga5,2,73.115.235.39,US,COMCAST-7922,0,0,0
1653084118574_jm0xo,2,73.158.143.5,US,COMCAST-7922,0,0,0
1653084330703_t8gwq,1,73.98.146.56,US,COMCAST-7922,0,0,0
1653084561079_3g5d4,2,216.93.205.145,US,SUREWEST,0,0,0
1653085158931_r29xn,2,137.65.16.4,US,TWG-DEMO-AS,0,0,0
1653085522317_dzpip,2,174.49.172.186,US,COMCAST-7922,0,0,0
1653085721159_2r0tp,1,74.102.61.215,US,UUNET,0,0,0
1653086623758_k9h23,2,67.249.75.7,US,TWC-11351-NORTHEAST,0,0,0
1653086723824_4djax,1,76.85.101.174,US,TWC-11427-TEXAS,0,0,0
1653086994453_4ntz2,1,70.176.145.60,US,ASN-CXA-ALL-CCI-22773-RDC,0,0,0
1653087086064_u9r7b,1,71.12.19.22,US,CHARTER-20115,0,0,0
1653087197668_gwdaf,1,68.45.122.31,US,COMCAST-7922,0,0,0
1653087805530_7imll,2,67.143.192.94,US,HNS-DIRECPC,0,0,0
1653087972819_lwvv6,1,172.56.16.147,US,T-MOBILE-AS21928,0,0,0
1653088029396_bc8a9,2,174.202.164.14,US,CELLCO-PART,0,0,0
1653088131477_6ngrx,1,73.116.187.205,US,COMCAST-7922,0,0,0
1653088409557_q3a98,2,174.80.241.111,US,CHARTER-20115,0,0,0
1653088547962_tlkzw,1,98.151.82.212,US,TWC-20001-PACWEST,0,0,0
1653089100577_336qk,1,174.63.39.176,US,COMCAST-7922,0,0,0
1653089299845_h43rx,2,166.181.85.165,US,USCC-ASN,0,0,0
1653089312193_x1okw,1,73.26.137.0,US,COMCAST-7922,0,0,0
1653089326079_rm7d0,2,98.6.126.6,US,TWC-11427-TEXAS,0,0,0
1653090087230_rt55r,2,174.104.40.18,US,TWC-10796-MIDWEST,0,0,0
1653090212831_16kqf,2,68.42.9.53,US,COMCAST-7922,0,0,0
1653090420162_nu165,1,68.77.249.47,US,ATT-INTERNET4,0,0,0
1653090554071_lnwb2,1,173.16.131.64,US,MEDIACOM-ENTERPRISE-BUSINESS,0,0,0
1653090632927_rfef6,1,174.100.229.75,US,TWC-10796-MIDWEST,0,0,0
1653090816197_qzn1x,1,172.83.6.13,US,FIRSTDIGITAL,0,0,0
1653090924580_9de3e,2,76.23.207.168,US,COMCAST-7015,0,0,0
1653090944212_86gat,2,174.205.162.123,US,CELLCO-PART,0,0,0
1653090986481_o65yk,2,107.77.216.102,US,ATT-MOBILITY-LLC-AS20057,0,0,0
1653091267625_0s4yj,1,174.192.64.217,US,CELLCO-PART,0,0,0
1653092419006_xqmh4,2,24.167.227.105,US,TWC-10796-MIDWEST,0,0,0
1653092977304_qj1ks,1,99.108.161.111,US,ATT-INTERNET4,0,0,0
1653093062760_ijvg0,1,174.202.69.178,US,CELLCO-PART,0,0,0
1653093115542_d1q0u,2,172.58.61.238,US,T-MOBILE-AS21928,0,0,0
1653093118595_sp9j2,2,45.50.237.107,US,TWC-20001-PACWEST,0,0,0
1653093149690_wztye,2,66.189.100.48,US,CHARTER-20115,0,0,0
1653093181762_bxj3x,1,73.36.114.122,US,COMCAST-7922,0,0,0
1653093221604_fk42z,1,76.102.244.123,US,COMCAST-7922,0,0,0
1653093462277_q5uy6,2,172.58.142.235,US,T-MOBILE-AS21928,0,0,0
1653093902822_loowg,2,71.255.140.146,US,CTELCO,0,0,0
1653094206347_cqy48,2,174.198.137.7,US,CELLCO-PART,0,0,0
1653094339427_cmx4d,1,65.184.223.172,US,TWC-11426-CAROLINAS,0,0,0
1653094508211_v28x5,1,24.115.71.203,US,AS-PTD,0,0,0
1653095033369_81qb1,2,72.222.219.38,US,ASN-CXA-ALL-CCI-22773-RDC,0,0,0
1653095200266_6in8x,1,75.162.183.91,US,CENTURYLINK-US-LEGACY-QWEST,0,0,0
1653095317594_78pzt,2,68.82.24.139,US,COMCAST-7922,0,0,0
1653095723843_0dh8o,1,173.173.7.23,US,TWC-11427-TEXAS,0,0,0
1653095960244_7a9v0,1,24.214.243.208,US,WOW-INTERNET,0,0,0
1653096275959_ocb7i,1,68.46.176.153,US,COMCAST-7922,0,0,0
1653096307079_vesoz,2,68.12.191.166,US,ASN-CXA-ALL-CCI-22773-RDC,0,0,0
1653096315547_2a7qn,1,108.224.76.55,US,ATT-INTERNET4,0,0,0
1653096395721_0fbt4,2,24.125.7.79,US,COMCAST-7922,0,0,0
1653096994661_exuu9,1,136.36.82.227,US,GOOGLE-FIBER,0,0,0
1653097072620_no3pg,2,24.100.55.160,US,CABLEONE,0,0,0
1653097528735_3p1il,1,207.144.35.19,US,TRUVISTA,0,0,0
1653097979313_sac28,1,67.241.185.126,US,TWC-11351-NORTHEAST,0,0,0
1653099761107_sudrd,2,136.226.52.191,US,ZSCALER-SJC1,0,0,0
1653099852306_w6qr9,1,99.132.124.20,US,ATT-INTERNET4,0,0,0
1653099908902_xl6iz,2,45.29.41.96,US,ATT-INTERNET4,0,0,0
1653100129449_gagnp,2,172.114.205.71,US,TWC-20001-PACWEST,0,0,0
1653100232423_7qe23,1,68.60.159.74,US,COMCAST-7922,0,0,0
1653100376251_4z6kt,2,108.17.60.154,US,UUNET,0,0,0
1653101467155_5apky,1,148.170.224.106,US,FVDC,0,0,0
1653101878439_jg9gq,1,67.246.45.147,US,TWC-11351-NORTHEAST,0,0,0
1653102100483_df50m,1,166.194.136.35,US,ATT-INTERNET4,0,0,0
1653103036626_njx4j,2,76.187.69.160,US,TWC-11427-TEXAS,0,0,0
1653103058318_88c2a,1,172.56.10.223,US,T-MOBILE-AS21928,0,0,0
1653103599039_yqrjo,1,72.49.112.2,US,FUSE-NET,0,0,0
1653104430968_ox1xv,1,172.58.86.187,US,T-MOBILE-AS21928,0,0,0
1653104610191_oon54,1,209.237.92.157,US,MINET01,0,0,0
1653104619577_kjc30,1,73.12.109.153,US,COMCAST-7922,0,0,0
1653105626323_dqzau,2,68.72.128.190,US,ATT-INTERNET4,0,0,0
1653107182664_78t7q,2,73.211.228.12,US,COMCAST-7922,0,0,0
1653107580935_582qr,1,68.44.60.79,US,COMCAST-7922,0,0,0
1653107603639_acdjc,1,174.250.42.3,US,CELLCO-PART,0,0,0
1653107858773_4uwjm,1,75.4.63.30,US,ATT-INTERNET4,0,0,0
1653108440999_52sin,2,99.120.150.201,US,ATT-INTERNET4,0,0,0
1653108933179_9mag5,1,172.58.43.99,US,T-MOBILE-AS21928,0,0,0
1653109012361_tfjpv,2,24.179.88.88,US,CHARTER-20115,0,0,0
1653350569208_mo7hm,2,47.151.133.198,US,FRONTIER-FRTR,0,0,0
1653350615766_fs9nz,2,68.100.236.120,US,ASN-CXA-ALL-CCI-22773-RDC,0,0,0
1653350619021_xpdbu,1,24.167.24.79,US,TWC-11427-TEXAS,0,0,0
1653350679811_b302t,2,68.53.83.84,US,COMCAST-7922,0,0,0
1653350824169_kogr5,1,107.202.250.21,US,ATT-INTERNET4,0,0,0
1653350828269_p6ak9,2,69.222.176.93,US,ATT-INTERNET4,0,0,0
1653351128119_g5u1e,2,47.202.150.252,US,FRONTIER-FRTR,0,0,0
1653351358958_5v3co,1,96.78.71.209,US,COMCAST-7922,0,0,0
1653351564616_gc65d,2,174.215.115.54,US,CELLCO-PART,0,0,0
1653351869206_0tnrh,1,73.92.176.133,US,COMCAST-7922,0,0,0
1653352698186_rwuhz,1,136.56.86.152,US,GOOGLE-FIBER,0,0,0
1653352708549_54gj2,2,98.179.201.146,US,ASN-CXA-ALL-CCI-22773-RDC,0,0,0
1653352861893_dkqv3,1,67.180.180.6,US,COMCAST-7922,0,0,0
1653353028918_pirer,2,71.179.10.208,US,UUNET,0,0,0
1653353042326_4p2gy,1,96.29.135.71,US,TWC-10796-MIDWEST,0,0,0
1653353344794_uzwky,2,24.8.188.99,US,COMCAST-7922,0,0,0
1653353648699_r3vky,1,104.176.102.99,US,ATT-INTERNET4,0,0,0
1653353833996_ufaw8,2,76.136.77.201,US,COMCAST-7922,0,0,0
1653354030858_r9d43,1,166.102.142.137,US,WINDSTREAM,0,0,0
1653354309038_9bhzv,2,35.21.4.123,US,MISU-231,0,0,0
1653354522266_cpea5,1,173.172.31.207,US,TWC-11427-TEXAS,0,0,0
1653354692012_mdkh7,2,50.83.36.180,US,MEDIACOM-ENTERPRISE-BUSINESS,0,0,0
1653354827559_0vh4x,2,23.121.228.185,US,ATT-INTERNET4,0,0,0
1653355244392_v6vgg,1,24.46.47.68,US,CABLE-NET-1,0,0,0
1653355291151_5jn2j,2,172.8.188.116,US,ATT-INTERNET4,0,0,0
1653355335237_osje1,2,172.58.184.88,US,T-MOBILE-AS21928,0,0,0
1653355375389_kwvdu,1,71.83.202.227,US,CHARTER-20115,0,0,0
1653355414154_3unm8,2,172.58.142.216,US,T-MOBILE-AS21928,0,0,0
1653355682011_sarqq,1,174.208.43.160,US,CELLCO-PART,0,0,0
1653355974169_6bkjy,2,47.149.2.55,US,FRONTIER-FRTR,0,0,0
1653356220605_a2x53,1,104.222.31.139,US,WHITESKY-COMMUNICATIONS,0,0,0
1653356403579_xslvf,2,72.174.64.5,US,BRESNAN-33588,0,0,0
1653356506313_aw6az,1,146.168.208.169,US,ATLANTICBB-JOHNSTOWN,0,0,0
1653356561396_jrh2v,2,73.116.146.41,US,COMCAST-7922,0,0,0
1653356599655_ez2ba,1,99.20.58.186,US,ATT-INTERNET4,0,0,0
1653357045340_iykco,2,75.66.1.185,US,COMCAST-7922,0,0,0
1653357401806_rs3cc,2,173.30.220.230,US,MEDIACOM-ENTERPRISE-BUSINESS,0,0,0
1653357494049_hrulf,2,173.2.210.39,US,CABLE-NET-1,0,0,0
1653357570028_55ugd,1,68.133.16.254,US,UUNET,0,0,0
1653357576042_ndxhe,1,73.86.212.31,US,COMCAST-7922,0,0,0
1653357820842_owp7p,1,107.197.85.180,US,ATT-INTERNET4,0,0,0
1653357965274_kqsrw,1,158.62.188.107,US,OEC-FIBER,0,0,0
1653358008642_76a69,2,173.3.29.42,US,CABLE-NET-1,0,0,0
1653358088039_kglyg,2,174.250.209.144,US,CELLCO-PART,0,0,0
1653358274646_1x7iu,2,73.120.214.105,US,COMCAST-7922,0,0,0
1653358807718_w2cfx,2,75.174.218.14,US,CENTURYLINK-US-LEGACY-QWEST,0,0,0
1653358860656_nned4,1,99.190.215.165,US,ATT-INTERNET4,0,0,0
1653359233265_pdn69,1,174.63.16.206,US,COMCAST-7922,0,0,0
1653359330210_sfjup,1,72.185.97.148,US,BHN-33363,0,0,0
1653359447240_z7p18,1,69.43.120.2,US,LIGHTOWER,0,0,0
1653359628391_cbcei,1,35.137.106.216,US,BHN-33363,0,0,0
1653360207755_lq0cb,1,73.30.86.26,US,COMCAST-7922,0,0,0
1653360738424_xniml,1,98.167.185.135,US,ASN-CXA-ALL-CCI-22773-RDC,0,0,0
1653360962923_xnued,1,173.233.165.78,US,MTCCOMM,0,0,0
1653360979236_5byan,2,70.106.20.45,US,UUNET,0,0,0
1653361047832_iav17,2,35.139.164.221,US,BHN-33363,0,0,0
1653361302171_gnagi,2,99.170.154.63,US,ATT-INTERNET4,0,0,0
1653361337095_5jun7,1,207.177.187.11,US,UNWIRED-NOC,0,0,0
1653361351291_khf63,1,67.8.61.230,US,BHN-33363,0,0,0
1653361577741_1ybw8,1,74.138.80.42,US,TWC-10796-MIDWEST,0,0,0
1653362351825_lmrha,2,98.14.80.217,US,TWC-12271-NYC,0,0,0
1653362523547_i99mr,2,24.253.210.88,US,ASN-CXA-ALL-CCI-22773-RDC,0,0,0
1653362745095_52w84,1,108.3.167.237,US,UUNET,0,0,0
1653362814777_2vy5m,2,108.28.145.88,US,UUNET,0,0,0
1653363578644_xs89c,1,98.196.20.55,US,COMCAST-7922,0,0,0
1653363761977_h4ip1,2,98.194.213.37,US,COMCAST-7922,0,0,0
1653364293213_p88rj,2,169.136.34.244,US,SCRTC,0,0,0
1653364801250_efgmm,1,108.199.21.163,US,ATT-INTERNET4,0,0,0
1653365851853_c1637,2,73.136.120.5,US,COMCAST-7922,0,0,0
1653366673147_zqou8,1,172.118.142.66,US,TWC-20001-PACWEST,0,0,0
1653366676389_uhw8m,2,107.77.241.22,US,ATT-MOBILITY-LLC-AS20057,0,0,0
1653366982455_lts4s,1,73.169.48.56,US,COMCAST-7922,0,0,0
1653367322310_fe4k8,1,217.138.206.86,US,M247,0,1,1
1653368298123_ng17y,2,71.142.235.85,US,ATT-INTERNET4,0,0,0
1653368501187_h2aqu,1,67.143.192.3,US,HNS-DIRECPC,0,0,0
1653369413158_s5okf,2,99.33.178.106,US,ATT-INTERNET4,0,0,0
1653369852429_qbzfy,1,24.19.127.178,US,COMCAST-7922,0,0,0
1653370977266_n9f55,1,66.220.69.216,US,AS21565,0,0,0
1653373838752_d7qa1,1,68.82.203.44,US,COMCAST-7922,0,0,0
1653374089608_nqusu,2,104.230.65.57,US,TWC-10796-MIDWEST,0,0,0
1653374833713_3o55d,1,107.242.113.62,US,ATT-MOBILITY-LLC-AS20057,0,0,0
1653376580828_9vfzv,1,216.115.122.132,US,ALASCONNECT,0,0,0
1653376883982_fkw37,1,66.25.191.45,US,TWC-11427-TEXAS,0,0,0
1653377946203_1id6p,1,76.83.133.144,US,TWC-20001-PACWEST,0,0,0
1653379099208_9ccqh,2,184.56.252.98,US,TWC-10796-MIDWEST,0,0,0
1653380953563_oid0g,1,73.240.4.223,US,COMCAST-7922,0,0,0
1653383724930_o2bvl,2,99.118.61.37,US,ATT-INTERNET4,0,0,0
1653383746874_k287y,1,66.243.233.246,US,YELMNET,0,0,0
1653384301105_n7ko3,2,97.92.27.21,US,CHARTER-20115,0,0,0
1653385013325_un9ox,1,162.202.46.198,US,ATT-INTERNET4,0,0,0
1653389161237_g4gtr,2,207.67.35.206,US,LVLT-3549,0,0,0
1653389691896_p7cts,2,75.89.40.142,US,WINDSTREAM,0,0,0
1653390514902_9abzj,2,174.247.208.114,US,CELLCO-PART,0,0,0
1653391439917_hxivf,2,172.56.105.23,US,T-MOBILE-AS21928,0,0,0
1653393726909_2kxuu,1,174.240.116.167,US,CELLCO-PART,0,0,0
1653393898214_52rds,2,204.111.133.151,US,SHENTEL,0,0,0
1653394207594_0ho5i,2,71.28.165.86,US,WINDSTREAM,0,0,0
1653394475519_jbo4g,1,174.199.64.238,US,CELLCO-PART,0,0,0
1653395015904_ycm4o,1,72.177.12.24,US,TWC-11427-TEXAS,0,0,0
1653395641831_d80av,2,96.92.1.201,US,COMCAST-7922,0,0,0
1653395670000_kcdpo,1,141.161.133.1,US,GU,0,0,0
1653396333842_54an8,2,174.99.204.174,US,TWC-11426-CAROLINAS,0,0,0
1653396475473_ql8de,2,104.3.53.248,US,ATT-INTERNET4,0,0,0
1653396475731_bde43,2,67.59.213.53,US,INS-AS,0,0,0
1653397172700_vy12l,2,173.46.250.170,US,MANIFOLD,0,0,0
1653397271465_dld6l,2,208.125.185.178,US,TWC-11351-NORTHEAST,0,0,0
1653398434778_6s1eu,2,70.163.129.51,US,ASN-CXA-ALL-CCI-22773-RDC,0,0,0
1653399424260_e0z00,1,8.20.65.4,US,PATEAM,0,0,0
1653399792043_3c1gn,1,24.8.252.163,US,COMCAST-7922,0,0,0
1653400370699_o1vnb,1,69.122.144.245,US,CABLE-NET-1,0,0,0
1653400578883_kox9n,1,68.59.201.222,US,COMCAST-7922,0,0,0
1653400627838_ioioc,1,216.229.56.41,US,SYPTEC-NOC,0,0,0
1653400812623_43mto,1,165.155.130.101,US,NYCBOE-BGPNET,0,0,0
1653401111790_05d3b,1,173.27.35.43,US,MEDIACOM-ENTERPRISE-BUSINESS,0,0,0
1653401199179_8dap1,1,76.113.17.242,US,COMCAST-7922,0,0,0
1653401818340_088ge,2,206.72.12.162,US,AUREON-5056,0,0,0
1653402318796_kackk,1,104.188.190.151,US,ATT-INTERNET4,0,0,0
1653402440045_yppls,1,173.27.32.183,US,MEDIACOM-ENTERPRISE-BUSINESS,0,0,0
1653402534916_b74tw,2,204.100.170.60,US,NETBLK-RCOEK,0,0,0
1653402679192_xipn7,2,137.45.152.206,US,RADFORD-UNIV-AS,0,0,0
1653402882766_73q0u,1,24.127.146.253,US,COMCAST-7922,0,0,0
1653403302226_6bbrd,2,24.164.181.41,US,TWC-12271-NYC,0,0,0
1653403571864_xdzzl,2,63.88.108.42,US,UUNET,0,0,0
1653403767186_deof9,2,24.112.119.62,US,VYVE-BROADBAND,0,0,0
1653404283152_331o2,1,74.110.183.155,US,UUNET,0,0,0
1653404343880_kqtw2,1,136.34.101.52,US,GOOGLE-FIBER,0,0,0
1653404713697_d0kxe,1,152.23.218.172,US,UNC-CH,0,0,0
1653404752415_xsy6k,2,74.69.153.108,US,TWC-11351-NORTHEAST,0,0,0
1653404992433_yzffv,2,165.155.140.66,US,NYCBOE-BGPNET,0,0,0
1653405348224_1gdtq,2,47.204.172.101,US,FRONTIER-FRTR,0,0,0
1653406142280_y8vrz,2,40.141.10.2,US,WINDSTREAM,0,0,0
1653406582460_0gfg0,2,70.123.253.247,US,TWC-11427-TEXAS,0,0,0
1653406957703_ho38m,1,96.95.35.253,US,COMCAST-7922,0,0,0
1653407503040_ugkmf,1,98.115.1.200,US,UUNET,0,0,0
1653407559469_clzno,2,24.139.54.7,US,FIDN,0,0,0
1653407827449_yzypd,1,64.53.205.68,US,WOW-INTERNET,0,0,0
1653407863773_1f4jq,2,129.109.43.4,US,UTMB,0,0,0
1653408380925_w2qzr,1,75.182.226.38,US,TWC-11426-CAROLINAS,0,0,0
1653408498581_nrqm9,1,96.36.2.66,US,CHARTER-20115,0,0,0
1653408649117_3bz6g,2,174.210.228.198,US,CELLCO-PART,0,0,0
1653409255241_is890,2,97.118.20.185,US,CENTURYLINK-US-LEGACY-QWEST,0,0,0
1653409589786_jy5vo,2,24.56.189.249,US,TDS-AS,0,0,0
1653409672900_eq3y5,1,65.190.201.11,US,TWC-11426-CAROLINAS,0,0,0
1653409931523_p1tj5,2,174.31.96.153,US,CENTURYLINK-US-LEGACY-QWEST,0,0,0
1653409969979_mdkgs,2,24.255.241.247,US,ASN-CXA-ALL-CCI-22773-RDC,0,0,0
1653410543059_iz98z,1,173.175.166.192,US,TWC-11427-TEXAS,0,0,0
1653410574380_e95ug,2,174.207.226.199,US,CELLCO-PART,0,0,0
1653410663954_feqaz,1,8.9.88.53,US,LEVEL3,0,0,0
1653410983161_7796s,1,107.140.102.168,US,ATT-INTERNET4,0,0,0
1653411049545_r0yhx,1,136.226.52.109,US,ZSCALER-SJC1,0,0,0
1653411348330_uc3mn,1,174.104.59.49,US,TWC-10796-MIDWEST,0,0,0
1653411421741_5ev2j,1,172.83.5.206,US,FIRSTDIGITAL,0,0,0
1653411824658_mpi2k,2,45.49.82.179,US,TWC-20001-PACWEST,0,0,0
1653412721680_0saal,2,107.219.28.24,US,ATT-INTERNET4,0,0,0
1653413081176_gqsef,2,68.201.144.237,US,TWC-11427-TEXAS,0,0,0
1653413766326_ma2cm,1,98.29.4.190,US,TWC-10796-MIDWEST,0,0,0
1653413843788_0b9cj,2,71.104.34.65,US,UUNET,0,0,0
1653414158823_b9hlk,1,108.12.208.74,US,UUNET,0,0,0
1653414432752_jphz1,1,76.160.10.90,US,WINDSTREAM,0,0,0
1653414804677_q0n7l,1,107.77.206.20,US,ATT-MOBILITY-LLC-AS20057,0,0,0
1653415220296_hwea3,2,208.74.141.115,US,WBTSNY-AS,0,0,0
1653415288966_zvzxk,2,23.123.212.81,US,ATT-INTERNET4,0,0,0
1653416141428_lqrrj,1,24.11.249.69,US,COMCAST-7922,0,0,0
1653416871874_cx1k6,2,24.131.120.63,US,COMCAST-7922,0,0,0
1653417202234_jcj6f,2,47.222.20.11,US,SUDDENLINK-COMMUNICATIONS,0,0,0
1653417434782_pco28,2,71.34.227.123,US,CENTURYLINK-US-LEGACY-QWEST,0,0,0
1653417502517_w1mqx,2,50.254.149.89,US,COMCAST-7922,0,0,0
1653417928939_5y2eu,1,50.110.209.251,US,FRONTIER-FRTR,0,0,0
1653418271558_gve85,2,72.176.242.131,US,TWC-11427-TEXAS,0,0,0
1653418271881_179d7,1,74.110.111.87,US,UUNET,0,0,0
1653418354764_b30qy,1,72.104.9.33,US,CELLCO-PART,0,0,0
1653419186460_1hcnr,2,77.111.247.45,SE,HERNLABS,1,1,1
1653419288869_gnhgz,1,162.221.111.196,US,AS21565,0,0,0
1653419322996_03vbq,2,76.30.202.68,US,COMCAST-7922,0,0,0
1653419876089_8nqsa,2,76.182.98.210,US,TWC-11426-CAROLINAS,0,0,0
1653420050742_o7jlm,2,96.8.168.183,US,GVTCINTERNET,0,0,0
1653420055657_6q870,1,148.74.192.127,US,CABLE-NET-1,0,0,0
1653420783023_msqwo,2,66.30.136.146,US,COMCAST-7015,0,0,0
1653420980083_v1syl,2,75.139.194.135,US,CHARTER-20115,0,0,0
1653421446891_nd7ks,1,107.133.61.117,US,ATT-INTERNET4,0,0,0
1653421506024_qhb65,2,70.60.81.242,US,TWC-10796-MIDWEST,0,0,0
1653421644402_l5yfs,1,173.53.119.55,US,UUNET,0,0,0
1653421708948_fqezn,2,24.239.194.165,US,ACS-INTERNET,0,0,0
1653421797068_kwohd,2,71.235.132.67,US,COMCAST-7015,0,0,0
1653421958668_9vsi9,2,24.35.157.163,US,FIDN,0,0,0
1653422545612_uwphn,1,67.250.185.230,US,TWC-12271-NYC,0,0,0
1653422637104_xonvn,1,24.247.128.88,US,CHARTER-20115,0,0,0
1653423323160_6lq0t,1,68.112.65.124,US,CHARTER-20115,0,0,0
1653423837925_mqmqf,2,72.208.56.218,US,ASN-CXA-ALL-CCI-22773-RDC,0,0,0
1653424145491_yct6p,2,174.68.173.42,US,ASN-CXA-ALL-CCI-22773-RDC,0,0,0
1653424371574_af0dw,2,99.51.240.158,US,ATT-INTERNET4,0,0,0
1653424665466_flan3,2,104.51.84.234,US,ATT-INTERNET4,0,0,0
1653426722706_9lnn9,2,47.25.170.199,US,CHARTER-20115,0,0,0
1653427633864_s7h97,1,173.63.90.154,US,UUNET,0,0,0
1653428039543_qhq3y,1,131.204.254.86,US,AUBURN,0,0,0
1653428227258_nggbg,2,69.245.234.59,US,COMCAST-7922,0,0,0
1653429070322_1uh20,1,76.23.189.247,US,COMCAST-7015,0,0,0
1653429092868_ewl8j,1,73.101.89.151,US,COMCAST-7922,0,0,0
1653429289744_pk2hf,2,162.118.98.141,US,TRICOLINK,0,0,0
1653429396245_oucm0,1,67.185.191.40,US,COMCAST-7922,0,0,0
1653429495903_mo83s,1,140.248.1.160,US,FASTLY,0,0,0
1653429506285_4zyct,1,184.189.63.236,US,ASN-CXA-ALL-CCI-22773-RDC,0,0,0
1653429721143_o95wa,1,129.101.124.171,US,UIDAHO,0,0,0
1653430124642_deg3g,2,184.153.194.228,US,TWC-11351-NORTHEAST,0,0,0
1653430166194_heojs,1,172.58.122.131,US,T-MOBILE-AS21928,0,0,0
1653432564766_kqb8e,1,172.220.251.152,US,CHARTER-20115,0,0,0
1653432674850_5s0lb,1,173.167.99.109,US,COMCAST-7922,0,0,0
1653433957332_bayvr,2,70.171.161.217,US,ASN-CXA-ALL-CCI-22773-RDC,0,0,0
1653434083510_o5ehi,2,24.253.89.23,US,ASN-CXA-ALL-CCI-22773-RDC,0,0,0
1653434335975_ffpxh,1,107.3.34.44,US,COMCAST-7922,0,0,0
1653434338616_1g89b,1,104.246.33.183,US,CABLE-NET-1,0,0,0
1653434593970_enqyl,1,73.132.8.20,US,COMCAST-7922,0,0,0
1653435015992_lqueb,1,73.165.86.88,US,COMCAST-7922,0,0,0
1653435253330_bur3x,2,174.206.39.101,US,CELLCO-PART,0,0,0
1653435442723_2597e,1,99.42.62.83,US,ATT-INTERNET4,0,0,0
1653435631399_zr99i,2,107.199.238.3,US,ATT-INTERNET4,0,0,0
1653435757371_s3udv,1,73.129.17.97,US,COMCAST-7922,0,0,0
1653436026839_6l66y,2,107.206.145.148,US,ATT-INTERNET4,0,0,0
1653436604265_w2p02,2,173.191.239.137,US,WINDSTREAM,0,0,0
1653437561912_en482,2,107.77.234.213,US,ATT-MOBILITY-LLC-AS20057,0,0,0
1653438106155_mu6od,2,72.66.20.239,US,UUNET,0,0,0
1653439089665_481td,1,24.2.230.104,US,COMCAST-7015,0,0,0
1653439110631_hic4j,2,71.74.142.236,US,TWC-10796-MIDWEST,0,0,0
1653439666632_m2jh6,2,71.94.113.64,US,CHARTER-20115,0,0,0
1653440068428_y8imt,2,23.119.184.183,US,ATT-INTERNET4,0,0,0
1653440418222_m0ue2,2,24.247.232.73,US,CHARTER-20115,0,0,0
1653441180099_4m6ad,1,65.32.229.180,US,BHN-33363,0,0,0
1653441281690_mohx6,2,172.56.105.18,US,T-MOBILE-AS21928,0,0,0
1653441617861_9er99,2,75.185.211.226,US,TWC-10796-MIDWEST,0,0,0
1653441977637_jsub4,2,24.118.80.96,US,COMCAST-7922,0,0,0
1653442068751_922va,1,98.188.171.51,US,ASN-CXA-ALL-CCI-22773-RDC,0,0,0
1653442125879_cpkk2,2,71.75.143.193,US,TWC-11426-CAROLINAS,0,0,0
1653443135195_42cgc,1,47.145.52.34,US,FRONTIER-FRTR,0,0,0
1653444996664_csgv8,1,108.46.203.156,US,UUNET,0,0,0
1653445006651_4gje7,2,184.54.39.255,US,TWC-10796-MIDWEST,0,0,0
1653446383783_httg1,2,73.20.45.231,US,COMCAST-7922,0,0,0
1653447072348_c7ogi,2,45.37.165.160,US,TWC-11426-CAROLINAS,0,0,0
1653447604941_v07hj,2,172.100.231.212,US,TWC-11351-NORTHEAST,0,0,0
1653447998441_sa8xk,2,209.237.146.138,US,KUDZU-01,0,0,0
1653448255660_rdrqn,2,73.74.27.29,US,COMCAST-7922,0,0,0
1653449272955_27zna,1,72.80.171.206,US,UUNET,0,0,0
1653449434644_p9sko,2,107.184.225.49,US,TWC-20001-PACWEST,0,0,0
1653449783698_rm1z6,2,67.85.100.169,US,CABLE-NET-1,0,0,0
1653450284530_jkxbr,2,167.248.58.122,US,ALLO-COMM,0,0,0
1653451735346_2akt9,1,108.30.19.38,US,UUNET,0,0,0
1653451825502_zh3mc,1,65.32.61.51,US,BHN-33363,0,0,0
1653452371624_wamhq,2,24.205.86.214,US,CHARTER-20115,0,0,0
1653452457790_jzp9y,1,172.58.123.144,US,T-MOBILE-AS21928,0,0,0
1653452616629_no3wh,2,73.66.246.38,US,COMCAST-7922,0,0,0
1653455150041_kx7i5,2,104.189.86.36,US,ATT-INTERNET4,0,0,0
1653455560920_njjea,2,24.165.49.73,US,TWC-20001-PACWEST,0,0,0
1653456817060_2ncaj,2,76.82.134.153,US,TWC-20001-PACWEST,0,0,0
1653457482190_j81n1,1,172.58.38.172,US,T-MOBILE-AS21928,0,0,0
1653457526228_fc2yh,2,68.104.214.143,US,ASN-CXA-ALL-CCI-22773-RDC,0,0,0
1653458494748_wb6s1,2,99.120.101.23,US,ATT-INTERNET4,0,0,0
1653466549508_jf7mb,2,76.216.141.30,US,ATT-INTERNET4,0,0,0
1653472093735_s6frg,2,98.155.235.38,US,TWC-20001-PACWEST,0,0,0
1653472906007_yp72z,2,75.128.73.238,US,CHARTER-20115,0,0,0
1653473296611_e9ywy,2,66.211.252.2,US,VELOCITY,0,0,0
1653473848451_aowfc,1,73.25.145.32,US,COMCAST-7922,0,0,0
1653477215675_rqrzn,1,167.224.128.68,US,OZARKSGO,0,0,0
1653477445015_h69ak,2,69.202.189.241,US,TWC-12271-NYC,0,0,0
1653479020475_sp4lk,2,64.246.105.63,US,AMPLEX,0,0,0
1653481746948_jcgrv,1,73.143.22.223,US,COMCAST-7015,0,0,0
1653482009188_tpntj,1,136.228.52.136,US,MISEN-ASN-1,0,0,0
1653482537983_3ra3p,2,75.100.44.90,US,TDS-AS,0,0,0
1653482850833_0u2ak,1,71.199.10.146,US,COMCAST-7922,0,0,0
1653483689380_uq9fu,2,108.68.4.181,US,ATT-INTERNET4,0,0,0
1653485247137_ymeqt,1,96.11.237.114,US,TWC-10796-MIDWEST,0,0,0
