user_id,aot_changebeliefs,aot_evidenceconflicts,aot_loyalbeliefs,aot_maintainbeliefs,aot_regardlesstopic,aot_trueimportant,economicissuespref,politicalposition,politicalpref,socialissuespref,aot
1642741162347_4r0si,4,2,4,3,2,3,3,1,2,2,4
1653780032930_azhr1,4,4,4,4,4,4,3,3,3,3,3
1653780036733_o1ogi,2,2,1,2,1,1,2,1,2,2,5.5
1653780079354_gg09c,4,4,3,4,3,1,3,3,3,3,3.83333333333333
1653780092911_833rh,6,2,3,3,3,2,2,1,2,2,3.83333333333333
1653780103090_kwf81,1,2,1,1,1,1,1,1,2,1,5.83333333333333
1653780141504_btxvf,5,4,2,4,2,2,4,2,4,2,3.83333333333333
1653780146771_jbje7,3,3,2,1,1,2,4,3,4,2,5
1653780149318_drsiz,3,2,3,3,2,2,4,2,4,4,4.5
1653780153712_k5h8s,3,4,4,3,3,1,1,2,4,3,4
1653780159694_oyr3u,1,1,2,1,1,1,3,3,3,3,5.83333333333333
1653780169035_f9ezn,3,3,3,3,3,2,5,3,4,2,4.16666666666667
1653780173147_s6wdu,3,3,4,2,2,3,4,1,2,2,4.16666666666667
1653780180691_ys5fu,4,4,4,4,4,4,3,3,3,3,3
1653780189769_9iksy,2,1,1,2,1,1,1,3,3,1,5.66666666666667
1653780192256_wel15,2,4,2,4,3,3,2,2,4,2,4
1653780331895_hwz2p,2,1,1,1,1,1,1,3,3,4,5.83333333333333
1653780693388_eo00z,2,1,2,2,1,2,5,2,6,4,5.33333333333333
1653780717730_gscfv,3,3,3,4,3,3,2,3,3,3,3.83333333333333
1653781345686_qalue,3,4,2,2,1,2,2,3,1,1,4.66666666666667
1653781384524_mkash,3,2,2,3,1,1,2,1,3,2,5
1653781419392_316hc,3,3,2,2,2,2,3,3,3,2,4.66666666666667
1653782922274_cf42h,2,2,2,1,1,1,5,2,5,5,5.5
1653785718300_hp3ba,3,2,3,2,3,2,3,3,3,3,4.5
1653786919158_noxt2,1,1,1,1,1,1,2,1,3,3,6
1653800861252_hnzkt,4,3,3,4,4,3,5,3,4,2,3.5
1653866384170_6gho3,4,3,4,5,5,4,3,3,3,3,2.83333333333333
1653866386978_9ixpt,1,1,1,1,1,1,3,1,2,2,6
1653866392587_c31cx,1,2,1,1,2,1,3,1,3,2,5.66666666666667
1653866399389_b3bny,4,4,5,4,4,4,5,2,5,5,2.83333333333333
1653866406128_j3gkg,5,4,3,4,2,2,3,3,4,3,3.66666666666667
1653866419438_qarig,4,4,3,3,3,3,2,1,3,2,3.66666666666667
1653866426194_b4dyr,2,2,2,2,2,2,4,3,4,3,5
1653866431673_ifby3,6,3,3,3,3,2,4,1,3,1,3.66666666666667
1653866441646_0o88u,5,5,5,5,5,4,3,3,4,3,2.16666666666667
1653866444246_fcef5,4,3,3,4,3,3,3,3,3,3,3.66666666666667
1653866445280_3g6gx,2,2,1,2,2,1,4,3,4,2,5.33333333333333
1653866448569_zfan5,3,3,2,3,2,2,3,1,3,3,4.5
1653866458391_teni0,5,4,3,4,4,3,4,2,4,4,3.16666666666667
1653866465140_ax9wt,1,2,2,1,1,2,2,1,1,2,5.5
1653866467167_udns8,5,5,2,5,4,2,1,1,1,1,3.16666666666667
1653866476660_tygyp,3,2,3,4,3,2,3,1,3,3,4.16666666666667
1653866482358_ipjft,5,3,1,3,2,3,1,1,1,1,4.16666666666667
1653866485287_mwo5p,2,2,3,4,3,2,4,3,4,2,4.33333333333333
1653866504667_k3yy4,2,2,2,1,1,1,2,1,3,2,5.5
1653866510960_5ut9w,3,3,3,4,3,2,3,3,3,3,4
1653866522323_1eji7,1,1,4,1,1,1,1,1,1,1,5.5
1653866525435_820sm,1,1,1,1,1,1,2,1,2,1,6
1653866538495_v49vh,4,3,2,4,3,1,4,2,4,4,4.16666666666667
1653866543113_g55yt,2,2,2,2,2,1,4,2,4,2,5.16666666666667
1653866554471_abkvq,5,3,2,3,4,2,3,1,3,2,3.83333333333333
1653866561676_83gz8,4,3,3,3,3,2,3,1,2,2,4
1653866580686_6fmwf,2,2,2,2,2,2,2,1,2,2,5
1653866582939_2l8xa,3,3,2,2,2,2,3,3,5,5,4.66666666666667
1653866612156_fp78m,5,3,3,5,3,1,5,2,5,4,3.66666666666667
1653866650107_lymrl,3,3,2,2,2,2,2,3,1,1,4.66666666666667
1653866669789_if5e4,4,3,5,3,3,3,2,1,3,2,3.5
1653866701762_045up,3,3,2,3,2,3,2,1,3,2,4.33333333333333
1653866717329_s9y21,5,3,5,4,4,3,3,3,3,2,3
1653866749527_v5om1,4,5,5,4,4,4,4,1,3,4,2.66666666666667
1653866821529_nhann,4,4,5,5,5,5,3,3,3,2,2.33333333333333
1653866826153_lel4v,3,3,3,3,3,2,2,1,1,2,4.16666666666667
1653866918865_o0zm9,4,2,2,3,2,2,5,2,6,5,4.5
1653866924829_x0jtq,3,2,6,1,1,1,1,1,3,1,4.66666666666667
1653866954873_y0vx4,2,3,2,2,1,2,5,2,4,4,5
1653867035045_bfu8i,2,2,5,2,3,3,3,4,3,3,4.16666666666667
1653867057723_vrlme,2,2,3,2,2,1,1,1,1,1,5
1653867091002_to4hm,4,4,3,3,3,2,4,2,4,2,3.83333333333333
1653867168456_j52ar,2,2,2,2,2,2,1,1,1,1,5
1653867239940_7ek6t,4,2,3,2,3,1,4,2,4,4,4.5
1653867246504_m1nz0,6,2,3,6,3,2,5,2,5,5,3.33333333333333
1653867255438_a45rz,4,4,2,4,3,3,4,1,3,2,3.66666666666667
1653867269480_0ihgw,2,2,3,2,1,1,2,1,1,2,5.16666666666667
1653867324486_snguf,2,2,6,1,1,2,4,2,4,4,4.66666666666667
1653867359294_am607,3,2,3,2,2,1,1,1,1,1,4.83333333333333
1653867377518_jst5t,2,2,3,1,2,2,2,3,3,2,5
1653867435284_tby2m,2,1,2,1,1,1,2,1,1,2,5.66666666666667
1653867442574_luwu3,5,4,5,2,2,2,4,2,5,3,3.66666666666667
1653867449182_rk5hy,2,2,2,2,2,2,2,1,3,2,5
1653867468434_kcwde,4,5,4,5,4,4,4,2,5,5,2.66666666666667
1653867472167_c43qc,3,3,3,2,1,2,4,2,4,2,4.66666666666667
1653867600633_pmutb,2,2,2,2,2,2,4,3,3,2,5
1653867616543_q358n,3,3,2,3,3,3,2,3,3,1,4.16666666666667
1653867643814_9k5mk,4,4,3,3,3,3,2,3,3,4,3.66666666666667
1653867649374_kojqj,4,4,4,4,3,3,4,2,5,4,3.33333333333333
1653867681435_ihy6b,4,4,2,4,2,1,5,2,6,5,4.16666666666667
1653867682645_uuwru,4,2,2,2,2,2,4,2,5,4,4.66666666666667
1653867683872_tm0c2,2,2,2,2,1,2,2,1,2,2,5.16666666666667
1653867690418_o0n1y,2,2,3,3,2,2,3,2,4,3,4.66666666666667
1653867710649_bm11x,3,5,4,2,3,3,3,2,4,4,3.66666666666667
1653867724261_zkqvn,4,4,4,3,2,1,3,3,4,3,4
1653867758730_87e9o,4,2,2,4,2,2,4,1,1,1,4.33333333333333
1653867836172_qfsye,5,5,5,4,4,4,5,2,5,5,2.5
1653867848429_wjo1p,3,4,3,2,3,2,4,1,3,4,4.16666666666667
1653867943427_lg3lv,3,3,3,1,2,3,2,3,3,2,4.5
1653868004562_6rctp,5,6,5,6,5,5,5,2,6,5,1.66666666666667
1653868024601_e3184,1,2,1,1,1,2,4,3,5,4,5.66666666666667
1653868032307_horzo,4,4,4,4,3,4,5,3,4,3,3.16666666666667
1653868058734_x4zo7,6,3,3,5,2,3,3,2,6,3,3.33333333333333
1653868098908_cf80h,6,5,5,6,6,4,5,3,4,4,1.66666666666667
1653868141466_kid1h,4,2,1,1,1,1,4,1,3,1,5.33333333333333
1653868155688_xc4p7,4,5,5,5,4,4,4,1,3,4,2.5
1653868164336_nt9oy,1,1,1,1,1,1,4,1,2,2,6
1653868178731_2enm5,5,5,5,5,5,5,3,2,5,3,2
1653868202729_msyjn,6,5,4,5,6,5,5,1,1,5,1.83333333333333
1653868277602_3mp4l,4,4,3,4,1,2,2,3,4,2,4
1653868357483_mc1lj,5,4,3,6,4,4,4,2,5,4,2.66666666666667
1653868412787_ckmp7,3,3,3,2,2,2,3,1,1,1,4.5
1653868444502_c03ry,3,2,2,2,2,2,5,2,4,4,4.83333333333333
1653868451098_l5yks,3,4,4,4,4,2,4,3,4,4,3.5
1653868502469_mz03l,5,5,4,4,3,3,4,2,6,5,3
1653868582649_ydvh8,4,2,2,4,3,1,5,2,6,5,4.33333333333333
1653868649788_2032j,2,1,1,1,1,1,2,1,2,2,5.83333333333333
1653868675715_7cx1f,5,3,2,3,1,1,1,1,1,1,4.5
1653868726883_aigpf,5,4,5,4,4,2,5,2,6,5,3
1653868775109_tymnq,4,3,3,3,2,1,3,1,2,1,4.33333333333333
1653868776628_x453e,5,4,4,5,3,2,3,4,4,3,3.16666666666667
1653868804284_g9yls,4,3,3,4,3,1,4,1,3,2,4
1653868817760_itaat,2,2,4,2,4,2,2,1,3,2,4.33333333333333
1653868835070_wu4wr,5,4,3,5,4,3,3,4,4,3,3
1653868905328_w9dib,3,3,3,3,2,2,3,3,3,3,4.33333333333333
1653868942690_vztzk,2,3,2,1,2,2,5,4,6,5,5
1653868961543_26uuy,4,4,3,4,3,3,2,1,3,2,3.5
1653868966661_0hva5,2,3,3,3,3,3,5,2,4,2,4.16666666666667
1653868991079_qk7pv,3,3,3,3,3,2,3,3,3,3,4.16666666666667
1653869005888_9qmc0,4,2,1,4,1,2,1,1,1,1,4.66666666666667
1653869021817_4wl4w,3,3,2,3,2,2,1,3,3,1,4.5
1653869041296_95v73,3,5,4,6,3,3,5,1,2,4,3
1653869112377_647sa,4,4,2,4,2,2,5,4,4,1,4
1653869155744_qwnxz,2,2,2,2,2,2,2,1,2,1,5
1653869178181_v1qke,5,5,4,5,3,2,2,1,2,2,3
1653869223291_k6ky8,3,3,1,2,1,2,1,1,1,2,5
1653869226730_f0ewc,5,5,5,4,2,2,3,4,4,5,3.16666666666667
1653869260810_955vi,4,4,4,4,4,3,4,3,3,2,3.16666666666667
1653869261379_gj4mh,4,3,3,4,2,1,2,1,2,2,4.16666666666667
1653869359027_5jw2v,4,4,5,5,2,2,2,1,2,2,3.33333333333333
1653869444195_sdccu,4,4,2,4,3,3,4,3,4,5,3.66666666666667
1653869505392_g58yj,4,4,3,4,3,3,2,1,2,2,3.5
1653869518712_0yo8z,1,1,1,1,1,1,1,1,1,1,6
1653869565060_m9sgn,4,3,3,3,3,3,1,1,1,1,3.83333333333333
1653869583104_vfzue,5,5,5,5,4,4,3,1,3,3,2.33333333333333
1653869653617_2b0js,3,3,3,2,2,2,2,1,2,1,4.5
1653869684035_g723t,6,5,4,5,5,3,3,4,4,4,2.33333333333333
1653869695717_4eb9c,3,3,2,3,2,2,2,1,1,1,4.5
1653869708804_2j7ur,6,5,5,5,6,5,5,2,4,5,1.66666666666667
1653869708862_rl49t,2,2,1,2,2,2,4,3,4,4,5.16666666666667
1653869764106_qk47e,2,2,2,2,2,2,1,1,1,1,5
1653869919966_7tcp3,4,4,1,4,2,2,3,1,3,1,4.16666666666667
1653869980714_nvygl,4,4,3,4,3,4,4,3,4,4,3.33333333333333
1653870059128_wogi1,1,1,1,1,1,1,1,1,3,1,6
1653870093308_l61o2,3,3,2,3,2,2,2,1,1,1,4.5
1653870130714_03k5e,5,5,4,5,2,1,3,3,3,3,3.33333333333333
1653870172013_c7exx,3,3,2,4,2,4,3,3,3,3,4
1653870260808_pgtu4,3,2,2,1,2,2,2,1,1,1,5
1653870342700_x7z5x,3,3,2,3,1,2,1,1,2,2,4.66666666666667
1653870349077_020xs,4,4,4,4,4,5,4,2,4,2,2.83333333333333
1653870349130_tftud,1,1,1,1,1,1,1,1,1,1,6
1653870411599_oy45y,1,1,1,1,1,1,5,2,5,4,6
1653870551892_mgbzh,4,4,2,3,3,3,4,3,4,4,3.83333333333333
1653870728174_ufsnc,3,2,2,2,2,2,4,2,6,4,4.83333333333333
1653870788788_1r1q0,4,4,5,4,4,4,3,3,3,3,2.83333333333333
1653870907028_udbwp,5,3,4,2,3,2,3,2,5,3,3.83333333333333
1653870920651_kixbl,5,4,4,3,3,2,2,1,2,2,3.5
1653870955142_ju2hg,4,4,3,3,3,3,4,2,5,4,3.66666666666667
1653870996943_ivwim,3,3,3,6,6,4,2,3,4,4,2.83333333333333
1653871017116_t9uf8,6,6,3,6,6,1,1,1,1,1,2.33333333333333
1653871017846_n6usy,4,3,2,2,2,1,1,3,3,1,4.66666666666667
1653871073941_630vx,5,5,2,3,2,2,4,2,5,5,3.83333333333333
1653871191766_mnp50,4,3,3,4,3,2,3,1,2,3,3.83333333333333
1653871250511_axyqf,2,2,2,2,1,2,2,1,2,2,5.16666666666667
1653871256703_2s6nv,1,1,2,2,2,2,3,1,2,3,5.33333333333333
1653871261763_eo8r2,4,3,2,2,2,3,5,2,6,5,4.33333333333333
1653871306320_d3nk7,3,3,3,3,2,2,3,3,3,2,4.33333333333333
1653871308730_ridx5,3,3,3,2,2,2,4,1,3,2,4.5
1653871330514_07oip,3,4,5,3,4,3,1,2,4,2,3.33333333333333
1653871367092_dzr6d,2,4,1,1,1,1,1,1,1,1,5.33333333333333
1653871391921_qk5tf,3,3,2,3,3,2,3,1,3,3,4.33333333333333
1653871483704_r4kzg,2,2,1,1,1,1,2,3,3,1,5.66666666666667
1653871624630_psm9l,3,3,2,1,2,2,2,1,1,1,4.83333333333333
1653871640080_4kfzb,6,4,4,3,3,2,5,2,4,4,3.33333333333333
1653871689965_xv8ln,3,3,2,2,2,2,5,2,5,2,4.66666666666667
1653871751693_wb8wh,5,4,4,4,2,2,4,2,5,4,3.5
1653871759699_10piw,1,1,1,1,1,1,3,2,6,3,6
1653871825133_4wt7k,1,1,2,1,1,2,2,3,2,1,5.66666666666667
1653871835607_vh680,4,2,2,4,2,1,4,3,3,2,4.5
1653871904371_uwdb7,4,4,3,2,2,3,3,4,3,3,4
1653871947104_ubjjn,2,2,1,1,1,1,1,1,1,1,5.66666666666667
1653871947952_wulux,5,4,4,4,4,3,2,1,1,2,3
1653871994040_eciqt,3,3,3,2,2,3,4,1,3,2,4.33333333333333
1653872011268_saitv,6,6,6,6,6,6,1,1,2,1,1
1653872037108_4b4wx,5,5,6,6,2,5,5,2,6,5,2.16666666666667
1653872122433_aixq5,3,3,4,4,1,1,2,1,1,2,4.33333333333333
1653872128616_tsjwh,3,5,1,2,2,2,2,3,3,2,4.5
1653872168962_cz8qh,4,4,5,5,4,6,1,1,1,1,2.33333333333333
1653872214992_y0in4,2,2,6,5,4,5,3,3,3,3,3
1653872217888_3beu3,3,3,2,2,2,1,4,3,4,3,4.83333333333333
1653872308953_rvtjf,3,3,3,3,2,2,2,1,1,1,4.33333333333333
1653872358815_eowz2,4,3,3,3,3,2,4,3,3,2,4
1653872373185_rcx8x,1,3,5,1,1,2,3,3,4,3,4.83333333333333
1653872567547_n2rfb,3,3,3,3,3,2,1,1,1,1,4.16666666666667
1653872589236_tl81c,1,1,1,1,1,1,3,1,2,2,6
1653872594896_re4rd,2,2,3,1,1,2,2,2,4,4,5.16666666666667
1653872599680_9frui,2,2,4,3,1,3,5,1,2,1,4.5
1653872745314_ha3ga,5,5,4,4,2,3,5,3,6,5,3.16666666666667
1653872926052_vvv6l,4,2,2,2,1,1,1,1,1,1,5
1653873154755_507n6,2,2,4,1,1,1,2,3,3,2,5.16666666666667
1653873193985_1smkw,2,3,1,1,1,1,1,1,2,1,5.5
1653873237359_3r6ri,3,2,2,2,1,2,4,3,3,2,5
1653873268387_qp46b,2,1,1,1,1,1,2,1,2,1,5.83333333333333
1653873270207_0ytvn,4,3,2,4,2,3,1,3,2,1,4
1653873282305_r1cqc,3,2,2,2,2,3,2,1,2,1,4.66666666666667
1653873346039_vpv2d,2,5,2,2,2,2,1,1,1,1,4.5
1653873376668_76rp7,5,4,5,4,5,5,3,1,1,3,2.33333333333333
1653873408349_3x99m,2,2,3,1,1,2,1,1,1,1,5.16666666666667
1653873410203_oupag,2,2,2,2,2,2,3,3,3,2,5
1653873557185_7ja0x,6,6,5,6,4,2,4,2,5,5,2.16666666666667
1653873592112_4t8ku,2,2,2,2,2,2,2,1,2,2,5
1653873866907_v3ft6,2,1,3,1,1,1,1,1,1,1,5.5
1653873886684_kmse2,4,4,2,3,2,1,2,1,2,2,4.33333333333333
1653873904896_hnuke,4,5,5,4,4,5,5,1,1,5,2.5
1653874201172_dywdi,4,4,3,1,2,3,4,1,3,2,4.16666666666667
1653874346127_uradp,3,4,3,2,2,3,3,1,2,2,4.16666666666667
1653874460034_vp1gw,4,4,4,2,3,2,4,4,3,2,3.83333333333333
1653874478147_zd0m6,4,4,4,4,3,3,3,1,2,1,3.33333333333333
1653874721739_w5qok,5,5,5,4,5,4,1,1,1,1,2.33333333333333
1653874819895_ukf4l,5,4,6,5,5,5,5,1,1,5,2
1653874840601_xevgy,1,1,1,1,1,1,1,1,1,1,6
1653874911837_azr68,1,1,3,1,3,3,5,4,3,1,5
1653875087851_ka6pu,2,2,2,2,2,2,2,1,2,2,5
1653875169338_2bk89,3,3,3,3,3,3,2,1,2,1,4
1653875196179_84y9i,5,2,2,6,3,2,3,3,4,3,3.66666666666667
1653875319702_o8ha8,4,2,4,5,3,3,2,1,2,2,3.5
1653875413603_kfjlj,4,5,5,4,4,3,1,1,1,1,2.83333333333333
1653875447262_63mvs,5,4,3,5,4,4,5,2,5,4,2.83333333333333
1653875451731_1sdta,4,3,3,5,4,3,5,2,6,5,3.33333333333333
1653875463584_th503,3,3,4,3,3,3,4,2,4,4,3.83333333333333
1653875489364_yn4d1,1,1,1,1,1,1,3,4,3,3,6
1653875523171_8ihey,4,4,3,3,4,3,3,3,4,3,3.5
1653875547054_nh9mg,3,2,2,2,2,2,4,2,4,3,4.83333333333333
1653875634210_nu51h,4,3,1,2,1,1,1,3,1,1,5
1653875671232_nwqer,4,4,5,3,3,2,3,3,4,3,3.5
1653875738764_04wol,2,2,4,3,1,1,3,1,3,3,4.83333333333333
1653875798572_x1h8e,5,5,3,3,3,2,4,2,5,4,3.5
1653875815597_tkry0,3,3,3,3,3,2,4,2,4,5,4.16666666666667
1653875857883_iu4bt,3,3,3,4,3,3,1,3,1,1,3.83333333333333
1653876033022_cpxcx,5,2,2,2,2,2,1,1,1,1,4.5
1653876261981_d1dad,5,4,4,4,4,3,3,4,3,3,3
1653876350099_ovdel,1,1,3,1,1,1,2,3,3,2,5.66666666666667
1653876563997_4ho2p,4,4,4,4,2,2,3,3,4,3,3.66666666666667
1653876638703_3sawz,4,5,4,4,4,4,2,3,3,2,2.83333333333333
1653876667316_b1x7u,4,3,4,3,3,2,3,3,3,3,3.83333333333333
1653876676515_uhh4x,5,2,2,5,2,2,2,1,2,2,4
1653876686072_15x8x,4,3,2,3,2,2,3,1,3,3,4.33333333333333
1653876711436_tucwf,4,3,4,4,3,3,4,2,5,4,3.5
1653876887975_dry5c,4,2,2,2,2,1,1,1,2,2,4.83333333333333
1653877018472_sylvj,2,1,2,1,2,1,1,3,3,2,5.5
1653877169199_iq7c6,3,3,3,4,1,3,5,2,4,3,4.16666666666667
1653877229615_h8u00,5,4,5,5,5,5,2,2,6,2,2.16666666666667
1653877280913_03m6z,4,5,4,2,3,2,4,3,3,4,3.66666666666667
1653878872396_2k0dh,4,1,6,4,1,1,3,3,3,2,4.16666666666667
1653879500448_kwqav,4,2,3,4,2,1,4,1,3,2,4.33333333333333
1653879794395_q4za6,3,3,3,3,3,2,2,3,3,2,4.16666666666667
1653880138896_ujwpu,3,4,3,3,3,3,2,3,3,2,3.83333333333333
1653881035725_kvilw,2,1,2,1,1,1,3,1,2,1,5.66666666666667
1653883101918_mti16,1,1,1,1,1,1,3,4,3,3,6
1653919389166_72e90,6,4,4,4,4,1,4,3,4,4,3.16666666666667
1653924386830_csaqs,2,2,2,2,2,2,2,1,2,1,5
1653924649934_4vaz3,5,4,5,6,3,6,1,1,1,1,2.16666666666667
1653924650998_2ddkp,1,1,1,1,1,1,1,4,2,1,6
1653924660919_atg1m,5,2,6,4,2,5,5,2,6,5,3
1653924671008_5oaba,1,1,1,1,1,1,1,1,1,1,6
1653924675040_q7md7,2,2,2,2,2,1,5,2,6,5,5.16666666666667
1653924680265_kaiiw,3,2,2,1,1,1,4,3,4,2,5.33333333333333
1653924688336_4sqfc,3,2,3,3,3,2,4,2,4,4,4.33333333333333
1653924695594_0mcsp,5,5,5,5,5,6,5,1,1,5,1.83333333333333
1653924710780_3gwmp,3,2,3,2,3,2,3,2,2,2,4.5
1653924717731_hweqh,4,4,4,4,4,5,2,1,1,2,2.83333333333333
1653924719956_won2t,4,4,3,3,3,3,4,3,4,4,3.66666666666667
1653924729881_3p2qb,2,2,2,2,2,2,1,1,1,3,5
1653924734803_s95bg,4,2,2,4,2,3,5,2,4,2,4.16666666666667
1653924735979_9mg4h,3,3,4,4,5,5,5,2,6,5,3
1653924741580_wteam,3,3,4,4,2,3,1,1,2,1,3.83333333333333
1653924748695_ndky0,3,1,2,3,2,1,2,3,3,2,5
1653924752053_o43yy,4,2,3,4,2,1,5,2,5,5,4.33333333333333
1653924753550_dsjro,4,4,3,3,2,2,4,2,6,5,4
1653924762132_nko4e,3,2,3,3,2,2,4,3,4,4,4.5
1653924763186_p25ss,5,5,5,5,4,3,5,2,6,5,2.5
1653924764703_qa612,4,4,3,4,4,3,3,3,3,3,3.33333333333333
1653924770151_lfh5f,4,5,3,2,3,3,1,1,1,1,3.66666666666667
1653924771097_b8gzo,4,3,5,3,4,4,2,1,3,2,3.16666666666667
1653924775885_m6dsh,4,3,3,3,3,3,4,1,3,2,3.83333333333333
1653924798260_1db34,4,5,4,4,5,4,5,1,2,5,2.66666666666667
1653924821959_wgyqf,4,5,4,4,2,2,2,3,3,2,3.5
1653924826851_8adbw,2,5,2,5,2,1,1,1,1,1,4.16666666666667
1653924852576_au4gk,5,2,4,4,3,1,4,1,3,2,3.83333333333333
1653924898493_326ur,3,5,5,5,4,3,2,2,5,1,2.83333333333333
1653924924326_005q2,4,2,2,4,3,2,4,1,1,1,4.16666666666667
1653924938892_a3h4a,4,4,4,2,2,2,3,3,3,3,4
1653924949298_uel97,5,5,6,5,5,2,4,3,4,4,2.33333333333333
1653924953550_6bnt2,4,3,3,3,3,2,1,1,1,1,4
1653924985367_1z9nk,2,1,2,2,2,1,3,1,2,2,5.33333333333333
1653924987673_98lvu,2,2,2,2,2,2,1,4,3,1,5
1653924989124_q1hza,2,2,2,1,1,1,2,4,3,1,5.5
1653925011727_hipuo,1,1,1,1,1,1,3,3,3,2,6
1653925016245_u23t6,3,3,4,4,4,5,1,2,6,1,3.16666666666667
1653925018849_sdde1,5,4,3,3,3,2,2,3,4,4,3.66666666666667
1653925056160_2mxho,3,3,4,3,3,2,4,2,4,4,4
1653925075660_wxfd7,4,5,3,4,2,4,5,1,1,5,3.33333333333333
1653925094101_6soll,1,1,3,1,1,1,1,1,1,1,5.66666666666667
1653925111474_2xufp,4,4,2,3,2,3,5,2,4,5,4
1653925124617_witbc,2,2,2,2,2,2,4,2,5,4,5
1653925147334_aed74,5,5,5,5,5,5,3,1,3,3,2
1653925161396_zdn8x,3,1,3,2,2,1,3,3,3,2,5
1653925179121_p5q9v,5,4,4,4,4,5,5,2,6,5,2.66666666666667
1653925189041_8ge9v,5,4,6,6,4,5,4,2,6,5,2
1653925211488_77akk,4,3,2,2,2,3,3,3,3,2,4.33333333333333
1653925214790_zki82,1,1,1,1,1,1,2,1,2,1,6
1653925218886_iyk6z,4,4,4,3,3,2,1,1,1,1,3.66666666666667
1653925236022_6f69l,3,1,1,4,1,1,2,1,3,2,5.16666666666667
1653925241681_q3tc4,5,4,4,4,2,3,2,1,3,2,3.33333333333333
1653925280464_r9ape,3,2,3,4,3,4,3,2,4,3,3.83333333333333
1653925315978_tmih1,2,2,5,2,1,2,2,1,2,2,4.66666666666667
1653925322816_ipnhf,5,4,5,4,5,3,4,2,5,4,2.66666666666667
1653925342299_ihmw0,2,1,2,3,2,1,2,3,3,4,5.16666666666667
1653925342425_9php8,2,3,2,2,2,2,3,4,4,3,4.83333333333333
1653925343517_i8v1s,4,4,4,2,2,2,4,2,5,4,4
1653925371371_18dw6,3,3,2,4,2,3,3,1,3,1,4.16666666666667
1653925399190_r19yb,3,4,3,3,4,2,4,1,3,2,3.83333333333333
1653925428477_544zz,4,5,3,4,3,3,2,1,2,2,3.33333333333333
1653925429001_w8y9q,6,4,4,4,4,1,3,4,4,3,3.16666666666667
1653925491346_x15y3,3,3,3,3,3,2,1,3,3,1,4.16666666666667
1653925532467_pjdwx,3,4,6,2,3,2,2,1,2,2,3.66666666666667
1653925560224_iwe7s,2,1,2,3,1,1,2,1,3,2,5.33333333333333
1653925599542_nl3qn,3,4,3,3,2,4,3,1,3,4,3.83333333333333
1653925605725_7ah8e,3,2,2,2,1,1,2,1,2,3,5.16666666666667
1653925630366_bh8an,5,5,5,5,5,5,4,3,4,5,2
1653925633401_76gzp,4,5,3,4,4,4,4,2,3,4,3
1653925674945_xfmc8,2,2,2,2,2,2,3,4,4,3,5
1653925703500_vqzik,1,1,2,1,1,1,2,1,2,1,5.83333333333333
1653925790252_gpjqr,3,4,4,2,2,2,2,2,4,3,4.16666666666667
1653925800972_n3043,2,1,1,3,1,1,1,1,1,1,5.5
1653925849607_gvu2j,5,5,6,5,4,5,4,3,4,4,2
1653925852714_59qmr,4,4,4,4,4,4,4,2,5,4,3
1653925858928_oi6hn,5,6,5,6,4,2,1,1,1,1,2.33333333333333
1653925888098_q34y8,4,4,4,4,1,1,1,4,3,1,4
1653925941152_rbs6f,4,3,4,3,3,3,1,1,1,1,3.66666666666667
1653925953532_ob6b0,3,3,2,3,2,2,4,3,4,3,4.5
1653926061282_q2f67,3,2,2,3,2,2,1,1,1,1,4.66666666666667
1653926084438_qq5yl,5,4,5,4,4,4,5,3,4,4,2.66666666666667
1653926100503_osg89,2,2,2,1,1,2,1,1,1,1,5.33333333333333
1653926108253_rno1r,6,5,3,5,4,2,2,1,2,2,2.83333333333333
1653926128167_ty6s3,4,4,3,2,2,2,3,2,5,5,4.16666666666667
1653926167059_98qtz,3,3,3,3,2,2,5,2,6,5,4.33333333333333
1653926182500_oxyj2,4,6,5,3,4,4,2,1,2,1,2.66666666666667
1653926226665_jpnwy,1,1,2,1,1,1,3,1,2,2,5.83333333333333
1653926238394_jxol2,2,2,2,2,2,2,3,1,1,1,5
1653926304999_h0e6m,3,3,2,1,1,1,2,1,1,2,5.16666666666667
1653926338551_pcnjn,4,6,5,4,6,3,2,1,1,2,2.33333333333333
1653926384277_85n4o,4,4,3,4,2,2,3,3,4,3,3.83333333333333
1653926476419_vnegy,1,1,1,1,1,1,2,1,3,1,6
1653926480165_f6vxz,4,4,3,4,4,3,2,3,3,2,3.33333333333333
1653926528523_5i1mo,3,3,5,2,2,5,4,3,4,3,3.66666666666667
1653926536818_5t8zm,3,2,2,2,2,3,2,3,3,2,4.66666666666667
1653926546675_ds2sm,5,5,3,6,4,3,3,3,4,3,2.66666666666667
1653926548951_khlh0,5,5,5,5,6,5,3,1,2,3,1.83333333333333
1653926551541_y3att,4,4,3,4,3,3,4,1,3,2,3.5
1653926602837_loh2y,1,1,1,1,1,1,3,3,3,2,6
1653926605945_a4lv8,3,2,3,2,2,1,4,3,3,2,4.83333333333333
1653926638993_7k3t3,2,2,2,3,3,2,1,1,1,1,4.66666666666667
1653926720637_fogct,5,5,3,4,4,3,2,1,3,2,3
1653926749474_w8dnl,6,6,6,6,6,2,3,3,3,3,1.66666666666667
1653926852793_nb7cf,3,2,3,3,3,2,1,1,1,1,4.33333333333333
1653926866774_mzm1q,2,2,2,1,1,1,1,1,1,1,5.5
1653926872010_dwcyu,3,3,3,3,2,2,4,1,3,3,4.33333333333333
1653926951758_kejaq,1,1,2,1,1,1,2,3,3,2,5.83333333333333
1653927021308_ra0x9,4,3,3,1,3,2,5,2,5,2,4.33333333333333
1653927028385_aycs9,4,2,2,2,2,2,1,1,2,1,4.66666666666667
1653927030023_kdc27,2,2,2,2,1,1,5,2,4,1,5.33333333333333
1653927046569_spyg5,1,1,1,1,1,1,3,1,3,3,6
1653927049241_bxawa,3,3,3,2,2,3,1,1,2,1,4.33333333333333
1653927055995_b7wo1,1,1,1,1,1,1,1,1,1,1,6
1653927065230_p1mqb,2,3,2,1,1,2,4,2,4,4,5.16666666666667
1653927085647_60oh6,6,4,6,3,5,2,3,3,3,2,2.66666666666667
1653927122716_4lycl,6,6,4,6,4,4,5,3,4,5,2
1653927148713_qb3ma,5,4,6,5,3,2,2,2,4,2,2.83333333333333
1653927187199_x1swp,5,2,2,3,5,4,3,3,3,3,3.5
1653927189704_gxhan,2,2,2,1,2,1,1,3,1,1,5.33333333333333
1653927197463_1ry96,4,3,4,3,4,5,4,2,5,4,3.16666666666667
1653927353049_p7dm6,3,3,3,3,3,3,2,1,3,3,4
1653927394408_3wwgg,3,4,4,2,1,2,5,2,6,5,4.33333333333333
1653927399506_qfv3f,3,3,2,3,2,2,1,1,1,1,4.5
1653927407293_0u1ge,3,1,2,2,1,1,2,1,3,2,5.33333333333333
1653927430917_b9so2,3,4,3,2,2,2,4,3,4,4,4.33333333333333
1653927434347_euvji,4,3,2,3,2,2,2,1,1,1,4.33333333333333
1653927462032_hcw31,3,4,5,4,3,2,4,2,5,4,3.5
1653927507957_wn3ia,4,2,3,2,2,2,1,1,3,1,4.5
1653927537073_clrxs,2,2,2,2,2,2,3,3,3,3,5
1653927544833_5le8r,3,3,3,3,4,4,2,1,2,2,3.66666666666667
1653927575643_mya0n,2,2,6,4,2,3,1,1,2,1,3.83333333333333
1653927594671_zf1to,4,5,4,5,4,5,4,3,4,3,2.5
1653927594728_gtnnd,4,2,2,3,2,1,4,3,4,2,4.66666666666667
1653927669349_pz6tg,3,1,1,2,1,1,3,1,2,2,5.5
1653927691919_06hfi,6,5,4,6,3,4,4,3,4,4,2.33333333333333
1653927729149_wjizt,5,5,4,5,4,3,2,3,3,2,2.66666666666667
1653927749992_fluk2,1,2,1,1,1,1,1,1,1,1,5.83333333333333
1653927758234_fyp08,3,4,3,3,3,2,1,1,1,1,4
1653927828664_b0ar1,6,6,5,5,5,4,3,3,3,3,1.83333333333333
1653927842039_dsvj1,3,3,3,3,3,2,1,1,1,1,4.16666666666667
1653927849822_uafha,4,4,4,4,4,4,3,2,5,3,3
1653928043279_hba8d,5,5,5,5,5,5,5,2,6,5,2
1653928113206_4rv5w,1,1,1,1,1,1,3,1,1,1,6
1653928267266_9cx6u,3,2,2,3,2,2,1,1,3,1,4.66666666666667
1653928441586_hdiub,3,1,3,2,2,1,5,2,4,5,5
1653928471816_h0sra,3,2,2,1,1,2,1,1,1,1,5.16666666666667
1653928497376_yquro,6,5,3,6,3,2,3,1,3,3,2.83333333333333
1653928509592_olot1,1,1,1,1,1,1,2,1,1,2,6
1653928514516_dnis9,4,3,2,2,2,1,1,1,3,3,4.66666666666667
1653928526161_hjuqd,2,2,2,2,2,2,4,4,4,4,5
1653928537832_2rt7u,1,1,1,2,1,1,2,1,2,1,5.83333333333333
1653928638214_cpw79,1,1,1,1,1,1,2,1,3,2,6
1653928659203_wmjgu,1,2,1,1,1,2,2,4,1,1,5.66666666666667
1653928712349_m17h1,6,6,2,1,1,5,2,1,3,3,3.5
1653928962333_65txm,1,1,6,1,1,5,3,4,3,3,4.5
1653929036351_ge1kj,4,5,4,5,4,4,2,1,2,2,2.66666666666667
1653929075126_l7is7,5,5,5,6,6,6,5,2,6,5,1.5
1653929127876_igk0k,4,2,2,2,1,2,3,1,3,3,4.83333333333333
1653929167285_gc24i,2,2,2,2,2,2,2,3,1,1,5
1653929203782_527fe,3,3,2,3,3,3,2,1,3,2,4.16666666666667
1653929221684_11gju,4,4,3,3,3,3,2,3,4,4,3.66666666666667
1653929366307_fpr1i,3,3,3,1,1,1,2,1,1,1,5
1653929374628_jbu0w,4,5,3,4,4,4,3,1,1,3,3
1653929419688_rjkld,3,3,3,2,2,2,3,3,3,2,4.5
1653929429107_6qhh0,2,3,2,2,1,1,3,1,3,2,5.16666666666667
1653929543480_htwkc,3,3,4,3,2,2,4,2,5,3,4.16666666666667
1653929702083_vorco,5,3,4,5,4,4,5,2,6,5,2.83333333333333
1653929705376_yhzap,3,4,3,3,3,4,4,3,4,3,3.66666666666667
1653929731132_nhagl,5,5,4,3,4,3,4,2,4,4,3
1653929790526_2lia6,2,1,2,1,2,2,2,1,3,2,5.33333333333333
1653929821963_j20yw,4,4,4,4,4,4,4,2,4,4,3
1653929836452_svxt4,2,2,1,1,1,1,1,3,3,1,5.66666666666667
1653929879165_m7ive,1,1,1,1,1,1,3,3,3,3,6
1653929885358_k78pz,2,2,3,2,2,1,5,4,4,2,5
1653929984355_s0pyy,2,2,2,2,2,2,2,3,2,1,5
1653929999258_9qvid,3,3,5,5,5,5,3,3,2,3,2.66666666666667
1653930006404_4qgwu,5,5,4,4,3,3,4,2,5,4,3
1653930040711_c8uo2,1,2,2,1,1,1,2,1,2,1,5.66666666666667
1653930181217_5n04p,2,2,1,2,2,1,3,1,2,3,5.33333333333333
1653930215292_fuecq,1,1,1,1,1,1,1,1,1,1,6
1653930246588_ppo2c,4,4,3,3,3,3,2,3,3,2,3.66666666666667
1653930272669_rtrwr,3,4,3,3,2,3,3,1,2,3,4
1653930385899_odoz6,2,2,3,2,2,2,4,3,3,3,4.83333333333333
1653930502595_klg59,2,2,2,1,1,2,1,3,3,2,5.33333333333333
1653930541288_zbfi9,2,2,2,2,2,2,2,1,2,2,5
1653930549352_0pb2d,3,2,3,2,1,6,5,2,6,5,4.16666666666667
1653930578975_lypj2,1,1,1,1,1,1,1,1,3,1,6
1653930586747_ky1z4,4,4,3,4,3,3,3,3,4,3,3.5
1653930599219_3ljei,4,4,4,4,4,4,3,4,3,3,3
1653930745143_60j66,1,2,2,1,1,1,1,1,1,1,5.66666666666667
1653930778987_6dbot,2,2,1,3,6,1,1,1,1,1,4.5
1653930779988_c79m6,3,3,3,3,3,2,3,1,2,1,4.16666666666667
1653930841019_f1t4e,2,2,2,2,2,1,3,1,3,3,5.16666666666667
1653930919264_zqs7i,5,5,4,4,3,1,3,3,3,3,3.33333333333333
1653930963203_913xu,4,3,4,3,3,3,2,1,3,2,3.66666666666667
1653930978798_sog4u,1,1,1,1,1,1,2,1,2,1,6
1653931011689_7t2zh,4,3,5,4,5,6,5,2,6,5,2.5
1653931105264_n6mtf,4,4,5,3,3,3,4,3,4,4,3.33333333333333
1653931119605_5o5kb,3,3,2,3,3,2,5,2,6,5,4.33333333333333
1653931270924_j2g4b,5,4,2,4,3,2,4,2,5,4,3.66666666666667
1653931320626_wiwzt,4,3,3,4,2,3,1,1,1,1,3.83333333333333
1653931341759_j9jrq,2,2,3,2,2,2,1,1,1,1,4.83333333333333
1653931408382_m4fns,4,3,3,3,2,2,4,2,4,4,4.16666666666667
1653931529199_1eayv,4,4,3,3,3,2,2,1,1,2,3.83333333333333
1653931531955_oopx6,5,5,3,4,3,1,4,3,4,3,3.5
1653931557301_nmasl,5,5,2,2,2,2,5,2,6,5,4
1653931584282_kj9zz,4,4,3,4,2,1,2,3,3,2,4
1653931601364_jjii3,3,3,3,3,2,3,2,3,3,2,4.16666666666667
1653931662736_k3jij,4,4,2,4,4,4,2,1,2,2,3.33333333333333
1653931800228_tlcu6,4,5,3,3,3,3,3,1,3,3,3.5
1653931879747_woppx,5,4,4,5,4,3,2,1,2,2,2.83333333333333
1653931888994_mvecp,5,4,4,4,2,2,1,1,1,1,3.5
1653931893468_pw430,2,3,2,2,2,1,3,1,2,2,5
1653931929130_damzj,3,2,6,3,2,2,2,3,3,2,4
1653931963722_0wp3k,1,1,1,1,1,1,2,1,1,1,6
1653931981951_n60xo,3,4,1,1,1,1,4,1,3,2,5.16666666666667
1653932123393_r2our,4,4,3,4,4,2,2,3,3,2,3.5
1653932181164_r4jzz,6,5,5,5,4,3,2,2,3,4,2.33333333333333
1653932224977_zlqii,3,3,5,3,2,2,1,1,1,1,4
1653932319293_iaeg5,5,1,4,3,1,3,3,1,1,3,4.16666666666667
1653932451780_6dnzx,5,3,5,1,1,1,1,1,1,1,4.33333333333333
1653932467955_1e8b5,3,3,3,3,2,2,5,2,6,5,4.33333333333333
1653932568433_m3rdr,4,3,4,4,5,4,1,1,1,1,3
1653932635216_djr1o,5,2,3,5,2,1,3,3,3,3,4
1653932694153_fu46s,3,4,2,3,2,2,4,2,4,4,4.33333333333333
1653932719800_1xnk3,5,2,2,5,4,3,3,1,2,2,3.5
1653932740631_nm00u,1,1,2,1,1,1,1,1,1,1,5.83333333333333
1653932767341_58m6g,3,5,4,4,5,4,3,2,4,3,2.83333333333333
1653932777004_rkh0z,5,6,2,2,3,2,1,3,3,1,3.66666666666667
1653932797420_p2a2w,2,2,2,1,2,1,3,3,3,1,5.33333333333333
1653932897142_3lb9m,6,5,5,4,5,4,3,1,1,1,2.16666666666667
1653932957122_9rt4p,3,2,3,3,3,3,3,3,3,3,4.16666666666667
1653932962666_n78b0,2,2,2,3,2,2,2,1,2,2,4.83333333333333
1653933118911_4z917,2,2,3,2,2,2,2,3,3,4,4.83333333333333
1653933119533_aomyw,3,2,2,4,2,1,2,3,3,1,4.66666666666667
1653933161492_kbsa3,3,3,3,3,2,2,3,3,3,3,4.33333333333333
1653933218028_hosui,2,3,2,2,2,2,4,3,4,4,4.83333333333333
1653933260510_nhwqf,5,5,5,5,3,3,2,1,1,2,2.66666666666667
1653933273941_bm7qp,4,4,4,4,4,4,3,3,3,3,3
1653933357820_j5a79,2,2,4,2,2,1,5,4,4,5,4.83333333333333
1653933525916_pu4gd,4,2,3,2,1,1,3,3,4,5,4.83333333333333
1653933615025_2y5o5,3,3,3,2,2,2,1,1,1,1,4.5
1653933679749_79a48,4,1,2,3,1,1,3,4,3,3,5
1653933821776_cy56c,2,1,3,2,1,1,1,3,3,1,5.33333333333333
1653933832009_r1xho,6,6,4,5,4,1,2,1,3,2,2.66666666666667
1653934129064_txmqc,4,3,2,1,5,5,2,1,2,2,3.66666666666667
1653934157036_g5n3u,1,1,1,1,1,1,2,3,3,2,6
1653934385394_fscse,4,4,3,3,3,2,4,2,4,4,3.83333333333333
1653935116665_6giaj,2,3,2,2,2,2,1,1,3,3,4.83333333333333
1653936383001_yv8r3,2,1,2,1,1,1,2,2,5,5,5.66666666666667
1653936447865_4v4fp,1,1,1,1,1,1,4,1,3,1,6
1653937082887_a86d9,4,4,4,4,4,4,4,3,4,5,3
1653941802273_lppbe,5,2,4,2,2,2,1,3,1,1,4.16666666666667
1653944021849_vmdr4,4,3,3,4,3,2,4,2,4,4,3.83333333333333
1654004989262_9lo11,4,2,5,4,2,2,1,1,3,2,3.83333333333333
1654019189402_ebjvk,1,1,1,1,1,1,4,1,2,2,6
1654019202590_r5ba9,1,1,1,1,1,1,1,1,1,1,6
1654019217166_q1hwi,2,2,1,2,2,1,2,1,2,2,5.33333333333333
1654019218381_ub6k5,5,5,2,4,4,2,5,2,6,5,3.33333333333333
1654019250309_iu6h5,6,6,6,6,6,6,5,3,6,5,1
1654019259896_qsuse,4,4,2,1,3,2,1,1,1,1,4.33333333333333
1654019273659_n0vr2,4,3,3,4,3,2,4,3,4,2,3.83333333333333
1654019281636_7rup9,4,4,4,4,4,4,5,2,6,5,3
1654019282914_f9vq6,1,3,1,1,1,1,5,2,6,4,5.66666666666667
1654019288142_anzvf,3,3,4,2,1,1,4,3,5,5,4.66666666666667
1654019289068_50cl5,5,3,2,5,3,2,2,1,2,2,3.66666666666667
1654019289624_grpmt,2,2,2,1,2,1,3,1,2,2,5.33333333333333
1654019292180_3kqm7,3,3,1,2,1,1,5,2,5,5,5.16666666666667
1654019296831_1dmpr,4,5,2,3,2,1,5,3,4,2,4.16666666666667
1654019298078_z6qgm,1,1,1,1,1,1,1,1,1,1,6
1654019298079_i01oq,3,4,3,3,2,2,1,1,1,1,4.16666666666667
1654019299368_xcvml,3,2,2,5,2,2,2,1,2,2,4.33333333333333
1654019300874_7zk5z,3,2,3,3,3,2,4,3,4,4,4.33333333333333
1654019316460_nrh0j,3,3,3,3,3,2,4,1,2,3,4.16666666666667
1654019319119_dmvf0,4,4,4,4,4,3,2,1,2,1,3.16666666666667
1654019325598_au7nm,4,4,4,4,4,4,2,1,3,2,3
1654019331723_gogzw,2,3,2,2,2,2,4,3,3,1,4.83333333333333
1654019351291_6zz0m,2,2,2,2,2,2,1,3,1,1,5
1654019352014_rpvql,5,4,4,5,4,5,2,2,4,2,2.5
1654019352269_sarc0,4,2,2,4,1,1,1,1,1,1,4.66666666666667
1654019355279_2zcgt,2,2,1,2,2,1,2,3,3,2,5.33333333333333
1654019367368_5e07k,2,2,2,2,2,2,1,1,1,1,5
1654019373374_qpt5i,2,2,2,2,2,2,4,2,5,4,5
1654019375187_0m9ag,4,4,5,4,4,4,2,1,3,2,2.83333333333333
1654019375916_3ju7l,4,4,4,4,4,4,3,3,3,3,3
1654019400961_8ilq8,5,2,4,4,2,2,1,1,1,2,3.83333333333333
1654019415284_ujt08,4,4,4,3,3,2,5,3,5,4,3.66666666666667
1654019421410_vhx22,6,5,6,6,5,3,3,1,1,4,1.83333333333333
1654019441014_3kqnx,4,5,4,3,4,4,4,2,5,4,3
1654019453242_e1d3p,1,1,1,1,1,1,3,3,3,2,6
1654019465475_qjalu,3,3,3,3,3,2,3,1,2,2,4.16666666666667
1654019487924_alf5g,4,4,4,3,3,3,4,3,4,4,3.5
1654019491538_rdveq,2,2,2,2,1,1,3,1,3,2,5.33333333333333
1654019504352_l2sfx,4,3,1,4,2,1,5,4,4,1,4.5
1654019530284_o0mvp,2,2,2,1,2,2,1,3,2,1,5.16666666666667
1654019551208_ykjpr,3,3,3,3,3,1,3,3,3,3,4.33333333333333
1654019579922_uuvpx,3,3,4,1,2,2,2,3,3,1,4.5
1654019581752_rmx1h,1,1,2,1,1,1,1,1,1,1,5.83333333333333
1654019584574_8hkv0,1,1,1,1,1,1,1,1,1,1,6
1654019612970_1by3d,4,5,5,3,5,5,3,1,2,3,2.5
1654019635341_t2hn8,3,3,3,2,2,2,3,1,1,2,4.5
1654019669778_22qox,3,3,2,3,3,2,5,2,6,5,4.33333333333333
1654019686449_ngq7l,3,5,4,2,3,3,5,2,5,5,3.66666666666667
1654019694612_lsfuq,3,3,2,2,1,1,3,3,3,2,5
1654019716752_iwuvv,4,5,2,2,2,3,5,3,5,4,4
1654019717850_thddg,4,2,3,3,3,3,1,3,3,2,4
1654019729748_65pv3,5,3,5,5,5,4,2,1,3,4,2.5
1654019773848_rdrd1,3,3,4,4,4,3,4,2,5,4,3.5
1654019774019_7dkw5,5,2,1,5,1,1,5,3,3,1,4.5
1654019803035_xbvbh,5,3,3,4,3,2,2,3,4,4,3.66666666666667
1654019812399_xlq63,1,1,2,1,1,1,2,1,2,2,5.83333333333333
1654019812886_sswp2,2,2,2,1,1,1,1,4,1,1,5.5
1654019828520_8d3zy,4,4,2,3,3,2,4,3,3,2,4
1654019862281_tsmru,1,1,1,1,1,1,1,1,1,1,6
1654019868389_r5n1c,4,4,4,4,3,3,4,2,4,4,3.33333333333333
1654019870272_42y66,2,2,3,2,1,1,5,2,5,3,5.16666666666667
1654019969798_w7q5z,4,4,3,3,3,1,3,3,4,3,4
1654020039363_jqavp,5,5,5,5,4,3,4,3,4,4,2.5
1654020039572_f0tqz,2,2,2,1,1,2,4,4,3,3,5.33333333333333
1654020058936_t3dhj,5,5,3,5,5,5,3,3,4,3,2.33333333333333
1654020169650_fycsv,3,5,3,2,2,3,4,2,5,5,4
1654020172413_f7phr,3,2,2,2,1,1,3,3,3,1,5.16666666666667
1654020250120_t3kds,3,3,4,3,2,3,4,2,4,3,4
1654020358389_m5r1v,4,3,2,2,2,3,3,1,2,1,4.33333333333333
1654020358461_zsrea,2,2,1,1,1,1,2,3,3,1,5.66666666666667
1654020363340_lpq7v,3,3,2,3,3,2,1,3,3,1,4.33333333333333
1654020521700_h0jq2,3,3,2,2,2,2,2,1,2,2,4.66666666666667
1654020576848_27fjv,1,2,2,1,1,2,4,1,3,1,5.5
1654020640440_lf9j2,1,1,1,1,1,1,2,1,3,2,6
1654020641218_eobp0,2,2,2,2,2,2,2,3,4,4,5
1654020658951_fmwwd,3,2,2,3,2,2,1,1,1,1,4.66666666666667
1654020677505_qyxys,4,3,4,3,4,5,4,2,5,4,3.16666666666667
1654020680014_aewwc,4,4,4,4,4,3,4,2,5,4,3.16666666666667
1654020711954_beeks,4,4,4,4,3,3,3,3,3,3,3.33333333333333
1654020745328_lgs5n,2,2,3,1,1,1,4,2,5,4,5.33333333333333
1654020751178_9c1eb,4,3,3,3,4,4,3,3,4,3,3.5
1654020810731_p5z76,4,4,3,3,2,2,5,2,5,4,4
1654020844452_lk0ts,5,5,5,5,3,2,4,1,3,2,2.83333333333333
1654020851431_kzls3,4,3,4,3,4,5,3,1,3,3,3.16666666666667
1654020861153_zgikn,4,4,3,3,2,2,3,3,3,2,4
1654020950243_ce3x4,4,4,3,4,3,4,2,4,3,2,3.33333333333333
1654020989556_hi5ta,4,4,2,3,2,2,5,4,4,3,4.16666666666667
1654020991209_rsoia,3,3,3,2,2,4,3,2,4,4,4.16666666666667
1654021000600_z29jm,5,5,5,4,5,5,3,3,4,3,2.16666666666667
1654021002526_7wpph,3,4,4,2,2,2,2,1,1,2,4.16666666666667
1654021014182_1elf3,1,1,2,1,1,1,2,1,1,2,5.83333333333333
1654021093455_nsf7e,3,2,2,4,2,1,4,2,4,2,4.66666666666667
1654021142290_lqwzw,2,3,3,2,1,2,2,3,3,2,4.83333333333333
1654021155194_j7opu,2,1,4,1,1,1,4,3,3,2,5.33333333333333
1654021171828_pfmi8,1,1,1,1,1,1,2,1,1,1,6
1654021177103_n4s2a,3,3,3,2,2,2,1,1,1,1,4.5
1654021198375_jbzqo,5,1,2,1,1,1,2,1,3,1,5.16666666666667
1654021241597_mi7vw,3,3,4,5,4,4,4,3,4,2,3.16666666666667
1654021246273_1sw6j,3,4,3,2,3,2,1,4,2,2,4.16666666666667
1654021248173_scz4h,5,4,5,4,3,3,3,1,3,3,3
1654021262174_b6if7,4,3,3,4,3,2,3,3,3,3,3.83333333333333
1654021326453_powpj,3,3,3,3,2,2,3,1,2,2,4.33333333333333
1654021398567_r85rb,5,5,4,5,5,4,5,2,6,5,2.33333333333333
1654021425718_4nm8z,5,5,5,4,5,3,4,2,5,4,2.5
1654021428937_9wsna,2,2,2,2,2,2,2,3,2,1,5
1654021431061_gmllr,1,1,6,1,1,3,3,4,4,3,4.83333333333333
1654021448167_60led,2,2,2,2,1,2,4,1,3,3,5.16666666666667
1654021460890_gsvkn,5,3,3,4,3,3,5,2,6,5,3.5
1654021467458_zp5g5,5,4,3,3,2,3,2,3,4,4,3.66666666666667
1654021479895_0tdku,5,4,3,4,4,3,4,2,4,3,3.16666666666667
1654021523034_e6omz,5,6,2,3,1,1,2,3,4,5,4
1654021574008_iw6fn,3,3,2,1,2,2,3,3,3,3,4.83333333333333
1654021609926_xtofe,3,4,3,3,3,2,1,1,3,1,4
1654021621218_889tr,5,3,4,4,3,3,4,3,3,2,3.33333333333333
1654021675907_m8pc5,4,4,2,3,3,2,5,2,5,5,4
1654021678800_lc699,4,4,2,1,1,1,2,3,3,2,4.83333333333333
1654021713627_h7qmk,5,5,4,4,2,3,3,1,3,2,3.16666666666667
1654021739024_1o3nx,3,2,3,2,3,4,5,2,5,4,4.16666666666667
1654021754228_mo3s1,3,2,2,1,1,1,1,3,1,1,5.33333333333333
1654021790240_tv2sy,2,2,2,2,2,1,4,3,3,2,5.16666666666667
1654021810235_os422,1,1,4,1,1,1,3,3,3,1,5.5
1654021819060_vkyo4,3,2,2,3,2,2,3,2,4,4,4.66666666666667
1654021857170_975iz,2,1,2,2,1,1,2,1,1,1,5.5
1654021857807_9aut8,5,4,3,5,3,2,5,3,4,4,3.33333333333333
1654021859493_aa5jr,3,3,1,2,1,2,3,3,3,2,5
1654021876408_43ck8,5,5,4,5,4,2,1,3,3,1,2.83333333333333
1654021888615_qo24n,3,2,2,3,1,2,2,3,3,4,4.83333333333333
1654021899462_m9lm2,5,5,2,2,2,2,1,1,1,1,4
1654021945798_poq24,2,2,3,3,2,1,4,3,4,2,4.83333333333333
1654022000922_2mshr,1,1,1,1,1,1,1,1,1,1,6
1654022008651_dq4c0,1,1,1,1,1,1,3,3,3,3,6
1654022023624_z7tff,4,4,3,4,4,3,5,2,5,5,3.33333333333333
1654022098038_zl3rr,4,4,4,4,3,2,1,1,1,1,3.5
1654022149733_loqvt,4,2,2,4,2,1,4,4,3,2,4.5
1654022211572_rt4xq,2,2,2,1,2,2,4,1,2,3,5.16666666666667
1654022228250_d999z,3,1,2,4,2,1,2,1,2,2,4.83333333333333
1654022258257_y4u2t,3,2,2,2,1,1,2,1,1,1,5.16666666666667
1654022269056_0ocsy,2,5,5,5,5,5,3,3,4,3,2.5
1654022281366_xwys6,6,4,6,6,6,6,3,1,3,3,1.33333333333333
1654022366618_whcji,4,4,4,3,4,3,3,1,3,3,3.33333333333333
1654022430819_kiye6,4,2,2,2,2,2,4,3,4,3,4.66666666666667
1654022465330_px359,2,2,3,2,2,2,1,1,1,1,4.83333333333333
1654022481722_tivlo,5,4,3,5,3,2,5,2,5,5,3.33333333333333
1654022505008_68f6c,3,2,3,2,2,2,3,1,3,3,4.66666666666667
1654022545296_20zru,4,4,4,4,3,3,4,2,4,3,3.33333333333333
1654022563388_ohfzi,4,3,3,3,3,3,4,3,4,2,3.83333333333333
1654022563765_qn00t,4,4,5,5,3,3,4,2,5,4,3
1654022597487_ae9jy,3,3,3,5,3,3,3,4,3,3,3.66666666666667
1654022700290_8fok0,4,4,3,3,3,3,2,1,3,2,3.66666666666667
1654022803889_nrz11,3,3,3,3,3,2,4,2,4,4,4.16666666666667
1654022810330_g49rb,1,1,1,1,1,1,1,1,1,1,6
1654022840452_dbo9m,1,1,2,1,1,1,3,4,1,2,5.83333333333333
1654022861941_70ksw,2,2,2,2,2,2,3,3,4,3,5
1654022902371_gitzs,1,1,1,1,1,1,5,2,5,5,6
1654022912885_jpjxo,4,4,4,4,3,3,4,3,4,2,3.33333333333333
1654022939454_9n0sh,3,3,3,2,2,1,2,1,2,1,4.66666666666667
1654022994129_5ghds,3,3,2,3,2,1,2,3,3,2,4.66666666666667
1654023051947_8kcbx,4,3,3,3,4,2,3,1,3,2,3.83333333333333
1654023083854_czjfh,4,4,3,4,3,3,2,3,3,2,3.5
1654023099587_667j3,4,3,4,3,3,2,2,1,2,2,3.83333333333333
1654023149926_qudl6,2,2,2,3,3,3,2,1,2,1,4.5
1654023152682_wim1m,4,4,3,3,3,3,4,2,5,4,3.66666666666667
1654023169714_knti9,2,2,2,2,1,1,1,1,1,1,5.33333333333333
1654023215937_pfrqx,3,3,2,1,2,1,3,3,3,2,5
1654023220201_v2g5e,2,2,2,2,2,2,1,1,1,1,5
1654023225179_u1a5d,5,4,4,5,4,4,4,1,1,4,2.66666666666667
1654023257547_96jfg,3,2,3,1,2,2,4,2,4,4,4.83333333333333
1654023342646_ltc8i,3,3,2,3,2,2,3,2,5,4,4.5
1654023349857_vqdre,2,1,1,2,2,1,1,3,3,1,5.5
1654023357170_no6pw,3,4,3,4,3,2,4,1,3,2,3.83333333333333
1654023382175_uf3ez,4,3,3,4,4,3,3,3,4,3,3.5
1654023395028_vdjn3,3,2,2,2,2,2,1,1,1,1,4.83333333333333
1654023427143_sntuf,3,4,3,4,3,2,1,1,1,1,3.83333333333333
1654023433442_8nrj3,4,4,2,4,5,3,5,3,4,3,3.33333333333333
1654023439279_y0frz,1,1,1,1,1,1,4,3,3,2,6
1654023448506_0ueon,4,4,5,5,4,6,3,3,2,3,2.33333333333333
1654023524754_rle6x,3,3,2,1,1,1,1,1,1,1,5.16666666666667
1654023599459_hwgdc,4,5,4,4,4,4,5,2,5,4,2.83333333333333
1654023669872_l4hn6,2,1,1,2,2,1,1,1,2,1,5.5
1654023709395_p0bs2,5,4,5,6,5,6,4,2,6,5,1.83333333333333
1654023718431_8fjap,4,4,3,4,3,2,5,3,4,4,3.66666666666667
1654023807842_ifr52,1,1,1,1,1,1,5,4,3,2,6
1654023826747_wp6ni,2,2,2,2,2,2,4,2,5,4,5
1654023833728_puic3,6,5,2,6,5,3,2,1,2,2,2.5
1654023852537_mhezo,5,5,2,2,2,4,4,2,4,4,3.66666666666667
1654023897817_z5nl8,2,3,2,1,1,1,4,3,3,1,5.33333333333333
1654023949137_ljbm5,3,3,3,2,2,2,1,1,2,2,4.5
1654023952610_g2foi,2,2,2,3,3,1,3,3,3,3,4.83333333333333
1654024025592_odyge,6,4,4,5,3,2,4,3,3,3,3
1654024045221_qsvav,1,1,3,1,1,1,1,1,1,1,5.66666666666667
1654024100983_3szg3,4,3,3,3,3,2,3,1,2,2,4
1654024118549_tu2c7,4,4,4,4,4,4,1,1,2,1,3
1654024139239_0r8rj,5,3,5,5,4,2,4,3,4,2,3
1654024148440_mbcki,4,4,4,4,4,3,4,2,5,5,3.16666666666667
1654024180269_lyffz,5,4,5,3,4,4,3,3,3,2,2.83333333333333
1654024192674_ghgk3,1,1,1,1,1,1,1,1,2,1,6
1654024267050_8s2o1,5,4,5,6,6,6,4,1,1,4,1.66666666666667
1654024289550_c6d67,5,5,5,4,5,2,3,4,4,3,2.66666666666667
1654024522177_62nol,4,3,5,2,2,1,5,2,6,5,4.16666666666667
1654024541299_zotza,5,5,4,4,4,2,5,2,5,4,3
1654024541540_eiwj1,3,2,2,4,4,3,2,1,1,2,4
1654024591863_9wl81,4,3,3,4,4,4,5,2,5,3,3.33333333333333
1654024712836_kcrx7,2,2,2,2,2,2,3,3,3,3,5
1654024720147_vmvpk,4,2,2,3,2,1,4,2,4,4,4.66666666666667
1654024760389_vfre3,4,4,4,3,2,2,4,2,6,5,3.83333333333333
1654024787088_p76vn,2,2,1,3,2,1,2,1,2,1,5.16666666666667
1654024920365_0ycke,4,4,6,4,2,1,3,3,4,3,3.5
1654024925894_qzk3u,6,5,5,5,3,3,4,2,5,4,2.5
1654024989841_sq9f7,4,3,3,3,2,2,2,1,2,2,4.16666666666667
1654024998396_kcobj,5,5,5,4,2,3,4,2,5,5,3
1654025015397_d8w1z,4,3,3,4,4,2,4,2,5,5,3.66666666666667
1654025063293_7tkzx,4,3,4,4,3,3,4,3,3,2,3.5
1654025070743_rea29,4,5,3,4,1,1,1,1,3,4,4
1654025079991_turle,1,1,2,1,1,1,1,4,1,1,5.83333333333333
1654025091411_ez441,4,3,1,3,2,2,2,1,1,1,4.5
1654025118210_nll83,5,4,4,4,3,2,3,4,3,2,3.33333333333333
1654025119995_70h4t,1,1,1,1,1,1,3,3,3,2,6
1654025151282_irfwb,4,4,2,4,3,3,3,3,3,3,3.66666666666667
1654025201487_iceuz,1,1,1,1,1,1,5,3,3,2,6
1654025203095_mfp9b,3,2,2,1,4,4,2,3,3,2,4.33333333333333
1654025222813_hh8p5,4,2,3,4,1,1,4,3,4,2,4.5
1654025226488_5gnbh,4,1,1,1,1,1,2,1,1,2,5.5
1654025253348_t1qc6,4,4,3,1,3,2,1,1,1,1,4.16666666666667
1654025397898_kgzty,4,4,3,4,4,3,5,2,5,4,3.33333333333333
1654025460463_pg3ag,4,3,3,4,5,4,3,3,4,3,3.16666666666667
1654025516123_6ph5n,2,2,2,2,2,2,2,1,3,1,5
1654025605234_10do8,3,2,2,2,1,2,1,1,1,1,5
1654026086046_grhhz,4,2,3,3,3,3,2,1,3,2,4
1654026124661_w256k,5,1,1,5,1,1,2,1,3,2,4.66666666666667
1654026162458_h2kno,4,3,2,3,4,3,3,2,4,2,3.83333333333333
1654026196293_3jhbl,1,1,1,2,1,1,2,3,3,1,5.83333333333333
1654026227572_z0qaj,3,3,3,3,3,3,2,1,2,1,4
1654026280616_fbjot,2,2,2,2,2,2,3,1,2,1,5
1654026358166_onwne,3,2,2,3,3,2,4,2,5,5,4.5
1654026373405_wj7oj,5,3,3,4,3,2,4,3,3,2,3.66666666666667
1654026759125_251nx,3,2,2,3,2,2,4,1,3,3,4.66666666666667
1654026779149_imnpl,4,2,2,4,3,2,4,3,3,2,4.16666666666667
1654026864770_20nkk,2,3,3,3,4,2,1,1,1,1,4.16666666666667
1654027022005_w3017,6,5,2,4,4,3,1,1,1,1,3
1654028136193_k15k4,4,4,2,4,3,4,4,3,3,2,3.5
1654028187123_m6zcw,1,1,2,1,1,1,1,3,1,1,5.83333333333333
1654028344057_jj8v8,4,4,3,3,3,2,2,1,2,1,3.83333333333333
1654028443863_2a4n5,5,4,4,5,4,3,5,2,5,4,2.83333333333333
1654028464672_fc4bx,5,5,4,5,4,2,5,2,6,5,2.83333333333333
1654028507451_e5yxs,3,3,1,2,1,1,1,1,2,1,5.16666666666667
1654029231339_jkr6n,2,2,2,2,2,2,3,1,3,3,5
1654029546660_qqkui,4,4,4,3,3,3,2,1,3,2,3.5
1654035243630_vw4gd,2,3,1,2,2,3,1,1,1,1,4.83333333333333
1654036406474_cwrny,4,3,3,3,3,2,3,3,4,4,4
